{"type":"FeatureCollection","features":[{"type":"Feature","properties":{"kode_kec":"52.71.02","kecamatan":"Mataram","kab_kota":"Kota Mataram"},"geometry":{"type":"Polygon","coordinates":[[[116.11652111500007,-8.620141090999937],[116.11121777000005,-8.621357417999945],[116.1112655610001,-8.61661448999996],[116.10713365400011,-8.619941523999955],[116.10259398200003,-8.608512016999953],[116.09432302200003,-8.606964017999928],[116.09672897100006,-8.598201028999938],[116.09503503700012,-8.597461002999978],[116.09472199900006,-8.591577036999979],[116.10082505100002,-8.594690800999956],[116.10010980800007,-8.588459114999978],[116.1075710770001,-8.588247707999926],[116.10936302700009,-8.580091957999969],[116.1235820280001,-8.57936902399996],[116.12606099700008,-8.58308096199994],[116.11921101300004,-8.581688037999982],[116.11859400000003,-8.58612799399998],[116.11277800000005,-8.594352011999945],[116.11673697300012,-8.594347003999928],[116.1165929880001,-8.598830985999939],[116.1183140170001,-8.598831042999961],[116.11889996800005,-8.603570969999964],[116.12519299500002,-8.60153097899996],[116.12623597100003,-8.606698021999932],[116.1238570270001,-8.608278017999965],[116.1223638250001,-8.619012809999958],[116.11765226400007,-8.618649020999953],[116.11666754800001,-8.620033487999933],[116.11652111500007,-8.620141090999937]]]}},{"type":"Feature","properties":{"kode_kec":"52.71.03","kecamatan":"Cakranegara","kab_kota":"Kota Mataram"},"geometry":{"type":"Polygon","coordinates":[[[116.1440200190001,-8.593808992999925],[116.14163297100004,-8.597191983999949],[116.13248397300003,-8.600186955999959],[116.13227798300011,-8.601801019999925],[116.12885799800006,-8.60179799599996],[116.12917203200004,-8.596780967999962],[116.12564396700009,-8.59658299199998],[116.12519299500002,-8.60153097899996],[116.11889996800005,-8.603570969999964],[116.1183140170001,-8.598831042999961],[116.1165929880001,-8.598830985999939],[116.11673697300012,-8.594347003999928],[116.11277800000005,-8.594352011999945],[116.11859400000003,-8.58612799399998],[116.11921101300004,-8.581688037999982],[116.1260919880001,-8.583028042999956],[116.12543802500011,-8.580860987999927],[116.1271960360001,-8.576049958999931],[116.12544203100003,-8.572098963999963],[116.12328197300008,-8.57285200299998],[116.1193250010001,-8.571105043999978],[116.12368796400006,-8.564100707999955],[116.13079137300008,-8.565242928999965],[116.13223699800005,-8.563591561999942],[116.13598139200008,-8.565600703999962],[116.13936229400008,-8.56517225899995],[116.1445255000001,-8.56958317799996],[116.14641251300009,-8.569594721999977],[116.1469199390001,-8.571619487999953],[116.14557697300006,-8.573086989999979],[116.13633501700008,-8.573390961999962],[116.13601802900007,-8.575302010999962],[116.13655700300001,-8.579241028999945],[116.13922501600007,-8.581149977999928],[116.14035900700003,-8.586933990999967],[116.14537298800008,-8.586941973999956],[116.14418297700001,-8.593683030999955],[116.1440200190001,-8.593808992999925]]]}},{"type":"Feature","properties":{"kode_kec":"52.71.01","kecamatan":"Ampenan","kab_kota":"Kota Mataram"},"geometry":{"type":"MultiPolygon","coordinates":[[[[116.08700199400005,-8.577031029999944],[116.0851700070001,-8.588715996999952],[116.07780298800003,-8.589930004999928],[116.07217058100002,-8.587056748999942],[116.0708891920001,-8.576781280999967],[116.07196901500004,-8.56242303199997],[116.0694456010001,-8.55199267599994],[116.0737872310001,-8.552905816999953],[116.07573233900007,-8.555460952999965],[116.08089279500007,-8.557750738999971],[116.0909150870001,-8.558217352999975],[116.09493693600007,-8.555980544999954],[116.09642101400004,-8.564638017999926],[116.10366702500005,-8.564069033999942],[116.10252096600004,-8.574777987999937],[116.09340002200008,-8.576892029999954],[116.08894998400001,-8.576005979999934],[116.0869859710001,-8.576995002999979],[116.08700199400005,-8.577031029999944]]],[[[116.07106300100008,-8.580059963999929],[116.07106299400004,-8.580059910999978],[116.07106302300008,-8.580059948999974],[116.07106300100008,-8.580059963999929]]]]}},{"type":"Feature","properties":{"kode_kec":"52.71.06","kecamatan":"Sandubaya","kab_kota":"Kota Mataram"},"geometry":{"type":"Polygon","coordinates":[[[116.13580859300009,-8.612507122999943],[116.13665890100003,-8.616571223999927],[116.13267146900012,-8.61571687999998],[116.13098391900007,-8.61918742499995],[116.12697380200007,-8.617493577999937],[116.1223638250001,-8.619012809999958],[116.1238570270001,-8.608278017999965],[116.1262429630001,-8.607569998999963],[116.125424984,-8.596695976999968],[116.12917203200004,-8.596780967999962],[116.12885799800006,-8.60179799599996],[116.13227798300011,-8.601801019999925],[116.13248397300003,-8.600186955999959],[116.14163297100004,-8.597191983999949],[116.14524301900008,-8.592147982999961],[116.14537298800008,-8.586941973999956],[116.14094598000008,-8.587379012999975],[116.1397540160001,-8.586172983999973],[116.13922501600007,-8.581149977999928],[116.13655700300001,-8.579241028999945],[116.13633501700008,-8.573390961999962],[116.14448597800003,-8.573279981999974],[116.14829714400003,-8.571501566999927],[116.15022503500006,-8.575055149999969],[116.14846454700012,-8.578034585999944],[116.14945209000007,-8.583293758999957],[116.1532757540001,-8.58249316599995],[116.15727554600005,-8.584606982999958],[116.16065217000005,-8.584570091999979],[116.16057854600001,-8.590295150999964],[116.16484038300007,-8.591806086999952],[116.169927142,-8.591764893999937],[116.16985992600007,-8.594506131999935],[116.16863931800003,-8.594232001999956],[116.1630658680001,-8.599106264999932],[116.15576665700007,-8.60762800599997],[116.15328110900009,-8.607862043999944],[116.15024649500003,-8.61225666699994],[116.14179916900002,-8.61404388099993],[116.13591589800001,-8.612083877999964],[116.13580859300009,-8.612507122999943]]]}},{"type":"Feature","properties":{"kode_kec":"52.71.04","kecamatan":"Sekarbela","kab_kota":"Kota Mataram"},"geometry":{"type":"Polygon","coordinates":[[[116.09546100000011,-8.60732196999993],[116.10259398200003,-8.608512016999953],[116.1070905250001,-8.621027445999971],[116.10100215500006,-8.624637727999925],[116.08647945700011,-8.626579179999965],[116.07823130400004,-8.624582502999942],[116.07776522200004,-8.622623506999957],[116.07404107200011,-8.623831387999928],[116.07217058100002,-8.587056748999942],[116.07780298800003,-8.589930004999928],[116.0851700070001,-8.588715996999952],[116.08657000300002,-8.583536969999955],[116.09112899400009,-8.588640032999933],[116.09497602900001,-8.588693030999934],[116.09431100600011,-8.594419983999956],[116.09503503700012,-8.597461002999978],[116.09672897100006,-8.598201028999938],[116.09414496400007,-8.604702016999966],[116.09432302200003,-8.606964017999928],[116.09533904700004,-8.60713706599995],[116.09546100000011,-8.60732196999993]]]}},{"type":"Feature","properties":{"kode_kec":"52.71.05","kecamatan":"Selaprang","kab_kota":"Kota Mataram"},"geometry":{"type":"Polygon","coordinates":[[[116.10065506900003,-8.593780669999944],[116.10082505100002,-8.594690800999956],[116.09472199900006,-8.591577036999979],[116.09497602900001,-8.588693030999934],[116.09112899400009,-8.588640032999933],[116.08657000300002,-8.583536969999955],[116.08700901200007,-8.57682198699996],[116.08894998400001,-8.576005979999934],[116.09340002200008,-8.576892029999954],[116.10252096600004,-8.574777987999937],[116.10366702500005,-8.564069033999942],[116.09642101400004,-8.564638017999926],[116.09519185300007,-8.555757643999925],[116.10032669800012,-8.554749538999943],[116.11164239400011,-8.555729518999954],[116.11887814600004,-8.559238105999952],[116.11978240600001,-8.561930007999933],[116.12296232300002,-8.562669837999977],[116.12321401100007,-8.565528016999963],[116.1193250010001,-8.571105043999978],[116.12328197300008,-8.57285200299998],[116.12544203100003,-8.572098963999963],[116.12706100700007,-8.578482974999929],[116.12543802500011,-8.580860987999927],[116.12261996900008,-8.579232014999945],[116.10936302700009,-8.580091957999969],[116.1075710770001,-8.588247707999926],[116.10010980800007,-8.588459114999978],[116.1006342180001,-8.593669089999935],[116.10065506900003,-8.593780669999944]]]}},{"type":"Feature","properties":{"kode_kec":"52.01.03","kecamatan":"Narmada","kab_kota":"Lombok Barat"},"geometry":{"type":"Polygon","coordinates":[[[116.1733409840001,-8.623120015999973],[116.17243600300003,-8.624479960999963],[116.16881897500002,-8.624999957999933],[116.16606500300009,-8.622954989999926],[116.16374801500001,-8.622957002999954],[116.16214668000009,-8.618456376999973],[116.15757199400002,-8.614902013999938],[116.1568900200001,-8.60992099699996],[116.15422649000004,-8.607606269999962],[116.15576665700007,-8.60762800599997],[116.1630658680001,-8.599106264999932],[116.16863931800003,-8.594232001999956],[116.16985992600007,-8.594506131999935],[116.169927142,-8.591764893999937],[116.1606910380001,-8.590376429999935],[116.16954365100003,-8.588381984999955],[116.17184891200009,-8.589731020999977],[116.17392472400002,-8.588421280999967],[116.17901069900006,-8.590409934999968],[116.18245198000011,-8.588674011999956],[116.185888911,-8.589521633999937],[116.18908459600004,-8.588114222999934],[116.19172983200008,-8.589470495999933],[116.19210505300009,-8.587691491999976],[116.20132014,-8.58416092799996],[116.19887600200002,-8.583182023999939],[116.19940398000006,-8.57990848399993],[116.20940099000006,-8.575535959999968],[116.21144601800006,-8.571792967999954],[116.22113900900001,-8.568778014999964],[116.22603499000002,-8.562262035999936],[116.2213440050001,-8.547541022999951],[116.2262449970001,-8.542995961999964],[116.22871802100008,-8.542298999999957],[116.23049403400012,-8.537339001999953],[116.23934798500011,-8.531619962999969],[116.2411140370001,-8.527394958999935],[116.24099603000002,-8.523450025999978],[116.24395996800001,-8.52082401499996],[116.24325103600006,-8.518259022999928],[116.24569301500003,-8.517252975999952],[116.24482002600007,-8.515595014999974],[116.24614403400005,-8.510967979999975],[116.24549403000003,-8.508799990999933],[116.24786797800004,-8.504422026999976],[116.24664096800007,-8.503102036999962],[116.2469700040001,-8.499105964999956],[116.24292300000002,-8.495083959999931],[116.24435799300011,-8.49377102799997],[116.24481596400005,-8.489542989999961],[116.24738602000002,-8.487912037999934],[116.25026697300007,-8.48355997799996],[116.25652302800006,-8.479523958999948],[116.26038299200002,-8.471901995999929],[116.26398603700011,-8.472466017999977],[116.26909799400005,-8.466286005999962],[116.27009899200004,-8.46334498899995],[116.27171598400002,-8.464007042999981],[116.27420097200002,-8.458931957999937],[116.281253031,-8.453879008999934],[116.28127202000007,-8.450380012999972],[116.27803949200006,-8.443406496999955],[116.27836619600009,-8.440025825999953],[116.28632800000003,-8.437803714999973],[116.28652548000002,-8.436383398999965],[116.28910503000009,-8.434997245999966],[116.29085583900007,-8.435570085999927],[116.30073873200001,-8.432914356999959],[116.30443295600003,-8.42984268899994],[116.30604802000005,-8.43050489899997],[116.31123182900001,-8.429235982999955],[116.31549706300007,-8.425480325999956],[116.32030025000006,-8.423413856999957],[116.3277694730001,-8.413721133999957],[116.33291734400007,-8.410684261999961],[116.33732701800011,-8.41045012799998],[116.33695181900009,-8.41751828599996],[116.33184831500012,-8.42378684199997],[116.33050431600009,-8.423989091999943],[116.32699582900011,-8.430987286999937],[116.32032909800012,-8.433032418999971],[116.31857370600005,-8.44020241499993],[116.31521219500007,-8.442908087999967],[116.31315531100006,-8.449674131999927],[116.30586174900009,-8.45710584699998],[116.30609678100006,-8.459723422999957],[116.30417093200003,-8.46391129899996],[116.30478521700002,-8.468747120999979],[116.30965384700005,-8.479361749999953],[116.31750861900002,-8.491330619999928],[116.32055997100008,-8.498344911999936],[116.32065394100005,-8.504571575999933],[116.31716907000009,-8.511645356999963],[116.30717048300005,-8.518424768999978],[116.29948841600003,-8.527837473999966],[116.29004499400003,-8.529165460999934],[116.28883474700001,-8.530702782999981],[116.29540832000009,-8.550628382999946],[116.29273877700007,-8.550651760999926],[116.29052858900002,-8.554820378999977],[116.28846415500004,-8.55507320199996],[116.28780168700007,-8.55670033399997],[116.28011499900003,-8.55903441299995],[116.27833546700003,-8.558032914999956],[116.27596879100008,-8.561719686999936],[116.2709836040001,-8.561580401999947],[116.26686990100006,-8.56413527199993],[116.26549018000003,-8.568846743999927],[116.2653357480001,-8.571919454999943],[116.26679176700009,-8.572733981999932],[116.26523109300001,-8.574617054999976],[116.26628612500008,-8.575349898999946],[116.26548057700006,-8.578433119999943],[116.25868485900003,-8.581037522999964],[116.25925632300005,-8.582577281999932],[116.25776727900006,-8.585277539999936],[116.25548045700009,-8.585444434999943],[116.25462985800004,-8.588770218999969],[116.24945027700005,-8.59271537199993],[116.24454405200004,-8.593698781999933],[116.24227901600011,-8.596085660999961],[116.23504874000002,-8.59650662499996],[116.23150019000002,-8.595385385999975],[116.22752464000007,-8.598756826999931],[116.22096595900007,-8.599380822999933],[116.21879605400011,-8.601965948999975],[116.21231194400002,-8.603938669999934],[116.21028659600006,-8.606364663999955],[116.20801118600002,-8.606020041999955],[116.20313381100004,-8.60921123099996],[116.19428282400008,-8.617809772999976],[116.18990976600003,-8.617114295999954],[116.18863997100004,-8.618743551999955],[116.18096622300004,-8.61941890099996],[116.17345701500005,-8.623003978999975],[116.1733409840001,-8.623120015999973]]]}},{"type":"Feature","properties":{"kode_kec":"52.01.09","kecamatan":"Gunungsari","kab_kota":"Lombok Barat"},"geometry":{"type":"Polygon","coordinates":[[[116.12062341500007,-8.562117791999981],[116.11586733900003,-8.557234974999972],[116.10862389900001,-8.555110755999976],[116.097093846,-8.55485423999994],[116.0909150870001,-8.558217352999975],[116.08089279500007,-8.557750738999971],[116.07573233900007,-8.555460952999965],[116.07416046100002,-8.55320254299994],[116.07838800600007,-8.551742028999968],[116.08190997400004,-8.545583969999939],[116.08479497100006,-8.54453302199994],[116.08970197500003,-8.54619897699996],[116.09067198000002,-8.54916796599997],[116.09262902500006,-8.548333967999952],[116.09438198300006,-8.543942028999936],[116.0978319830001,-8.543563967999944],[116.09665003100008,-8.536368988999925],[116.10087214400005,-8.531361517999926],[116.09978138100007,-8.528806836999934],[116.10097978600004,-8.52691952999993],[116.09987467000008,-8.516758213999935],[116.09861885800001,-8.514024130999928],[116.1012022430001,-8.509503206999966],[116.10069274200009,-8.505391317999965],[116.09668449100002,-8.498301091999963],[116.09471901800009,-8.488909556999943],[116.09049479200007,-8.482478140999945],[116.0832454020001,-8.46494527699997],[116.09038480200002,-8.46389589599994],[116.1014386390001,-8.46785396699994],[116.1145497340001,-8.468762648999927],[116.12045109600001,-8.471038069999963],[116.12947212900008,-8.470664124999928],[116.13355515100011,-8.469273950999934],[116.13493332600001,-8.460767191999935],[116.13736178300007,-8.457042164999962],[116.14212582700009,-8.454358103999937],[116.14621780700008,-8.458254262999958],[116.14885244000004,-8.457749692999926],[116.1548832310001,-8.459871613999951],[116.16096128600009,-8.456208858999958],[116.16349104500011,-8.46283931299996],[116.167464386,-8.465618977999952],[116.17205329600006,-8.466125535999936],[116.17667850100008,-8.463448996999944],[116.18232315600005,-8.46271663799996],[116.19109951600001,-8.467091797999956],[116.1929925180001,-8.470135162999952],[116.19274044400004,-8.473748579999949],[116.19976099000007,-8.478517015999955],[116.19818397900008,-8.481089033999979],[116.1947150200001,-8.485668043999965],[116.1890059860001,-8.487809984999956],[116.18839697500005,-8.49033395999993],[116.1847310280001,-8.494198987999937],[116.1763719710001,-8.497271982999962],[116.17469802400001,-8.500328992999926],[116.16979403100004,-8.50016104499997],[116.16690201300003,-8.50161397599993],[116.16662503500004,-8.503288969999971],[116.1628360310001,-8.505711025999972],[116.16305100500006,-8.510866015999966],[116.1598130000001,-8.511493005999966],[116.15559200100006,-8.514761962999955],[116.1552450150001,-8.517927000999975],[116.15284802300005,-8.518013020999945],[116.15344496800003,-8.525841985999932],[116.14989197800003,-8.534045006999975],[116.15000796700008,-8.53867801299998],[116.14791501500008,-8.541706002999945],[116.14756300600004,-8.546038034999981],[116.14376202800008,-8.551261999999952],[116.13613101300007,-8.554848017999973],[116.13371796500007,-8.554811968999957],[116.13118313600012,-8.564907732999927],[116.12419504500008,-8.56438172999998],[116.12242603800007,-8.56217221399993],[116.1206556620001,-8.56213446199996],[116.12062341500007,-8.562117791999981]]]}},{"type":"Feature","properties":{"kode_kec":"52.01.07","kecamatan":"Sekotong","kab_kota":"Lombok Barat"},"geometry":{"type":"MultiPolygon","coordinates":[[[[115.91957998700002,-8.84503403499997],[115.91947901800006,-8.845103002999963],[115.91931002600006,-8.845230005999952],[115.91932701200005,-8.845292985999947],[115.91933798700006,-8.845360015999972],[115.91928399500011,-8.845415015999947],[115.91918403300008,-8.84542096599995],[115.91914500700011,-8.845357017999959],[115.91911397000001,-8.845176002999949],[115.91915301900008,-8.845051971999965],[115.91929503400002,-8.844869013999926],[115.91930797300006,-8.844854041999952],[115.91944001900004,-8.844747005999977],[115.9195519970001,-8.844785033999926],[115.91964597200001,-8.844904023999959],[115.91957998700002,-8.84503403499997]]],[[[115.91342403300007,-8.844426976999955],[115.91273199900002,-8.84519496699994],[115.91358697700002,-8.844420034999928],[115.91342403300007,-8.844426976999955]]],[[[115.91288601100007,-8.843760032999967],[115.91283401700002,-8.843822993999936],[115.91271397700007,-8.843850041999929],[115.91266098100004,-8.843819958999973],[115.91265498300004,-8.843590009999957],[115.91270396900006,-8.84353002499995],[115.91286700500007,-8.84349098499996],[115.9130699860001,-8.843432983999946],[115.91316801500011,-8.84347196699997],[115.91316703000007,-8.843527028999972],[115.91294901800006,-8.843571965999956],[115.91293998000003,-8.843611000999942],[115.91288601100007,-8.843760032999967]]],[[[115.91378499100006,-8.842321020999975],[115.91345002500009,-8.842414988999963],[115.9133330200001,-8.84255696699995],[115.9132360100001,-8.842682004999972],[115.91316400100004,-8.842642011999942],[115.91313101900005,-8.842511985999977],[115.91316898800005,-8.842398982999953],[115.91327201400009,-8.842241954999963],[115.91342103000011,-8.842075024999929],[115.91362102400001,-8.84206403099995],[115.91368996800009,-8.842074990999947],[115.91372803000002,-8.842083961999947],[115.91379099500011,-8.842140022999956],[115.91383703800011,-8.842290972999933],[115.91378499100006,-8.842321020999975]]],[[[115.91095296800006,-8.84088004399996],[115.91137496500005,-8.84071499199996],[115.91133499000011,-8.840846974999977],[115.91123598100012,-8.840911968999933],[115.91117298500001,-8.840942980999955],[115.91113503000008,-8.840949018999936],[115.91104899800007,-8.840987015999929],[115.91095898900005,-8.840999954999972],[115.91091499000004,-8.840945033999958],[115.91095296800006,-8.84088004399996]]],[[[115.9057400150001,-8.836913977999927],[115.90558401600003,-8.836855022999941],[115.90556802000003,-8.836864017999972],[115.90553001,-8.836837956999943],[115.90545599400002,-8.836741987999972],[115.9054609850001,-8.83665104399995],[115.90554602500004,-8.836593965999953],[115.90570503300012,-8.836573001999966],[115.90577003600004,-8.83664896099998],[115.9057800170001,-8.836848992999933],[115.9057400150001,-8.836913977999927]]],[[[115.90332200800003,-8.833871962999979],[115.90327602800005,-8.833929965999971],[115.90320001200007,-8.833978026999944],[115.9031070100001,-8.834015006999948],[115.90302402200007,-8.834038000999954],[115.9029450060001,-8.834035960999927],[115.90288703200008,-8.834016984999948],[115.9028549950001,-8.833974033999937],[115.90285998400009,-8.833934987999953],[115.90292200600004,-8.83387802599998],[115.90300796500003,-8.833813989999953],[115.90310698700011,-8.833795020999958],[115.90327401500008,-8.83377399099993],[115.90332403200011,-8.83379601699994],[115.90333003,-8.833847029999959],[115.90332200800003,-8.833871962999979]]],[[[115.90245901100002,-8.833786976999932],[115.90155303300003,-8.833810997999933],[115.90259596900012,-8.833691987999941],[115.90245901100002,-8.833786976999932]]],[[[115.89296600700004,-8.832325965999928],[115.89283599200007,-8.832280011999956],[115.89279701400005,-8.832277003999934],[115.89273796700002,-8.832215978999955],[115.89275201400005,-8.832156976999954],[115.89288201600004,-8.832082044999936],[115.89308799700007,-8.832021982999947],[115.89317702300002,-8.832061032999945],[115.89323603500009,-8.832233994999967],[115.89319602400008,-8.832276010999976],[115.89296600700004,-8.832325965999928]]],[[[115.87803221000001,-8.830137707999938],[115.87797153400004,-8.830062754999972],[115.87795368800005,-8.829966386999956],[115.87793941100006,-8.829845034999948],[115.87793941100006,-8.829762942999935],[115.87796439500005,-8.829698697999959],[115.87799651800003,-8.829634451999937],[115.87806433200001,-8.829588052999952],[115.87815356200008,-8.829588052999952],[115.87823565400004,-8.829627313999936],[115.87828919200001,-8.829641590999927],[115.87832845300011,-8.829638021999926],[115.87838199100008,-8.829580914999951],[115.87849977400003,-8.829538083999978],[115.8785961420001,-8.82956663799996],[115.87863183400009,-8.829638021999926],[115.87864968000008,-8.82971297499995],[115.87862826500009,-8.829795065999974],[115.8785997110001,-8.829895002999933],[115.87856045000001,-8.829948540999965],[115.87844980500006,-8.829987801999948],[115.87836771400009,-8.830034201999979],[115.8783462990001,-8.83004847899997],[115.87828562200002,-8.830105585999945],[115.87822851500005,-8.83015555399993],[115.87819639300005,-8.830162692999977],[115.8781178700001,-8.830116292999946],[115.87803221000001,-8.830137707999938]]],[[[115.87077301200009,-8.828709973999935],[115.86949002500012,-8.827156010999943],[115.87123199300004,-8.827106008999976],[115.87080097900002,-8.828511954999954],[115.87077301200009,-8.828709973999935]]],[[[115.87319200500008,-8.826528982999946],[115.87320703000012,-8.826494036999975],[115.87337999100009,-8.826543019999974],[115.87340503100006,-8.826543004999962],[115.87349396500008,-8.826587032999953],[115.87361596900007,-8.826875013999938],[115.87368597800003,-8.82705298299993],[115.87366803000009,-8.827137016999927],[115.87357599500001,-8.827201026999944],[115.8732120300001,-8.827070005999929],[115.87311003000002,-8.82698398499997],[115.8730920370001,-8.826810962999957],[115.87319200500008,-8.826528982999946]]],[[[115.88545296500001,-8.826226977999966],[115.88549501500006,-8.82617999699994],[115.88553501500007,-8.82609195799995],[115.88564997700007,-8.826031991999969],[115.88571298900001,-8.82606997399995],[115.88573396600009,-8.826199963999954],[115.88565497500008,-8.826289965999933],[115.88552400200001,-8.826339035999979],[115.88543197600006,-8.826300967999941],[115.88545296500001,-8.826226977999966]]],[[[115.87236603300005,-8.825594036999973],[115.87234901700003,-8.825691996999979],[115.87223598300011,-8.825733971999966],[115.87209699300001,-8.825633012999958],[115.87203197600002,-8.825515003999953],[115.8722460140001,-8.82531899199995],[115.87240399100006,-8.825216028999932],[115.87245098900007,-8.825218972999949],[115.87246703000005,-8.825220015999946],[115.87249499300003,-8.82527000899995],[115.87245002000009,-8.825414992999981],[115.87243896400003,-8.825451035999947],[115.87243903400008,-8.825453025999934],[115.87236603300005,-8.825594036999973]]],[[[115.84490699800006,-8.82433803799995],[115.844752029,-8.824484035999944],[115.84465001300009,-8.824599000999967],[115.84456401700004,-8.824720978999949],[115.84447700700002,-8.824758955999926],[115.84427000700009,-8.824544033999928],[115.8442489900001,-8.824479955999948],[115.84432599400009,-8.824404965999975],[115.84439703100009,-8.824391984999977],[115.84452299100008,-8.824341014999959],[115.84472902000005,-8.824241017999952],[115.84476900700008,-8.824232007999967],[115.84484002900001,-8.824247958999933],[115.84486100800007,-8.82425200299997],[115.84490699800006,-8.82433803799995]]],[[[115.86326298400002,-8.824014044999956],[115.86312997100003,-8.824141037999937],[115.86306196700002,-8.824143001999971],[115.86298501600004,-8.824054974999967],[115.86298899300004,-8.823955980999926],[115.8632700070001,-8.823727988999963],[115.86331699300001,-8.823735001999978],[115.86337902500009,-8.823798028999931],[115.86346096600005,-8.82392097199994],[115.86342899800002,-8.823980008999968],[115.86333101100001,-8.824005027999931],[115.86326298400002,-8.824014044999956]]],[[[115.86208499100007,-8.823687960999962],[115.86198097800002,-8.823672998999939],[115.8620270340001,-8.82354302899995],[115.862133029,-8.823375989999931],[115.86224802000004,-8.823208977999968],[115.86236103100009,-8.823223966999933],[115.86236403400005,-8.823296038999956],[115.86232297100003,-8.823386963999951],[115.86230698800011,-8.823416029999976],[115.86219602100005,-8.823591009999973],[115.86208499100007,-8.823687960999962]]],[[[115.86156803200004,-8.82355303099996],[115.86147596700005,-8.82362698299994],[115.86138502800009,-8.823602023999968],[115.86129201300002,-8.823399027999926],[115.86129301500011,-8.82329197799993],[115.86143598700005,-8.82307098299998],[115.8615539970001,-8.822970978999933],[115.86161801700007,-8.822948025999949],[115.86172102700004,-8.822898971999962],[115.86173197500011,-8.82289800999996],[115.86181998000006,-8.82297503999996],[115.86178596800005,-8.823163002999934],[115.86156803200004,-8.82355303099996]]],[[[115.84534098100005,-8.813267963999976],[115.84560499300005,-8.813082970999972],[115.84571702200003,-8.81305004199993],[115.84576802000004,-8.813068009999938],[115.8457810210001,-8.813106023999978],[115.84578503000012,-8.813118965999934],[115.845753005,-8.813220041999955],[115.84554103200003,-8.81332897599998],[115.84541497100008,-8.813317014999939],[115.84534098100005,-8.813267963999976]]],[[[115.83013798100001,-8.811935974999926],[115.83029399400004,-8.81183899299998],[115.83049198100002,-8.811816008999926],[115.83075798900006,-8.811903996999945],[115.83077998100009,-8.811943034999956],[115.83077997200007,-8.811946018999947],[115.83016403400006,-8.812162002999969],[115.83007196400001,-8.812141011999927],[115.83013798100001,-8.811935974999926]]],[[[115.8324600300001,-8.806201000999977],[115.83240198500005,-8.806184003999931],[115.83260803700011,-8.806073973999958],[115.83269100000007,-8.806010035999975],[115.83274497100001,-8.80596400099995],[115.83280998500004,-8.805982014999927],[115.83288203100005,-8.806028982999976],[115.83296099200004,-8.806045954999945],[115.83295499700012,-8.806093042999976],[115.83285297900011,-8.806160989999967],[115.83268800600001,-8.806199990999971],[115.8324600300001,-8.806201000999977]]],[[[115.82823903500002,-8.79870004199995],[115.82819500900007,-8.798564011999929],[115.8283040120001,-8.79846697399995],[115.8283699970001,-8.798485984999957],[115.82843399400008,-8.798517015999948],[115.82852898700003,-8.79851297099998],[115.82866799100009,-8.798506983999971],[115.82882300900008,-8.798653034999973],[115.82880500700003,-8.798703972999931],[115.82881002400006,-8.79870597799993],[115.82869503500001,-8.798799019999933],[115.82857496500003,-8.798838970999952],[115.82844100300008,-8.798814955999944],[115.82834100900004,-8.798812022999925],[115.82825303200002,-8.798849994999955],[115.82823903500002,-8.79870004199995]]],[[[115.82793400600008,-8.78975900599994],[115.82807101100002,-8.78976801999994],[115.82810897600007,-8.789780977999953],[115.82811699000001,-8.78980704199995],[115.82791596800007,-8.789893034999977],[115.8277960370001,-8.789913999999953],[115.82746896600008,-8.789963975999967],[115.82760699100004,-8.78981503999995],[115.82793400600008,-8.78975900599994]]],[[[115.83042498200007,-8.782289023999965],[115.83054702900006,-8.78233397799994],[115.83065903400006,-8.78232998599998],[115.83081500600008,-8.782266001999972],[115.83086899200009,-8.782332985999972],[115.83082003600009,-8.782431025999927],[115.83080396800005,-8.782487033999928],[115.83069297700001,-8.782597990999932],[115.83064603100001,-8.782628044999967],[115.83058398800006,-8.782667996999976],[115.83054703100004,-8.78269202399997],[115.83052197300003,-8.782698997999944],[115.8303289910001,-8.78266096699997],[115.8302380340001,-8.782598026999949],[115.83013596600006,-8.782516968999971],[115.82993700400004,-8.782378016999928],[115.83042498200007,-8.782289023999965]]],[[[115.8323069700001,-8.780899019999936],[115.83204396500003,-8.780912039999976],[115.83206199000006,-8.78082900399994],[115.83210201700001,-8.780757970999957],[115.83207301400012,-8.780636000999948],[115.83213603100012,-8.78059596099996],[115.8322420080001,-8.780553974999975],[115.8323409940001,-8.780541983999967],[115.83238499900006,-8.780588955999974],[115.83238001200004,-8.780649970999946],[115.83238596800004,-8.780734980999966],[115.83237900200004,-8.780805030999943],[115.8323069700001,-8.780899019999936]]],[[[115.82874402800007,-8.779402991999973],[115.82872899100005,-8.779322022999963],[115.82878900100002,-8.779237038999952],[115.82892199600008,-8.779185010999981],[115.82905499100002,-8.779203958999972],[115.82909402900009,-8.779256972999974],[115.82905201300002,-8.779364979999968],[115.82902296800012,-8.77944797999993],[115.82888803500009,-8.779472968999926],[115.82874402800007,-8.779402991999973]]],[[[115.862280037,-8.723429966999959],[115.86611199400011,-8.72086102399993],[115.86559896500012,-8.722697034999953],[115.86901900300006,-8.728683974999967],[115.86488400000007,-8.73876801299997],[115.86486600100011,-8.742709041999944],[115.86686503700003,-8.746206016999963],[115.87405000800004,-8.748434978999967],[115.8767650310001,-8.751145969999925],[115.88024698400011,-8.752075014999946],[115.8828279710001,-8.757401976999972],[115.88139798300006,-8.759513961999971],[115.88201097300009,-8.763484001999927],[115.88538803200004,-8.76474200399997],[115.88786998400008,-8.763820006999936],[115.89517502700005,-8.750935957999957],[115.89500302500005,-8.747012960999939],[115.89757996800006,-8.745602992999977],[115.89942697400011,-8.746720955999933],[115.90022602300007,-8.750239982999972],[115.89704799900005,-8.754593023999973],[115.89795503700009,-8.756231954999976],[115.89438303200006,-8.760657957999967],[115.89833999700011,-8.762250007999967],[115.90437197200004,-8.767854993999947],[115.90465596900003,-8.77116501699993],[115.91524197500007,-8.775591968999947],[115.91852898100001,-8.77451095799995],[115.91978097800006,-8.76891702499995],[115.92672503000006,-8.768126036999945],[115.92984896400003,-8.768491961999928],[115.93065702600006,-8.769757034999941],[115.93554901700008,-8.769810997999969],[115.93534702500006,-8.767721034999965],[115.93924803400012,-8.76512297499994],[115.94259901800001,-8.75846198599993],[115.9418810200001,-8.753885958999945],[115.94538102800004,-8.748866986999928],[115.94934998800011,-8.745382961999951],[115.95244803300011,-8.745842011999969],[115.95652896800004,-8.74421397499998],[115.96661803800009,-8.735974025999951],[115.96520503500005,-8.73064997199998],[115.96627997100006,-8.726341963999971],[115.96679200400001,-8.732326969999974],[115.96923999,-8.73414401599996],[115.97405998900001,-8.73277402399998],[115.97839197600001,-8.735381041999972],[115.98231398100006,-8.735622973999966],[115.9844209800001,-8.73410395999997],[115.98500398200008,-8.730445041999928],[115.98736397700009,-8.729624997999963],[115.99005497700011,-8.730666035999946],[115.99675200200011,-8.73871196899995],[116.00341897600003,-8.743138014999943],[116.0083599730001,-8.751043985999956],[116.01010803000008,-8.75172499799993],[116.0143949940001,-8.75089301099996],[116.02318101200001,-8.74160702599994],[116.02953099800004,-8.739409016999957],[116.03031102900002,-8.737052010999946],[116.02850401300009,-8.728400033999947],[116.03379798100002,-8.71967901599993],[116.03505403700001,-8.724855042999934],[116.04127100500011,-8.725479966999956],[116.0454999960001,-8.723553971999934],[116.04654198800006,-8.728942021999956],[116.04190996900002,-8.73339501199996],[116.04287601700003,-8.73633199699998],[116.04154002900009,-8.738865038999961],[116.04618603600011,-8.745656035999957],[116.04167958300002,-8.749687094999956],[116.03923600000007,-8.748830981999959],[116.0364090280001,-8.750819035999939],[116.04040897200002,-8.756087026999978],[116.04068396800005,-8.75967004399996],[116.03898999300009,-8.76369202899997],[116.04167802800009,-8.76584898599998],[116.04404302300009,-8.765973971999927],[116.04695401400011,-8.764173975999938],[116.04673355800003,-8.760651651999979],[116.04886555500002,-8.757967619999931],[116.05172897000011,-8.763154997999948],[116.05698701100005,-8.767886003999934],[116.06256901000006,-8.76646896799997],[116.06628803600006,-8.774993042999938],[116.07391096800006,-8.775456968999947],[116.07636902600007,-8.777001978999976],[116.08388397700003,-8.778332957999964],[116.08629400300003,-8.780232971999965],[116.08702502800008,-8.78341200899996],[116.09059099800004,-8.787911010999949],[116.09157502100004,-8.795518013999981],[116.09022499600007,-8.798971970999958],[116.09196701400003,-8.805493020999961],[116.09850896700004,-8.811890965999964],[116.09893800600003,-8.817103957999961],[116.09750500300004,-8.818900018999955],[116.09988096500001,-8.818960966999953],[116.10375702100009,-8.815480999999977],[116.10705433500004,-8.81784591099995],[116.09243483700004,-8.838594358999956],[116.09256288100005,-8.851762957999938],[116.09715155100002,-8.855084328999965],[116.10785912600011,-8.856711880999967],[116.11384355200005,-8.861978805999968],[116.11317427300003,-8.865878512999927],[116.10925690500005,-8.870325987999934],[116.10935296500008,-8.872863031999941],[116.10749501100008,-8.872498986999972],[116.1069059780001,-8.869279980999977],[116.10508900200011,-8.869126979999976],[116.0830190370001,-8.873554960999968],[116.07956399900002,-8.878486030999966],[116.07934698700001,-8.883204973999966],[116.07698503400002,-8.885239958999932],[116.07700099500005,-8.889589014999956],[116.07852600900003,-8.893263009999941],[116.07749603600007,-8.895325965999973],[116.07405299800007,-8.892796015999977],[116.07204702800004,-8.884869996999953],[116.06576603600001,-8.883245989999978],[116.05649402200004,-8.882856990999926],[116.05123697300007,-8.885802962999946],[116.0498240280001,-8.885260998999968],[116.04738902400004,-8.880443027999945],[116.04747999900007,-8.87587401199994],[116.0446609710001,-8.870431959999962],[116.0476200380001,-8.868062975999976],[116.05081302200006,-8.867589969999926],[116.0518810320001,-8.86492398699994],[116.05569503100003,-8.864907961999961],[116.05944400500005,-8.863130956999953],[116.06780596700003,-8.864568987999974],[116.06944101600004,-8.863991017999979],[116.06983897900011,-8.861745027999973],[116.07274900200002,-8.862672025999927],[116.0731229700001,-8.856466037999951],[116.06608793200007,-8.853557912999975],[116.06420699400007,-8.855520998999964],[116.06001601900005,-8.85183802499995],[116.05429030100004,-8.85131901799997],[116.05328297300002,-8.85341699299994],[116.04761598200002,-8.853970008999966],[116.0455750000001,-8.85583001799995],[116.04350801300006,-8.86135995799998],[116.03825298400011,-8.862612009999964],[116.03707499900008,-8.864457995999942],[116.03507099800004,-8.863683979999962],[116.03379098500011,-8.860118002999968],[116.03458603700005,-8.858847019999928],[116.03321799100001,-8.857901029999937],[116.02814402600006,-8.85714498599998],[116.02129196800001,-8.860478016999934],[116.01879798900006,-8.859575957999937],[116.0129240330001,-8.863106966999965],[116.01042001200005,-8.866605035999953],[116.00998099500009,-8.873823019999975],[116.01733501600006,-8.874105025999938],[116.01997299400011,-8.876358000999971],[116.02156202900005,-8.876235036999958],[116.02725599100006,-8.882138016999932],[116.02714997600003,-8.887506008999935],[116.02418203100001,-8.88929798199996],[116.02426401500009,-8.891414034999968],[116.01916400800008,-8.889943977999962],[116.01565803000005,-8.894689031999974],[116.01651198700006,-8.89798095599997],[116.02032899200003,-8.89988197599996],[116.02175300300007,-8.899362999999937],[116.02336903000003,-8.903180992999978],[116.02048499800003,-8.901450003999969],[116.01842703200009,-8.901875977999964],[116.017155032,-8.899381996999978],[116.01630102800004,-8.90037201299998],[116.01403002100005,-8.899985970999978],[116.01154901500001,-8.902991013999952],[116.00809298900003,-8.904253035999943],[116.00650301300004,-8.902401967999936],[116.00426403000006,-8.902985976999958],[116.00343199600002,-8.899833972999943],[116.00235602900011,-8.899591026999929],[116.00272603300004,-8.897678011999972],[116.00107799500006,-8.898204992999979],[115.99942902900011,-8.896476984999936],[115.9985140330001,-8.89749201799998],[115.99608799800001,-8.89691195599994],[115.9982159860001,-8.893039037999927],[115.99813398200001,-8.889798987999939],[115.99673503200006,-8.888112964999948],[115.99355197700004,-8.887676972999941],[115.99104196500002,-8.890300043999957],[115.98936503000004,-8.889805968999951],[115.98943700300003,-8.888553040999966],[115.98782901200002,-8.88805100999997],[115.98958502800008,-8.885761013999968],[115.98811799500004,-8.88477697899998],[115.98868502900007,-8.883303954999974],[115.98637498800008,-8.882959967999966],[115.98653399000011,-8.881664960999956],[115.98462599600009,-8.88048902099996],[115.98330802700002,-8.882052039999962],[115.98121101400011,-8.881606971999929],[115.98155802800011,-8.879657029999976],[115.97988602600003,-8.879381025999976],[115.98051003100011,-8.87699900399997],[115.97644600600006,-8.876818979999939],[115.97607903400001,-8.87819804299994],[115.97500799500006,-8.877319029999967],[115.9719579670001,-8.878977972999962],[115.97206797700005,-8.874422958999958],[115.97077397600003,-8.873806985999977],[115.97263901400004,-8.872009976999948],[115.97180003300002,-8.86942204199994],[115.97014703600007,-8.868535992999966],[115.96669300500002,-8.870134015999952],[115.96616900400011,-8.868399956999951],[115.96328700700008,-8.869514975999948],[115.96213602700004,-8.86772600699993],[115.96139203300004,-8.868187969999951],[115.96364000500012,-8.86189897099996],[115.96149097000011,-8.86008598799998],[115.96009299500008,-8.86071295399995],[115.95572899500007,-8.856190975999937],[115.953655991,-8.85694904199994],[115.9521510190001,-8.855989013999931],[115.95283002000008,-8.854641956999956],[115.95136602500008,-8.854890035999972],[115.95072400600009,-8.852419987999951],[115.94593697900007,-8.851266992999967],[115.94739901900004,-8.85056801099995],[115.94662302100005,-8.84992602699998],[115.94830396600003,-8.84648896699997],[115.94715396400011,-8.843770013999972],[115.94520099400006,-8.841205041999956],[115.93570496500001,-8.836344973999928],[115.93336596900008,-8.833371974999977],[115.93067297700009,-8.832795034999947],[115.92495800800009,-8.834420961999967],[115.92103799100005,-8.837946039999963],[115.92056602800005,-8.843893001999959],[115.91841196400003,-8.84545897399994],[115.91753997300009,-8.84536097299997],[115.91846198100006,-8.844326001999946],[115.91593996900008,-8.845106973999975],[115.91542700100001,-8.843895971999927],[115.91395897500001,-8.845198976999939],[115.91344296500006,-8.84070498899996],[115.90557097600004,-8.83870799899995],[115.90605501100003,-8.83581099099996],[115.90436600200007,-8.83319200099993],[115.90269898700001,-8.83298097599993],[115.90224496400003,-8.83049099799996],[115.89654503400004,-8.830097960999979],[115.8927249840001,-8.831919009999979],[115.89128296500007,-8.830910036999967],[115.88953402300001,-8.83280597199996],[115.89066498000011,-8.830753958999935],[115.88656796400005,-8.825620968999942],[115.88418997600002,-8.826031994999937],[115.88267701600012,-8.829878979999933],[115.88073200300005,-8.830177978999927],[115.87884096500011,-8.826430978999952],[115.876100973,-8.824623042999974],[115.87327302800009,-8.825942964999967],[115.87378797800011,-8.822812028999977],[115.87180801000011,-8.822610965999957],[115.87199403600005,-8.819936008999946],[115.86929399300004,-8.818183032999968],[115.86632602400005,-8.818474994999974],[115.86423898500004,-8.820497000999978],[115.86403197200002,-8.823151991999964],[115.86217500700002,-8.821958028999973],[115.85900102100004,-8.824997955999947],[115.85883099600005,-8.823653040999943],[115.85714602700011,-8.824555964999945],[115.8568540340001,-8.823355977999938],[115.85322100000008,-8.822882964999962],[115.84810600000003,-8.825542981999945],[115.84541300700005,-8.825292034999961],[115.84468099600008,-8.820180028999971],[115.84853503600004,-8.816429024999934],[115.848366037,-8.813239991999978],[115.84334499600004,-8.811928013999932],[115.8413850290001,-8.813734993999958],[115.83402599400006,-8.813453016999972],[115.83117597600005,-8.815062962999946],[115.83301098600009,-8.812478987999953],[115.831888004,-8.812014018999946],[115.83529096500001,-8.809322961999953],[115.83435003700004,-8.806814995999957],[115.83131899800003,-8.80459095699996],[115.83323799400011,-8.802935980999962],[115.8331000290001,-8.80043303399998],[115.8304639810001,-8.799085981999951],[115.82679101500003,-8.80084199199996],[115.82891598800006,-8.79876498699997],[115.82824999000002,-8.796361031999936],[115.82987800500007,-8.795330022999963],[115.82601401000011,-8.795009954999955],[115.82878396700005,-8.792303042999947],[115.82768802200007,-8.790651001999947],[115.82936197600009,-8.789830983999934],[115.83249101000001,-8.77979299499998],[115.82941801800007,-8.779398030999971],[115.82885097100007,-8.776399993999974],[115.82513900300012,-8.77068098999996],[115.82355901500011,-8.763295014999926],[115.82437302900007,-8.75750599099996],[115.82098901200004,-8.752207970999962],[115.82582097200009,-8.750378970999975],[115.82989701100007,-8.744623980999961],[115.83673298000008,-8.741409958999952],[115.8383609660001,-8.72915898399998],[115.84296997400008,-8.725205969999934],[115.85229100000004,-8.720193011999982],[115.85612997800001,-8.722664012999928],[115.85831768000003,-8.726069024999958],[115.86208688200009,-8.723712177999971],[115.862280037,-8.723429966999959]]],[[[115.89032900400002,-8.747539987999971],[115.89289000400004,-8.749756021999929],[115.89124900400009,-8.749899956999968],[115.89045397900009,-8.748367040999938],[115.89032900400002,-8.747539987999971]]],[[[115.8894769850001,-8.732346998999958],[115.89097499600007,-8.73541698799994],[115.89034498300009,-8.745610978999935],[115.8841210270001,-8.743122039999946],[115.88140997700009,-8.73673800399996],[115.88449401700007,-8.731495020999944],[115.88950903200009,-8.732206040999927],[115.8894769850001,-8.732346998999958]]],[[[115.91005398000004,-8.72729002099993],[115.91024997000011,-8.730394002999958],[115.90386096700001,-8.730548023999972],[115.90067101700004,-8.724665974999937],[115.90665601400008,-8.723114959999975],[115.90992701300001,-8.726875992999965],[115.91005398000004,-8.72729002099993]]],[[[115.9143690190001,-8.720149040999956],[115.91300902900002,-8.71478099899997],[115.91580098100007,-8.715905007999936],[115.91763897200008,-8.719140986999946],[115.91680500000007,-8.720985041999938],[115.91442800100003,-8.720436015999951],[115.9143690190001,-8.720149040999956]]],[[[115.97969797700011,-8.880000967999933],[115.97999202100004,-8.879963975999942],[115.9800460130001,-8.88004396499997],[115.98001300900012,-8.880074978999971],[115.9798260010001,-8.880209011999966],[115.97968900600006,-8.88018096899998],[115.97958399800007,-8.880083028999934],[115.97959899400007,-8.880028998999933],[115.97969797700011,-8.880000967999933]]],[[[115.97509699300008,-8.879887994999933],[115.97404302900009,-8.880150026999956],[115.97479799300004,-8.879226028999938],[115.97512696500007,-8.880057974999943],[115.97509699300008,-8.879887994999933]]],[[[115.97299498500001,-8.87952298099998],[115.97288503200002,-8.879775037999934],[115.97277800900008,-8.879835956999955],[115.972575,-8.87981803799994],[115.97258796400001,-8.879766986999925],[115.97275102600008,-8.879615982999951],[115.97292401700008,-8.87950795699993],[115.97299498500001,-8.87952298099998]]],[[[115.979919988,-8.877620019999938],[115.9800139670001,-8.877530037999975],[115.98005399500005,-8.877507995999963],[115.98007097700008,-8.877549000999977],[115.98010799800011,-8.877773975999958],[115.9800500020001,-8.877922014999967],[115.97996497200006,-8.877975038999978],[115.97990401200002,-8.877919986999927],[115.9798850090001,-8.877795970999955],[115.979919988,-8.877620019999938]]],[[[115.95995996600004,-8.868768000999978],[115.96081797200009,-8.86794703399994],[115.96006399800001,-8.868756988999962],[115.95995996600004,-8.868768000999978]]],[[[115.96137701000009,-8.86243203999993],[115.96217697100008,-8.861526997999931],[115.96143501000006,-8.862390970999968],[115.96137701000009,-8.86243203999993]]],[[[115.96177296700012,-8.861155972999939],[115.96181000400009,-8.86110399499995],[115.9618120340001,-8.861102010999957],[115.96184101000006,-8.861063030999958],[115.96188003600003,-8.861050027999966],[115.9618969820001,-8.861049984999966],[115.96191601600003,-8.861054016999958],[115.96194698200009,-8.861080956999956],[115.96195198700002,-8.861088023999969],[115.9619680290001,-8.861116007999954],[115.96199003100003,-8.861158022999973],[115.96199200100011,-8.861203960999944],[115.9619879820001,-8.861220043999936],[115.96198096600006,-8.861235033999947],[115.96190099600005,-8.861383008999951],[115.96184798700006,-8.861408992999941],[115.96181301900003,-8.86141902199995],[115.96178000700002,-8.861425983999936],[115.96174297300001,-8.861423981999963],[115.96171002000006,-8.861409966999929],[115.96166999800005,-8.86137703299994],[115.96165998700008,-8.861363984999969],[115.96164298100007,-8.861332018999974],[115.96162899700005,-8.861292015999936],[115.96163003600009,-8.86126896099995],[115.96163798000009,-8.86124402799993],[115.96167802500008,-8.861215024999979],[115.96168102700005,-8.861214038999947],[115.96172299200009,-8.86119598099998],[115.96177296700012,-8.861155972999939]]],[[[115.9603409990001,-8.861178034999966],[115.96141700400005,-8.86068598199995],[115.96034602600002,-8.861230039999953],[115.9603409990001,-8.861178034999966]]],[[[115.9591369630001,-8.86053696199997],[115.9591669880001,-8.860498977999953],[115.95920203800006,-8.860486960999935],[115.95922998800006,-8.860493005999956],[115.95940602200005,-8.860527040999955],[115.95944302600003,-8.860539983999956],[115.9594819780001,-8.860579965999932],[115.95951799500006,-8.860624009999981],[115.95953201600003,-8.860650993999968],[115.95953499400002,-8.860684998999943],[115.95951600400008,-8.860719034999931],[115.95937096700004,-8.860753985999963],[115.95932397900003,-8.860772028999975],[115.95928001200002,-8.860808977999966],[115.95924198800003,-8.860865022999974],[115.95919396400006,-8.860905034999973],[115.95913298900007,-8.86091001899996],[115.95906700500007,-8.860911010999928],[115.9590129710001,-8.86090100499996],[115.95897203000004,-8.860875030999978],[115.95894401700002,-8.860837971999956],[115.95892703700008,-8.860796964999963],[115.95892400800005,-8.860754006999969],[115.95893402900003,-8.860709999999926],[115.95898000000011,-8.860681014999955],[115.95902299700003,-8.860669016999964],[115.95905897500006,-8.860646965999933],[115.95909702800009,-8.860607014999971],[115.9591179680001,-8.860572985999966],[115.9591369630001,-8.86053696199997]]],[[[115.95561998200003,-8.85969503299998],[115.95563799000001,-8.859610992999933],[115.95566496900005,-8.859562964999952],[115.95570799000006,-8.859515977999934],[115.95574897200004,-8.859500991999937],[115.95580403400004,-8.85949101999995],[115.95585299200002,-8.859492963999969],[115.95590096500007,-8.859497980999947],[115.9559489930001,-8.859509958999979],[115.955995013,-8.859515965999947],[115.9560459810001,-8.859522978999962],[115.9560880250001,-8.859529967999947],[115.9561339820001,-8.85953199499994],[115.95617603800008,-8.859535006999977],[115.95621703200004,-8.859541992999937],[115.95624503300007,-8.859556988999941],[115.95627502900004,-8.859582028999966],[115.95628499100008,-8.859611984999958],[115.9562819890001,-8.859640006999939],[115.95626499500008,-8.85965695799996],[115.95623300800003,-8.85967296299998],[115.95620503000009,-8.85967695499994],[115.9561050000001,-8.859732011999938],[115.95605303800005,-8.859758992999957],[115.95601596600011,-8.859770009999977],[115.95597899500001,-8.859771985999942],[115.95593903100007,-8.859771964999936],[115.95590903700008,-8.85977296699997],[115.955880019,-8.859772975999931],[115.95583402200009,-8.85978496399997],[115.95580001000008,-8.85980096399993],[115.95576997700005,-8.859815978999961],[115.95570800500002,-8.859829007999963],[115.95567096800005,-8.859827999999936],[115.95563201400012,-8.859789010999975],[115.95562000300004,-8.859740965999947],[115.95561998200003,-8.85969503299998]]],[[[115.95714998400001,-8.858806957999946],[115.95572500000003,-8.85906799999998],[115.95718598300004,-8.858803983999962],[115.95714998400001,-8.858806957999946]]],[[[115.94820698600006,-8.853998954999952],[115.94824999000002,-8.85282300199998],[115.948254012,-8.854019973999925],[115.94820698600006,-8.853998954999952]]],[[[115.947073036,-8.852985971999942],[115.94705896400001,-8.85302996699994],[115.94704598200008,-8.853033998999933],[115.94702799600009,-8.85303096499996],[115.94699497900001,-8.853013963999956],[115.94697898900006,-8.852994025999976],[115.94696796800008,-8.85296795499994],[115.94696601500004,-8.852915958999972],[115.9469660210001,-8.852913968999928],[115.94696699800011,-8.852887026999952],[115.94696397200005,-8.852870019999955],[115.94694401900006,-8.852873037999927],[115.94693498700008,-8.852885037999954],[115.94692300400004,-8.852906976999975],[115.94689598100001,-8.852943970999945],[115.94686297100009,-8.852976971999965],[115.94682801400006,-8.852983021999933],[115.94682501800003,-8.852982018999967],[115.94679098300003,-8.852953983999953],[115.94678703600005,-8.852944026999978],[115.94677500900002,-8.852902038999957],[115.94677198300008,-8.852858990999948],[115.94677100000001,-8.852808986999946],[115.94677100800004,-8.852779962999932],[115.94677098500006,-8.852761968999971],[115.94676200000004,-8.852731020999954],[115.94673397100007,-8.85270001899994],[115.94672799300008,-8.852693039999963],[115.94671798500008,-8.852652955999929],[115.94672600900003,-8.852626033999968],[115.94674000300006,-8.852608983999971],[115.94678801400005,-8.852574036999954],[115.94678996700009,-8.85257295699995],[115.94683702400005,-8.85255699499993],[115.94688001400004,-8.852546988999961],[115.94692500800011,-8.85254503599998],[115.94697202400005,-8.85254299899998],[115.94698199700008,-8.852543026999967],[115.9470329830001,-8.85254298999996],[115.94707597400009,-8.852559023999959],[115.94708700900003,-8.852581025999939],[115.947091021,-8.852593967999951],[115.94709202600006,-8.852636014999973],[115.94709197600002,-8.852679957999953],[115.947089989,-8.852745958999947],[115.94708503600009,-8.852773974999934],[115.94708596600003,-8.852816021999956],[115.94708403600009,-8.852862038999945],[115.94708301900005,-8.852876954999942],[115.94707996700004,-8.852921974999958],[115.947073036,-8.852985971999942]]],[[[115.94598001600002,-8.852505033999932],[115.94594402300004,-8.852506017999929],[115.94589298300002,-8.852499000999956],[115.94588101200009,-8.852490015999933],[115.94586300200001,-8.85246898899993],[115.94585697600007,-8.852426023999953],[115.94585603300004,-8.852414989999943],[115.94585601900008,-8.852366976999974],[115.94585803100006,-8.852318969999942],[115.94586603200003,-8.852273964999938],[115.94586898200009,-8.852265021999926],[115.94587100800004,-8.85223799299996],[115.94585199000005,-8.852202042999977],[115.94584802500003,-8.852198956999928],[115.94581496800004,-8.852195969999968],[115.94579202800003,-8.852195000999927],[115.9457699830001,-8.852195029999962],[115.94573702500008,-8.85218399699994],[115.94572203100006,-8.852157009999928],[115.94571997100002,-8.852142987999969],[115.94572000700009,-8.852104018999967],[115.94572596500007,-8.852065968999966],[115.94573499,-8.852055957999937],[115.94576097600009,-8.85204102199998],[115.9458029860001,-8.852033002999974],[115.94585297600008,-8.852013974999977],[115.94589298300002,-8.851972041999943],[115.94593401400004,-8.851939968999943],[115.94597303000012,-8.851930041999935],[115.9460100230001,-8.851920018999976],[115.9460160210001,-8.851920035999967],[115.94605500400007,-8.851921953999977],[115.9460929710001,-8.851938968999946],[115.94611102900001,-8.85194299899996],[115.94614897400004,-8.851966975999972],[115.9461569660001,-8.851978029999941],[115.94617898700005,-8.852011998999956],[115.94619703300009,-8.852047040999935],[115.94621499200002,-8.85208597199994],[115.94622401400011,-8.852103990999979],[115.94623500500006,-8.852141003999975],[115.9462370120001,-8.852146976999961],[115.94624403000012,-8.852183977999971],[115.94624096400003,-8.85223396999993],[115.94624103000001,-8.852236954999967],[115.94621397900005,-8.852283985999975],[115.94617701800007,-8.85230901899996],[115.94616297700009,-8.852316031999976],[115.9461189750001,-8.852338963999955],[115.94607400100006,-8.852387030999978],[115.94607196400011,-8.85239100399997],[115.94604296600005,-8.85243703499998],[115.94601899200006,-8.852482989999942],[115.94598496700007,-8.852503962999947],[115.94598001600002,-8.852505033999932]]],[[[115.94711899000004,-8.850509987999942],[115.94710501400004,-8.850547020999954],[115.94710199400004,-8.850553974999968],[115.94708501100001,-8.850593981999964],[115.94708097300008,-8.850642978999929],[115.9470890230001,-8.850686039999971],[115.94709103000002,-8.850692012999957],[115.94709296600001,-8.850749976999964],[115.94708798700003,-8.85078703399995],[115.94708198000001,-8.850816041999963],[115.94706496800006,-8.850865995999925],[115.9470329940001,-8.85090397199997],[115.94699696500004,-8.850917975999948],[115.94695397400005,-8.850927980999927],[115.94691603800004,-8.850926969999932],[115.94690899900002,-8.850923966999972],[115.94689097900005,-8.850906013999975],[115.94687900500003,-8.850871982999934],[115.94687897200004,-8.850856972999964],[115.94687897500012,-8.850830027999962],[115.94687998100005,-8.850819000999934],[115.94688200100006,-8.850793959999976],[115.94688997600008,-8.85075799499998],[115.9468980260001,-8.850722030999975],[115.94689302500001,-8.85068801999995],[115.9468780200001,-8.850665011999979],[115.94685303000006,-8.850646043999973],[115.9468420280001,-8.850638960999959],[115.94682399600003,-8.850625978999972],[115.94680703600011,-8.850604954999937],[115.94679601300004,-8.850578973999973],[115.94679500900008,-8.850562965999927],[115.94679702400003,-8.85054000599996],[115.94681703600008,-8.850463025999943],[115.94681698900001,-8.850427039999943],[115.9468179810001,-8.850420984999971],[115.94682703400008,-8.850401026999975],[115.9468550360001,-8.850388988999953],[115.94685601100002,-8.850388991999978],[115.94689503400002,-8.85040302699997],[115.94693298000004,-8.850427003999926],[115.94693799800007,-8.850429007999935],[115.94697799000005,-8.850418992999948],[115.94699000100002,-8.850413962999937],[115.94701898200003,-8.850400029999946],[115.94706699700009,-8.850390037999944],[115.94711196700007,-8.850396040999954],[115.94711600900007,-8.850398041999938],[115.9471420000001,-8.850434011999937],[115.94714197700011,-8.850441967999927],[115.94713798400005,-8.85047495899994],[115.94711899000004,-8.850509987999942]]],[[[115.94669399200006,-8.850121981999962],[115.94673196800011,-8.85010897799998],[115.94677197800002,-8.850092995999944],[115.94681798200008,-8.850078025999949],[115.94686097700003,-8.850066030999926],[115.94689401100004,-8.850051023999981],[115.94691501900002,-8.85004601999998],[115.94693602200005,-8.850043004999975],[115.94697001200007,-8.850033967999934],[115.94701103400007,-8.850031008999963],[115.94705100300007,-8.85002904199996],[115.94708496500004,-8.850030040999968],[115.9471200380001,-8.850036017999969],[115.94715202500004,-8.850045963999946],[115.94716698700006,-8.850058029999957],[115.94717297000011,-8.850063020999926],[115.94718698100007,-8.850092987999972],[115.94718398000009,-8.850120014999959],[115.94717999200009,-8.85012497699995],[115.94715198000006,-8.850140992999968],[115.94711302100006,-8.850156976999926],[115.94708299500007,-8.850169009999945],[115.94707601400012,-8.850171973999977],[115.94703796500005,-8.850183981999976],[115.94699098400008,-8.850200034999943],[115.94695800800002,-8.850221009999927],[115.94693800700009,-8.850241026999981],[115.94692301100008,-8.85026801999993],[115.94691799400005,-8.850291966999976],[115.94691602500006,-8.850299013999972],[115.94690200100001,-8.850326008999957],[115.94687302900002,-8.850336958999947],[115.94686200700005,-8.850337018999937],[115.94683801300005,-8.850337041999978],[115.94679600600011,-8.850343975999976],[115.94677299800003,-8.850366968999936],[115.94676802900005,-8.85037400699997],[115.94674901700012,-8.850388962999943],[115.94670897300011,-8.850391019999961],[115.94666700200003,-8.85038502499998],[115.94662300300001,-8.85035397799993],[115.94658702400011,-8.85032403799994],[115.94658000300001,-8.85028803199998],[115.94657996500007,-8.85027501199994],[115.9465839930001,-8.850256034999973],[115.94660401300007,-8.850176975999943],[115.94662099200002,-8.850164996999979],[115.94664300900001,-8.850147969999966],[115.9466509670001,-8.850144014999955],[115.94669399200006,-8.850121981999962]]],[[[115.9471839900001,-8.84916700399998],[115.94631597500006,-8.849798033999946],[115.94717801200011,-8.849107038999932],[115.9471839900001,-8.84916700399998]]],[[[115.92183299200008,-8.849582035999958],[115.92175099400004,-8.849624024999969],[115.92160702300009,-8.849602993999952],[115.92157499900009,-8.849529031999964],[115.92159597800003,-8.849405038999976],[115.92175197100005,-8.849108011999931],[115.92191197200009,-8.849005035999937],[115.9220030350001,-8.849043001999974],[115.92200896400004,-8.849117974999956],[115.92192898700011,-8.849316031999933],[115.92187298800002,-8.84949299899995],[115.92183299200008,-8.849582035999958]]],[[[115.94643200300004,-8.849046982999937],[115.94644199100003,-8.849094028999957],[115.94644198000003,-8.849123955999971],[115.94644102900008,-8.849142037999968],[115.94641897000008,-8.849173983999947],[115.94640498500007,-8.849187959999938],[115.9463949950001,-8.849193988999957],[115.94635503300003,-8.849220006999929],[115.94631001900007,-8.849255957999958],[115.94627102600009,-8.849283967999952],[115.94622100400011,-8.849287987999958],[115.9461869700001,-8.849285992999967],[115.9461820250001,-8.84928498399995],[115.94616102500004,-8.849287004999951],[115.94613000800007,-8.849305000999948],[115.94612497300011,-8.849308964999977],[115.94608597400008,-8.849338964999959],[115.94604898400007,-8.84934799299998],[115.9460360270001,-8.849342982999929],[115.94603200100005,-8.849335014999951],[115.9460279650001,-8.849303990999942],[115.94603498100003,-8.849289000999931],[115.94604403000005,-8.84927103299998],[115.94605402000002,-8.849237966999965],[115.94604398900003,-8.849206021999976],[115.9460369740001,-8.849194970999974],[115.94600001600008,-8.849166022999952],[115.94597300100008,-8.849148044999936],[115.9459129710001,-8.849111978999929],[115.94586502100003,-8.849072964999948],[115.94584599300003,-8.84904099399995],[115.94583799300005,-8.84903301299994],[115.94580796600007,-8.84899296499998],[115.94579500800012,-8.84896200399993],[115.94579401100009,-8.848916973999962],[115.94579900100007,-8.84887602799995],[115.94580202300006,-8.848867988999928],[115.94582103100004,-8.848827986999936],[115.94585796800004,-8.848784960999978],[115.94588403300008,-8.848768035999967],[115.94589896500008,-8.848764009999968],[115.945953024,-8.848763980999934],[115.94599703600011,-8.848764014999972],[115.94600198700005,-8.848763033999944],[115.94604299800005,-8.848763962999953],[115.94608498200012,-8.848764985999935],[115.94612801700009,-8.848766010999952],[115.94618799000011,-8.848768982999957],[115.94623801000012,-8.848791998999957],[115.94624900100007,-8.848802970999941],[115.94627096400006,-8.848830971999973],[115.94629902800011,-8.848875988999964],[115.94633602600004,-8.848916961999976],[115.94638103400007,-8.84896202699997],[115.94641502200011,-8.849006968999959],[115.94643200300004,-8.849046982999937]]],[[[115.94548002400006,-8.848066968999944],[115.94549903000006,-8.84805400099998],[115.94555501800005,-8.848034990999963],[115.94561501700002,-8.848029010999937],[115.94561899700011,-8.848027032999937],[115.94565803700004,-8.848008968999977],[115.94569498500005,-8.84798800599998],[115.94573197000011,-8.847980966999955],[115.94576696400009,-8.847988026999928],[115.94580396900005,-8.848026016999938],[115.94580501000007,-8.848029002999965],[115.94583599900011,-8.848074028999974],[115.94585702800009,-8.848113962999946],[115.94587297300006,-8.848148999999978],[115.94587996700011,-8.84816800799996],[115.94589198800008,-8.848211984999978],[115.94589902300004,-8.848243017999948],[115.94589797200001,-8.848269959999925],[115.94587802500007,-8.84829702899998],[115.94584501000008,-8.848305977999928],[115.9458350320001,-8.848308029999941],[115.9458080170001,-8.848316000999944],[115.9457609750001,-8.848326989999975],[115.94570702300007,-8.84834202899998],[115.94564796400005,-8.848360035999974],[115.94560701600005,-8.848390030999951],[115.94559999800003,-8.848406014999966],[115.94558499200002,-8.848435991999963],[115.94555103300002,-8.848460037999928],[115.94554900900005,-8.848460031999934],[115.94550197300009,-8.848442990999956],[115.94548903200007,-8.848432013999968],[115.94545998300009,-8.848390971999947],[115.94543401300007,-8.848348039999962],[115.94542700400007,-8.848334006999949],[115.94541003500001,-8.848290014999975],[115.94540100100005,-8.848223982999968],[115.94540801200003,-8.848157998999966],[115.9454479960001,-8.848097982999946],[115.94548002400006,-8.848066968999944]]],[[[115.92039102800004,-8.846288026999957],[115.92136300100003,-8.846579984999948],[115.92080503200009,-8.847427038999967],[115.92028098800006,-8.84638201699994],[115.92039102800004,-8.846288026999957]]],[[[115.92220198200005,-8.846660972999928],[115.92220100500003,-8.846841985999959],[115.92211000500004,-8.846859988999938],[115.92178000700005,-8.846765999999946],[115.92173597900012,-8.846693989999949],[115.9217759930001,-8.84662502699996],[115.92184202300007,-8.846479010999929],[115.92184202600004,-8.846375029999933],[115.92188101600004,-8.846270980999975],[115.9219279880001,-8.846309995999945],[115.92199596400008,-8.846396991999939],[115.92211697200003,-8.846553040999936],[115.92220198200005,-8.846660972999928]]],[[[115.9192959930001,-8.84628803499993],[115.91925501100002,-8.846174983999958],[115.91938000200003,-8.84604496199995],[115.91946296700007,-8.846004965999953],[115.91953403600007,-8.84603401399994],[115.91960501900007,-8.84619498099994],[115.91960902700009,-8.846234957999968],[115.919667978,-8.846408005999933],[115.91966998500004,-8.84659400299995],[115.9196429970001,-8.84664401599997],[115.9192959930001,-8.84628803499993]]],[[[115.93980598400003,-8.84579998099997],[115.94011200300008,-8.844528026999967],[115.93982597700005,-8.845808989999966],[115.93980598400003,-8.84579998099997]]],[[[115.91952603200002,-8.844536038999934],[115.91956597300009,-8.844465989999946],[115.91973601400002,-8.844210959999941],[115.91997798900002,-8.843996009999955],[115.92013098000007,-8.844033974999945],[115.920185016,-8.844170027999951],[115.92014603700011,-8.844372994999958],[115.9200710230001,-8.844488964999925],[115.91993498400007,-8.844550960999982],[115.91955697800006,-8.844593995999958],[115.91952603200002,-8.844536038999934]]],[[[115.92496500400011,-8.741238013999975],[115.93171803200005,-8.751087969999958],[115.93497597400005,-8.762348036999981],[115.93214003500009,-8.760500018999949],[115.92667299100003,-8.759562994999953],[115.92635902900008,-8.754164031999949],[115.92437301300004,-8.752701027999933],[115.92324499600011,-8.74898903999997],[115.91875297600006,-8.748438970999928],[115.91277897700002,-8.750559979999935],[115.91272200300011,-8.748908961999973],[115.92102298700001,-8.741924024999946],[115.91989400900002,-8.739033027999938],[115.91532598700007,-8.737619042999938],[115.91495203400007,-8.736350036999966],[115.91763800100011,-8.73360502099996],[115.91852802800008,-8.729693984999926],[115.92308398500006,-8.726741036999954],[115.92608797000003,-8.728252034999969],[115.92741203700007,-8.732654010999966],[115.92482197000004,-8.735359955999968],[115.9248139880001,-8.740656013999967],[115.92496500400011,-8.741238013999975]]],[[[115.94686197100009,-8.741981991999978],[115.94639098700009,-8.742821036999942],[115.94674100400005,-8.741870981999966],[115.94686197100009,-8.741981991999978]]],[[[115.96470597200005,-8.736661965999929],[115.96470597900009,-8.736632035999946],[115.96471296900006,-8.736597966999966],[115.96472498100002,-8.736564002999955],[115.96475198900009,-8.73655503499998],[115.96477301900006,-8.736567027999968],[115.9647909900001,-8.73660098399995],[115.96479497500002,-8.73665099599998],[115.96480099400003,-8.736697036999942],[115.96480102500004,-8.736713040999973],[115.96480497000005,-8.736776978999956],[115.9648019870001,-8.736825977999956],[115.96478402000002,-8.736872041999959],[115.96476800000005,-8.736891981999975],[115.96476297000004,-8.736895042999947],[115.9647370020001,-8.736906996999949],[115.96471398500012,-8.736909013999934],[115.96469899600004,-8.736907977999977],[115.96468900800005,-8.736887967999962],[115.96468499800005,-8.736874032999935],[115.96468197500008,-8.736856030999945],[115.9646769630001,-8.736825003999968],[115.96467597500009,-8.73680302899993],[115.96467599700009,-8.736794981999935],[115.96470603600005,-8.736746959999948],[115.96470598400003,-8.736711966999962],[115.96470597200005,-8.736661965999929]]],[[[115.96016903000009,-8.721943991999979],[115.96171802900005,-8.72225999799997],[115.96125098000005,-8.724462967999955],[115.96009596900001,-8.722100036999962],[115.96016903000009,-8.721943991999979]]],[[[115.97475401000008,-8.707372960999976],[115.97605699700011,-8.707408026999929],[115.97629203100007,-8.708707000999937],[115.9749610130001,-8.708917982999935],[115.97454297500008,-8.707639039999947],[115.97475401000008,-8.707372960999976]]],[[[116.0022758230001,-8.922026400999925],[116.00231579800004,-8.922096832999955],[116.00231579800004,-8.922155842999928],[116.00229485900002,-8.92222437199996],[116.00226059500005,-8.922260539999968],[116.00221681300002,-8.92230051499996],[116.00216160900004,-8.922313839999958],[116.00205691300005,-8.922315742999956],[116.00197125200009,-8.92231954999994],[116.00191414500011,-8.922302417999958],[116.00187036300008,-8.92224721499997],[116.00181896700008,-8.922199624999962],[116.0018132560001,-8.922119675999966],[116.00184371300008,-8.922064471999931],[116.00190082000006,-8.921984521999946],[116.0019426990001,-8.92192741499997],[116.00199599900009,-8.921889343999965],[116.00203787700002,-8.921876018999967],[116.00211592300002,-8.92192360799993],[116.0021996800001,-8.921992135999972],[116.0022758230001,-8.922026400999925]]],[[[116.00610303000008,-8.906117973999926],[116.00616702700006,-8.906078991999948],[116.00621201600006,-8.906109041999969],[116.00631798100005,-8.90646901599996],[116.00626498100007,-8.906600977999972],[116.00618301700001,-8.906656003999956],[116.00608502900002,-8.90661903299997],[116.00602596600004,-8.906524023999964],[116.00604401300006,-8.90642298399996],[116.00609302400005,-8.906352044999949],[116.00610003700001,-8.906364992999954],[116.00612300400007,-8.906329970999934],[116.00613298000007,-8.906245997999974],[116.00608000400007,-8.906230032999929],[116.00606599700006,-8.906141021999929],[116.00610303000008,-8.906117973999926]]],[[[116.00583384100003,-8.904020303999971],[116.00579577000008,-8.904008406999935],[116.00573628300003,-8.903994129999944],[116.00570535000008,-8.903975093999975],[116.00569583200001,-8.903898950999974],[116.00571962700008,-8.903839464999976],[116.0057458010001,-8.903813290999949],[116.00579101100004,-8.903777598999966],[116.00583146200006,-8.903770459999976],[116.00587667100001,-8.903779977999932],[116.00593853700002,-8.903810910999937],[116.00599564400011,-8.903844223999954],[116.00604561300008,-8.903877535999982],[116.00610272000006,-8.903920365999966],[116.00612889400008,-8.90397033499994],[116.00612413500005,-8.904015544999936],[116.0061074790001,-8.904058374999977],[116.0061074790001,-8.904115481999952],[116.00608130500007,-8.904177347999962],[116.00612889400008,-8.904191624999953],[116.00615506800011,-8.90424397299995],[116.00615982700003,-8.904282044999945],[116.00614079200011,-8.904315356999973],[116.00608368500002,-8.904339151999977],[116.00602419800009,-8.904341530999943],[116.00596947000008,-8.90432487499993],[116.00591474300006,-8.904355807999934],[116.00585763600009,-8.904362945999935],[116.0058290820001,-8.90429870099996],[116.00580052900011,-8.904227316999936],[116.00581718500007,-8.90414879499997],[116.00588856900004,-8.904117861999964],[116.00590998400003,-8.904079789999969],[116.00587905100008,-8.904053615999942],[116.00583384100003,-8.904020303999971]]],[[[116.0049869830001,-8.90341197899994],[116.00416497700007,-8.904202039999973],[116.00500603400008,-8.903437979999978],[116.0049869830001,-8.90341197899994]]],[[[116.00486299400006,-8.902978988999962],[116.0048519930001,-8.902915031999953],[116.00489096800004,-8.902894971999956],[116.00498801100002,-8.902837001999956],[116.00500603600005,-8.902827012999978],[116.00504499700003,-8.902783986999964],[116.00511902500011,-8.902806969999972],[116.00523497900008,-8.90293902299993],[116.005197038,-8.902992990999962],[116.00498800300011,-8.903006990999927],[116.00491802300007,-8.90301195799998],[116.00486299400006,-8.902978988999962]]],[[[116.00300002600011,-8.901866991999952],[116.00306997500002,-8.901900997999974],[116.0031229970001,-8.901926999999944],[116.00328800500006,-8.901888017999966],[116.00331103700012,-8.901939979999952],[116.00329699100007,-8.90197601999995],[116.00330998000004,-8.90199802799998],[116.00333500800002,-8.902060031999952],[116.0029869870001,-8.902279000999954],[116.00278298100011,-8.90231896299997],[116.00272501300003,-8.902347017999944],[116.00268497700006,-8.902066971999943],[116.00273302400001,-8.90196402099997],[116.00290899600009,-8.901864036999939],[116.00300002600011,-8.901866991999952]]],[[[116.00340003500003,-8.90189003599994],[116.00334700400003,-8.901867016999972],[116.00297599900011,-8.901794953999968],[116.00272702500001,-8.901604043999953],[116.00284098600002,-8.901335982999967],[116.00290103100008,-8.901315979999936],[116.00314798900001,-8.90150399199996],[116.00320901400005,-8.901510032999965],[116.00327898100011,-8.90153698399996],[116.0033360010001,-8.901637953999966],[116.00349897400008,-8.901851962999956],[116.00344398200002,-8.901888977999931],[116.00340003500003,-8.90189003599994]]],[[[116.01725703400007,-8.90061198199993],[116.01723897200009,-8.900551985999925],[116.01727396500007,-8.900394022999933],[116.01730596800007,-8.900371954999969],[116.01737897900011,-8.900354967999931],[116.01741697700004,-8.900334993999934],[116.01759601100002,-8.90035101899997],[116.01770502200009,-8.900388016999955],[116.01772997,-8.900453004999974],[116.01769099700005,-8.900501004999967],[116.01756003300011,-8.900540987999932],[116.01746798900001,-8.900580980999962],[116.01725703400007,-8.90061198199993]]],[[[115.99457503400004,-8.899408973999925],[115.99310398900002,-8.90096600299995],[115.99258398200004,-8.898344958999928],[115.99403503700012,-8.897789002999957],[115.9947900200001,-8.899137027999927],[115.99457503400004,-8.899408973999925]]],[[[115.99797699700002,-8.891964027999961],[115.99789996900006,-8.892052974999956],[115.99779701400007,-8.892079009999975],[115.99768800400011,-8.891988026999968],[115.99765701400008,-8.891775003999953],[115.9979519640001,-8.891849037999975],[115.99797500400007,-8.891924961999962],[115.99797699700002,-8.891964027999961]]],[[[115.98620102500001,-8.892178032999936],[115.98602698100001,-8.891195964999952],[115.98625602600009,-8.892246990999979],[115.98620102500001,-8.892178032999936]]],[[[115.98711699600005,-8.891605996999942],[115.98706097400009,-8.891716970999937],[115.98687603100007,-8.891862042999946],[115.9867309870001,-8.891896007999947],[115.98661098100001,-8.891851015999976],[115.98657502900005,-8.891753986999959],[115.98649699000009,-8.891609013999926],[115.98634600600008,-8.891349008999953],[115.98638202200004,-8.89125895899997],[115.98645201300008,-8.891221985999948],[115.98659299400003,-8.891220019999935],[115.9866350100001,-8.891239029999952],[115.98679701700007,-8.891280973999926],[115.98699398800011,-8.891342994999945],[115.9871050050001,-8.891494025999975],[115.98711699600005,-8.891605996999942]]],[[[115.997261965,-8.89081503999995],[115.99742698600005,-8.89079703799996],[115.99769797400006,-8.890831042999935],[115.99773197500008,-8.890846956999951],[115.99771199700001,-8.89088596399995],[115.99767202500004,-8.890914971999962],[115.9975330100001,-8.890965955999945],[115.99735098500003,-8.890949010999975],[115.99722901000007,-8.890856002999953],[115.997261965,-8.89081503999995]]],[[[115.98730701000011,-8.890843011999948],[115.98734897700001,-8.890633985999955],[115.9874870000001,-8.890344022999955],[115.98751401000004,-8.89028396699996],[115.98756801900004,-8.89033203699995],[115.9876950370001,-8.890526964999935],[115.98777499700009,-8.890736954999966],[115.9875809670001,-8.890968986999951],[115.98735098100008,-8.891078040999957],[115.98730696400003,-8.890996000999962],[115.98730701000011,-8.890843011999948]]],[[[115.9866680350001,-8.89068195599998],[115.98652199100002,-8.890588969999953],[115.98640298200007,-8.890454011999964],[115.98626896400003,-8.890186999999969],[115.98631701200009,-8.890084955999953],[115.9864460330001,-8.890151041999957],[115.98660499800008,-8.89034497199998],[115.98680899900012,-8.89060503099995],[115.98683802300002,-8.890658004999977],[115.98677699000007,-8.890682974999947],[115.9866680350001,-8.89068195599998]]],[[[115.98734197200008,-8.889907988999937],[115.98716002800006,-8.89070897199997],[115.9872789960001,-8.88987598999995],[115.98734197200008,-8.889907988999937]]],[[[115.987432979,-8.889290037999956],[115.98724003100006,-8.889237974999958],[115.98721602800003,-8.889158972999951],[115.98727302500004,-8.889047006999931],[115.9874520300001,-8.888879041999928],[115.98759202000008,-8.888827972999934],[115.987736014,-8.888876015999926],[115.98781698900007,-8.888988988999927],[115.98783097100011,-8.889030980999962],[115.98784600300007,-8.889154986999927],[115.9877820160001,-8.889218015999973],[115.98763300000007,-8.889279005999981],[115.987432979,-8.889290037999956]]],[[[115.98832001500011,-8.884118005999937],[115.98850702400011,-8.88417502599998],[115.98854199000004,-8.884194018999949],[115.98852997800009,-8.884226988999956],[115.98833602500008,-8.884323030999951],[115.98824300800004,-8.884335980999936],[115.98819399400008,-8.88424398099994],[115.98820698500003,-8.884155043999954],[115.98832001500011,-8.884118005999937]]],[[[115.98234702700006,-8.883460955999965],[115.98237698600008,-8.883501003999982],[115.98209401400004,-8.883627993999937],[115.98205399800008,-8.883563958999957],[115.98210298200001,-8.88344898899993],[115.98219899600008,-8.883410007999942],[115.98234396400005,-8.88345696999994],[115.98234702700006,-8.883460955999965]]],[[[115.98791402100005,-8.883332967999934],[115.98790299000007,-8.883336011999972],[115.98786202400004,-8.883371977999957],[115.98785603500005,-8.883422958999972],[115.98790499900008,-8.883477976999927],[115.9876529930001,-8.88368896399993],[115.98746399100003,-8.883729954999978],[115.98729600100012,-8.883710962999942],[115.98723299700009,-8.883661963999941],[115.98726396600011,-8.883580037999934],[115.98761598800002,-8.883428998999932],[115.98768303600002,-8.883397985999977],[115.98763196800007,-8.883343956999965],[115.98751100900006,-8.883291999999926],[115.9874599740001,-8.883198999999934],[115.9874919670001,-8.883153966999942],[115.98787298000002,-8.883205003999933],[115.98791297200012,-8.883277990999943],[115.98791402100005,-8.883332967999934]]],[[[115.98045199600006,-8.88419098299994],[115.98060697900007,-8.882159953999974],[115.98069702900011,-8.884252955999955],[115.98045199600006,-8.88419098299994]]],[[[115.98229498500007,-8.88278203699997],[115.9822529700001,-8.882546016999981],[115.98225199000001,-8.882465992999926],[115.98224702100003,-8.882418962999964],[115.98225702900004,-8.882379023999931],[115.98230800500005,-8.882357010999954],[115.98243398200009,-8.88243800899994],[115.98253301600005,-8.882636024999954],[115.98255497900004,-8.882748024999955],[115.98248198600004,-8.882840956999928],[115.9823990000001,-8.882859989999929],[115.98229498500007,-8.88278203699997]]],[[[115.98172397100006,-8.882157036999956],[115.98181697400003,-8.882012980999946],[115.98182897700008,-8.88201102399995],[115.98188699400009,-8.882018959999925],[115.98190303100012,-8.882076961999928],[115.98189403100002,-8.88226799299997],[115.9818349950001,-8.882466030999979],[115.98175001300001,-8.882556037999962],[115.98171499800003,-8.882500966999942],[115.98172397100006,-8.882157036999956]]],[[[115.98238399500008,-8.882074024999952],[115.98248198700003,-8.88218803999996],[115.98243899700003,-8.882223999999951],[115.98234799600004,-8.88218496099995],[115.98226299600003,-8.882064019999973],[115.98228097300012,-8.882043994999947],[115.98233100800007,-8.882036988999971],[115.98238399500008,-8.882074024999952]]],[[[115.98083096800008,-8.881342993999965],[115.98085203700009,-8.881234999999947],[115.98096600400004,-8.881103027999927],[115.98106503500003,-8.881139013999928],[115.98106600400001,-8.88114100599995],[115.98110001200007,-8.88118097499995],[115.98110200200006,-8.881275015999961],[115.98106702400003,-8.881531981999956],[115.9810019680001,-8.881547989999945],[115.98092299300004,-8.881499038999948],[115.98083096800008,-8.881342993999965]]],[[[116.01761401500005,-8.866977015999964],[116.01766401400005,-8.865627985999936],[116.01766899000006,-8.867057001999967],[116.01761401500005,-8.866977015999964]]],[[[115.9893389990001,-8.728440964999947],[115.98931902000004,-8.728511982999976],[115.98901999300006,-8.72855196599994],[115.98890398500009,-8.728543971999954],[115.98884803300007,-8.728474017999929],[115.98884402100009,-8.728376984999954],[115.98893602200008,-8.728253987999949],[115.98908296800005,-8.728212966999934],[115.98912996800004,-8.728212006999968],[115.98921703400003,-8.728278969999963],[115.98928900100009,-8.72833097199998],[115.9893389990001,-8.728440964999947]]],[[[116.01382997500002,-8.725330998999937],[116.01241599200011,-8.72286497999994],[116.01465096700008,-8.719520959999954],[116.0167780160001,-8.72538702199995],[116.01431496900011,-8.725401973999965],[116.01382997500002,-8.725330998999937]]],[[[116.00679801800004,-8.717910004999965],[116.00802497400002,-8.715503042999956],[116.01045803500006,-8.717600008999966],[116.01052697700004,-8.719741987999953],[116.00695297300001,-8.718381954999927],[116.00679801800004,-8.717910004999965]]],[[[116.02307403400005,-8.904078995999953],[116.02354297500005,-8.903136961999962],[116.02328497000008,-8.904225035999957],[116.02307403400005,-8.904078995999953]]],[[[116.01945300600005,-8.90335596899996],[116.0194529900001,-8.903333995999958],[116.01945601800003,-8.903295033999939],[116.01951201300005,-8.903331980999951],[116.01968301400007,-8.903548987999955],[116.01964699100006,-8.903671955999926],[116.01956300000006,-8.903757000999974],[116.01951901100006,-8.903661038999928],[116.01947800500011,-8.903486962999978],[116.01945300600005,-8.90335596899996]]],[[[116.02263903300002,-8.902912969999932],[116.0226789940001,-8.903000962999954],[116.02267298000004,-8.903147969999964],[116.02266800200005,-8.903187018999972],[116.02265701400006,-8.903201999999965],[116.02257801400003,-8.903214993999939],[116.02252101500005,-8.90318898299995],[116.02251603500008,-8.903144030999954],[116.0224610140001,-8.903191990999971],[116.0224009640001,-8.903213986999958],[116.02232401000003,-8.903077972999938],[116.02233302900004,-8.90301397899998],[116.02233403000002,-8.90297600499997],[116.02237098,-8.902955034999934],[116.02263903300002,-8.902912969999932]]],[[[116.02083297500008,-8.90237203099997],[116.02085999300004,-8.90256198399993],[116.02081101600004,-8.902620990999935],[116.02069097700007,-8.902584958999967],[116.02063499600001,-8.902515006999977],[116.0206020280001,-8.90239203799996],[116.02059902400003,-8.90236499599996],[116.02063503200009,-8.90230396499993],[116.02070697700003,-8.902265002999968],[116.02064202700001,-8.902239966999957],[116.02055399700009,-8.902179967999928],[116.0206300100001,-8.902133961999937],[116.02085098900011,-8.902168993999965],[116.02081599700011,-8.902299015999972],[116.02083297500008,-8.90237203099997]]],[[[116.01934301200004,-8.902280039999937],[116.01934401300002,-8.902241974999981],[116.01936397200006,-8.902210018999938],[116.01938199500012,-8.902171998999961],[116.01944996600002,-8.90218899599995],[116.0194519910001,-8.902189001999943],[116.0194749640001,-8.902179024999953],[116.01951302900011,-8.902162035999936],[116.0196899880001,-8.902140982999981],[116.01976299800003,-8.902264958999979],[116.01972698300006,-8.902385032999973],[116.01963496600001,-8.902443021999943],[116.01951201100007,-8.902459968999949],[116.01956397300012,-8.902602968999929],[116.01952603000007,-8.902574025999968],[116.01942999900007,-8.90253398699997],[116.01920097900006,-8.902420991999975],[116.01917898200008,-8.902345974999946],[116.01923501200008,-8.90225696799996],[116.01928998800008,-8.902281978999952],[116.01934301200004,-8.902280039999937]]],[[[116.01852800500001,-8.902341004999926],[116.01841702500008,-8.902141967999967],[116.01842699400004,-8.902030957999955],[116.01847801400004,-8.901993025999957],[116.01860402700004,-8.902009995999947],[116.01864198700002,-8.902032970999926],[116.01872300600007,-8.902078032999952],[116.01877999300007,-8.902135962999978],[116.01882102700006,-8.902271972999927],[116.01876403200004,-8.902385028999959],[116.01867101000005,-8.902426014999946],[116.01852800500001,-8.902341004999926]]],[[[116.02440099300009,-8.90187296399995],[116.02444502700007,-8.901838990999977],[116.0244829720001,-8.901838999999939],[116.02466396900002,-8.90193495799997],[116.02474301900008,-8.902016000999936],[116.02474498100003,-8.902237987999968],[116.02463701900001,-8.902314020999938],[116.02439996600003,-8.902232020999975],[116.02432801300006,-8.901963011999953],[116.02440099300009,-8.90187296399995]]],[[[116.01944599300009,-8.901765998999963],[116.01947499900007,-8.901799983999979],[116.01957103500001,-8.901894001999949],[116.01948801600008,-8.902037008999969],[116.0192940290001,-8.902031977999968],[116.01923200800002,-8.901948988999948],[116.01922099700005,-8.901831955999967],[116.01927097100008,-8.901792031999946],[116.01929499700009,-8.901753032999977],[116.01921402900007,-8.901717013999928],[116.01917198300009,-8.901511015999972],[116.01921003400003,-8.901470969999934],[116.01939499100001,-8.901543974999981],[116.0194919810001,-8.901618011999972],[116.01948397000001,-8.90172604299994],[116.01944599300009,-8.901765998999963]]],[[[116.01795700100001,-8.901563963999934],[116.01780099100006,-8.901463004999925],[116.01768296700004,-8.90140301699995],[116.01765296500002,-8.901376986999935],[116.01767803500002,-8.901339979999932],[116.01772200800008,-8.90130103499996],[116.0178210250001,-8.901261963999957],[116.01789701100006,-8.901281966999932],[116.01799196600007,-8.90135997799996],[116.01810099300008,-8.90161597399998],[116.01807801600012,-8.901655969999979],[116.01795700100001,-8.901563963999934]]],[[[116.01750098700006,-8.901058035999938],[116.01753603800012,-8.900878010999975],[116.01754497500008,-8.900872969999966],[116.01768697600005,-8.900855983999975],[116.01772502000006,-8.900874982999937],[116.017885019,-8.90108300999998],[116.01778398700003,-8.901203002999978],[116.0176559900001,-8.901226987999962],[116.01758199800008,-8.901189991999956],[116.01750098700006,-8.901058035999938]]],[[[116.0730249830001,-8.899853039999925],[116.07289997300006,-8.89985299999995],[116.07285903000002,-8.899763018999977],[116.07285700700004,-8.899643024999932],[116.07292098100004,-8.899580973999946],[116.07308298600003,-8.899570978999975],[116.07325897200008,-8.899637966999933],[116.07325400000002,-8.899735971999974],[116.07319600800008,-8.899774979999961],[116.0731329890001,-8.899786035999966],[116.07308199700003,-8.899815024999953],[116.07305003600004,-8.899851023999929],[116.0730249830001,-8.899853039999925]]],[[[116.04918900200005,-8.899546001999965],[116.0491159710001,-8.89948396699998],[116.04905998700008,-8.899441959999933],[116.0489719730001,-8.899374008999928],[116.04893101000005,-8.899293971999953],[116.04895100200008,-8.89921897499994],[116.04909796700008,-8.899224954999966],[116.0491300010001,-8.89924899999994],[116.04918202200008,-8.899316042999942],[116.04921996900009,-8.899343989999977],[116.049259989,-8.89946995899993],[116.04924202500001,-8.899543966999943],[116.04918900200005,-8.899546001999965]]],[[[116.04968603100008,-8.898705992999965],[116.04942498500009,-8.897226037999928],[116.04983797700004,-8.898671026999978],[116.04968603100008,-8.898705992999965]]],[[[116.07685498100011,-8.895939969999972],[116.07786902800001,-8.896257961999936],[116.07692099200005,-8.897010001999945],[116.07678002400007,-8.89601700399993],[116.07685498100011,-8.895939969999972]]],[[[116.08426403400006,-8.889144960999943],[116.08260996600006,-8.889159972999948],[116.08251303100008,-8.887732967999966],[116.08433703600008,-8.889251024999965],[116.08426403400006,-8.889144960999943]]],[[[116.09746598900006,-8.880638034999947],[116.09752196700003,-8.880561039999975],[116.0976919630001,-8.880592013999944],[116.0976659690001,-8.880826957999943],[116.09762002900004,-8.880846016999953],[116.09760997100011,-8.880849971999965],[116.09758197200006,-8.880862019999938],[116.09751502900008,-8.880852996999977],[116.09751503600012,-8.880850012999929],[116.09746598900006,-8.880638034999947]]],[[[116.09672203600007,-8.880424012999981],[116.096308969,-8.880408003999946],[116.09626003400001,-8.880211034999945],[116.09631596600002,-8.88009199399994],[116.09651600300003,-8.88004301799998],[116.0966240140001,-8.880061996999927],[116.09668097600002,-8.88010399999996],[116.09677402900002,-8.88007601399994],[116.09688902100004,-8.880030990999956],[116.09706902100004,-8.880141016999971],[116.0973990220001,-8.88027102999996],[116.09744496700011,-8.88040297699996],[116.0974759930001,-8.88053298799997],[116.09745503600004,-8.880608982999945],[116.0974379910001,-8.880648998999959],[116.09729203600011,-8.880568982999932],[116.09723996800005,-8.880548963999956],[116.09711896300007,-8.880538996999974],[116.09709899000006,-8.880489034999925],[116.0970669830001,-8.880452968999975],[116.0967600350001,-8.88043197299993],[116.09672203600007,-8.880424012999981]]],[[[116.09628500300005,-8.873288001999981],[116.09702597500007,-8.87443897199995],[116.09630102400001,-8.873451976999945],[116.09628500300005,-8.873288001999981]]],[[[116.09554902400009,-8.873254029999941],[116.0954879730001,-8.87307502699997],[116.09548603300004,-8.872978993999936],[116.09556401900011,-8.872947985999929],[116.09575898800006,-8.873037976999967],[116.09582303600007,-8.87309500799995],[116.09593600100004,-8.87323398899997],[116.0959370280001,-8.873243032999937],[116.09591502400008,-8.873347959999933],[116.09584001200005,-8.873420025999962],[116.09569698400003,-8.873431977999928],[116.09554902400009,-8.873254029999941]]],[[[116.03976099800002,-8.870738039999935],[116.0388430370001,-8.871921007999958],[116.03949602600005,-8.870614024999952],[116.03976099800002,-8.870738039999935]]],[[[116.01956497600008,-8.869925958999943],[116.01826601300002,-8.870412987999941],[116.0195689730001,-8.869860956999958],[116.01956497600008,-8.869925958999943]]],[[[116.02265298900011,-8.741096954999932],[116.02249303000008,-8.741010009999968],[116.02243901600002,-8.740912034999951],[116.02248598900007,-8.740806996999936],[116.02263200700008,-8.740777985999955],[116.02274602200009,-8.740833979999934],[116.02277799900003,-8.740874026999961],[116.02280003700002,-8.740989008999975],[116.02277199600007,-8.741078001999938],[116.02265298900011,-8.741096954999932]]],[[[116.02532600500001,-8.730671041999926],[116.02552400400009,-8.730482027999926],[116.02556297600006,-8.730455000999939],[116.02571700500005,-8.730457023999975],[116.02567297700011,-8.730814978999945],[116.02563399100006,-8.730876003999981],[116.02540303400008,-8.730883005999942],[116.0252530250001,-8.73083397399995],[116.02532600500001,-8.730671041999926]]],[[[116.02025799500007,-8.725018963999958],[116.02130399200007,-8.72343395799993],[116.02606801500008,-8.72210399499994],[116.02795702300011,-8.725779036999938],[116.02431200000001,-8.726950043999977],[116.02041897900006,-8.72517002099994],[116.02025799500007,-8.725018963999958]]],[[[116.02605300900007,-8.721559981999974],[116.02603897400002,-8.72159602399995],[116.02596799800006,-8.72168101899996],[116.02586002300006,-8.721667991999936],[116.02580698500003,-8.721511969999938],[116.02582502900009,-8.721375027999954],[116.02602100900003,-8.72112397899997],[116.02613599900008,-8.721061972999962],[116.02621599300005,-8.721083969999938],[116.02624997300006,-8.721161005999932],[116.02615803600008,-8.721380041999964],[116.0261200010001,-8.721421989999953],[116.02605300900007,-8.721559981999974]]]]}},{"type":"Feature","properties":{"kode_kec":"52.01.08","kecamatan":"Labuapi","kab_kota":"Lombok Barat"},"geometry":{"type":"Polygon","coordinates":[[[116.08943603500006,-8.643675016999964],[116.08746597400011,-8.646994013999972],[116.08495098500009,-8.64717500699993],[116.08315896600004,-8.648834956999963],[116.0688996780001,-8.651347052999938],[116.07459043500012,-8.622823357999948],[116.07776522200004,-8.622623506999957],[116.07823130400004,-8.624582502999942],[116.08647945700011,-8.626579179999965],[116.10218364800005,-8.624256969999976],[116.1070905250001,-8.621027445999971],[116.11088867100011,-8.61662776199995],[116.11181809900006,-8.616667010999947],[116.11121777000005,-8.621357417999945],[116.11391115300012,-8.621490517999973],[116.11765226400007,-8.618649020999953],[116.12275374800004,-8.61901350599993],[116.12669786200001,-8.617493415999945],[116.13098391900007,-8.61918742499995],[116.13267146900012,-8.61571687999998],[116.13665890100003,-8.616571223999927],[116.1360369140001,-8.611923481999952],[116.14179916900002,-8.61404388099993],[116.15024649500003,-8.61225666699994],[116.15422649000004,-8.607606269999962],[116.1568900200001,-8.60992099699996],[116.15757199400002,-8.614902013999938],[116.16214668000009,-8.618456376999973],[116.16374801500001,-8.622957002999954],[116.16606500300009,-8.622954989999926],[116.16881897500002,-8.624999957999933],[116.16695300300012,-8.62733602399993],[116.16409302800002,-8.627625042999966],[116.16440301700004,-8.630228964999958],[116.15806602400005,-8.632781006999949],[116.1551910280001,-8.63232500199996],[116.15312301900008,-8.63027195899997],[116.15158699500012,-8.630713001999936],[116.14696899100011,-8.627405968999938],[116.14056296700005,-8.627924005999944],[116.136921013,-8.635634006999965],[116.13138202700009,-8.636063039999954],[116.12688702000003,-8.640887988999964],[116.11960599400004,-8.642375983999955],[116.11492102800003,-8.642217979999941],[116.11379198000009,-8.641030998999952],[116.10939901400002,-8.642816989999972],[116.10564096400003,-8.642512006999937],[116.10578199400004,-8.646138956999948],[116.09995801000002,-8.650547020999966],[116.09311400500007,-8.643896960999939],[116.09037499100009,-8.64272301099993],[116.08952697200004,-8.643472956999972],[116.08943603500006,-8.643675016999964]]]}},{"type":"Feature","properties":{"kode_kec":"52.01.01","kecamatan":"Gerung","kab_kota":"Lombok Barat"},"geometry":{"type":"Polygon","coordinates":[[[116.10852901700002,-8.693483002999926],[116.10485100000005,-8.696478965999972],[116.09219901300003,-8.695685030999925],[116.09038398000007,-8.694551044999969],[116.08737598700009,-8.688273016999972],[116.08818000600002,-8.68096197999995],[116.08717303300011,-8.67816296899997],[116.07866500500006,-8.67678699299995],[116.07337998500009,-8.679676041999926],[116.0704480070001,-8.67808796099996],[116.0682867160001,-8.678721031999942],[116.07208603400011,-8.66834799999998],[116.07167358100003,-8.663489652999942],[116.06990088300006,-8.660045382999954],[116.0679022170001,-8.660331861999964],[116.0688996780001,-8.651347052999938],[116.08315896600004,-8.648834956999963],[116.08495098500009,-8.64717500699993],[116.08746597400011,-8.646994013999972],[116.09054102200002,-8.642768978999982],[116.09324003500001,-8.64399898499994],[116.09499102900008,-8.646565994999946],[116.09680301700007,-8.64647198299997],[116.10002796900005,-8.651666988999978],[116.10570112500011,-8.653724653999973],[116.10478782700011,-8.65977096599994],[116.10589790300003,-8.665500640999937],[116.11293367400003,-8.664559663999967],[116.11301199600007,-8.663449491999927],[116.12120498000002,-8.666291993999948],[116.12419698400004,-8.662579002999962],[116.1250000340001,-8.655790993999972],[116.12716860800003,-8.65400193499994],[116.12786384000003,-8.656616880999934],[116.13572200400006,-8.658117026999946],[116.14233196900011,-8.655135965999932],[116.14630301400007,-8.654890031999969],[116.14749703100006,-8.657111983999926],[116.14618002200007,-8.658253005999939],[116.14680207100002,-8.65985522099993],[116.15069542000003,-8.658996187999946],[116.1517043230001,-8.661917714999959],[116.14336202300001,-8.666315997999959],[116.1472268220001,-8.67026703099998],[116.15239047300008,-8.666054483999972],[116.1548140210001,-8.670732973999975],[116.15235796600007,-8.67543901199997],[116.15297397400002,-8.67817400399997],[116.15441700800011,-8.679050976999974],[116.15423698400002,-8.681427025999938],[116.14869001400007,-8.695493043999932],[116.14995601200008,-8.698120981999978],[116.15327502000002,-8.697491970999977],[116.1546849660001,-8.70456304299995],[116.15635198000007,-8.706813972999953],[116.16213803200003,-8.708364974999938],[116.15954201600005,-8.709799980999946],[116.1587369660001,-8.71635596799996],[116.16018202600003,-8.714748974999964],[116.16044401200008,-8.717260009999961],[116.15815596900006,-8.719878974999972],[116.16177701200002,-8.722309999999936],[116.16199500000005,-8.725296027999946],[116.16590402600002,-8.72587404199993],[116.1671174380001,-8.729770061999943],[116.16594596100003,-8.733149605999927],[116.15260712700001,-8.738088821999952],[116.14586214700012,-8.732779068999946],[116.14155820000008,-8.731247738999969],[116.13977508800008,-8.72899988699993],[116.13814579900009,-8.733541627999955],[116.13163260100009,-8.740784490999943],[116.13052604600011,-8.743927504999931],[116.13115798900003,-8.745952011999975],[116.12793996500011,-8.744253964999928],[116.12168100200006,-8.736338022999973],[116.1171520260001,-8.735907033999979],[116.11307698700011,-8.73780301499994],[116.110113995,-8.73663801999993],[116.1074819910001,-8.726443029999928],[116.11900998500005,-8.71312895899996],[116.10644201500008,-8.71039804399993],[116.10959402800006,-8.705836975999944],[116.11028000600004,-8.699928955999951],[116.11228800200001,-8.696280985999977],[116.11192601900007,-8.694741042999965],[116.10872103600002,-8.692755000999966],[116.10852901700002,-8.693483002999926]]]}},{"type":"Feature","properties":{"kode_kec":"52.01.02","kecamatan":"Kediri","kab_kota":"Lombok Barat"},"geometry":{"type":"Polygon","coordinates":[[[116.12678701800007,-8.654406976999951],[116.1250000340001,-8.655790993999972],[116.12419698400004,-8.662579002999962],[116.12120498000002,-8.666291993999948],[116.11301199600007,-8.663449491999927],[116.11293367400003,-8.664559663999967],[116.10598564100007,-8.665554046999944],[116.10478782700011,-8.65977096599994],[116.10570112500011,-8.653724653999973],[116.10002796900005,-8.651666988999978],[116.09989098200003,-8.650559973999975],[116.10578199400004,-8.646138956999948],[116.10564096400003,-8.642512006999937],[116.10939901400002,-8.642816989999972],[116.11379198000009,-8.641030998999952],[116.11492102800003,-8.642217979999941],[116.11960599400004,-8.642375983999955],[116.12688702000003,-8.640887988999964],[116.13138202700009,-8.636063039999954],[116.136921013,-8.635634006999965],[116.14056296700005,-8.627924005999944],[116.14696899100011,-8.627405968999938],[116.15158699500012,-8.630713001999936],[116.15312301900008,-8.63027195899997],[116.1551910280001,-8.63232500199996],[116.15806602400005,-8.632781006999949],[116.16440301700004,-8.630228964999958],[116.16409302800002,-8.627625042999966],[116.17243600300003,-8.624479960999963],[116.1747180100001,-8.622061023999947],[116.17629503400008,-8.624236960999951],[116.17996612200011,-8.623273516999973],[116.18040369900007,-8.625350986999933],[116.17815360600002,-8.626285633999942],[116.18201650000003,-8.639668805999975],[116.17514802500011,-8.64237697599998],[116.17523299700008,-8.643968008999934],[116.17271800800006,-8.644289020999963],[116.17188096600012,-8.64882799999998],[116.16842895000002,-8.648213956999939],[116.16272508500003,-8.653190717999962],[116.1633035540001,-8.654317812999977],[116.16202620400009,-8.655816122999966],[116.14680207100002,-8.65985522099993],[116.14618002200007,-8.658253005999939],[116.14749703100006,-8.657111983999926],[116.14630301400007,-8.654890031999969],[116.14233196900011,-8.655135965999932],[116.13572200400006,-8.658117026999946],[116.12786384000003,-8.656616880999934],[116.12695700000006,-8.654304010999965],[116.12678701800007,-8.654406976999951]]]}},{"type":"Feature","properties":{"kode_kec":"52.01.14","kecamatan":"Batu Layar","kab_kota":"Lombok Barat"},"geometry":{"type":"Polygon","coordinates":[[[116.08362196600001,-8.54493200099995],[116.08190997400004,-8.545583969999939],[116.07765397700007,-8.55231202699997],[116.07457999500002,-8.553221038999936],[116.0694456010001,-8.55199267599994],[116.06740801400008,-8.531671987999971],[116.06379297100011,-8.520736005999936],[116.0597740280001,-8.516888018999964],[116.06010500000002,-8.51391001199994],[116.05164296600003,-8.502674032999948],[116.04763000100002,-8.501018990999967],[116.04408203600008,-8.503025999999977],[116.04480498500004,-8.497374994999973],[116.04198701100006,-8.494930003999968],[116.0393689870001,-8.496226004999926],[116.03838801300003,-8.491995963999955],[116.03351701300005,-8.484763040999951],[116.03624297400006,-8.483202038999934],[116.03729196800009,-8.48058797799996],[116.03658595200011,-8.470175068999936],[116.04484046300001,-8.470466037999927],[116.06825838200007,-8.46179226199996],[116.0718382870001,-8.463138964999928],[116.0732022420001,-8.471089233999976],[116.07502815700002,-8.472508111999957],[116.07910120600002,-8.467413008999927],[116.0832454020001,-8.46494527699997],[116.09049479200007,-8.482478140999945],[116.09471901800009,-8.488909556999943],[116.09668449100002,-8.498301091999963],[116.10039134700003,-8.504515836999929],[116.10133858800009,-8.508706662999941],[116.09861885800001,-8.514024130999928],[116.09987467000008,-8.516758213999935],[116.10097978600004,-8.52691952999993],[116.09978138100007,-8.528806836999934],[116.10087214400005,-8.531361517999926],[116.09665003100008,-8.536368988999925],[116.0978319830001,-8.543563967999944],[116.09438198300006,-8.543942028999936],[116.09394002400006,-8.546768004999933],[116.09103797300008,-8.549230042999966],[116.0877739980001,-8.544892972999946],[116.08387802200002,-8.544846975999974],[116.08362196600001,-8.54493200099995]]]}},{"type":"Feature","properties":{"kode_kec":"52.01.15","kecamatan":"Kuripan","kab_kota":"Lombok Barat"},"geometry":{"type":"Polygon","coordinates":[[[116.17549130000009,-8.698804553999935],[116.17668898700003,-8.711924632999967],[116.17030564400011,-8.715862706999928],[116.1715060790001,-8.718457472999944],[116.17131589700011,-8.722806858999945],[116.17315158200006,-8.723505319999958],[116.1744436890001,-8.726745175999952],[116.17268542200009,-8.728046550999977],[116.16649836700003,-8.726587460999951],[116.16523400900007,-8.725185974999931],[116.16199500000005,-8.725296027999946],[116.16177701200002,-8.722309999999936],[116.15815596900006,-8.719878974999972],[116.16044401200008,-8.717260009999961],[116.16018202600003,-8.714748974999964],[116.1587369660001,-8.71635596799996],[116.15954201600005,-8.709799980999946],[116.16213803200003,-8.708364974999938],[116.15635198000007,-8.706813972999953],[116.1546849660001,-8.70456304299995],[116.15327502000002,-8.697491970999977],[116.14995601200008,-8.698120981999978],[116.1486190170001,-8.695135979999975],[116.15423698400002,-8.681427025999938],[116.15441700800011,-8.679050976999974],[116.15297397400002,-8.67817400399997],[116.15235796600007,-8.67543901199997],[116.1546010300001,-8.669791000999965],[116.15239047300008,-8.666054483999972],[116.1472268220001,-8.67026703099998],[116.14324400900011,-8.66604002899993],[116.15147827400006,-8.662179455999933],[116.15045192000002,-8.658498661999943],[116.16202620400009,-8.655816122999966],[116.1633035540001,-8.654317812999977],[116.16272508500003,-8.653190717999962],[116.16842895000002,-8.648213956999939],[116.17188096600012,-8.64882799999998],[116.17271800800006,-8.644289020999963],[116.17523299700008,-8.643968008999934],[116.17514802500011,-8.64237697599998],[116.18201650000003,-8.639668805999975],[116.18907518900005,-8.642745713999943],[116.18813671100008,-8.64531922499998],[116.19606826900008,-8.673533530999975],[116.19194903700009,-8.67551225799997],[116.18451278000009,-8.676219039999978],[116.18420299800005,-8.678414327999974],[116.18188228300005,-8.679888174999974],[116.1791311500001,-8.677809999999965],[116.17684398100005,-8.67828114799994],[116.17315074800001,-8.67292576799997],[116.17071202800003,-8.67269977899997],[116.17060035800012,-8.673975825999946],[116.16996660000007,-8.672918055999958],[116.16695195900002,-8.672807770999952],[116.16834439500008,-8.674370797999927],[116.16720858700012,-8.675975886999936],[116.16874120700004,-8.681768491999946],[116.17380422400004,-8.690787516999933],[116.17547509000008,-8.698756806999938],[116.17549130000009,-8.698804553999935]]]}},{"type":"Feature","properties":{"kode_kec":"52.01.12","kecamatan":"Lingsar","kab_kota":"Lombok Barat"},"geometry":{"type":"Polygon","coordinates":[[[116.16906864100008,-8.588419581999972],[116.1606910380001,-8.590376429999935],[116.16065217000005,-8.584570091999979],[116.15727554600005,-8.584606982999958],[116.1532757540001,-8.58249316599995],[116.14945209000007,-8.583293758999957],[116.14846454700012,-8.578034585999944],[116.15022503500006,-8.575055149999969],[116.14829714400003,-8.571501566999927],[116.14633111400008,-8.572028276999959],[116.14641251300009,-8.569594721999977],[116.1445255000001,-8.56958317799996],[116.13936229400008,-8.56517225899995],[116.13598139200008,-8.565600703999962],[116.13205958800006,-8.563645883999925],[116.13371796500007,-8.554811968999957],[116.13613101300007,-8.554848017999973],[116.14376202800008,-8.551261999999952],[116.14756300600004,-8.546038034999981],[116.14791501500008,-8.541706002999945],[116.15000796700008,-8.53867801299998],[116.14989197800003,-8.534045006999975],[116.15344496800003,-8.525841985999932],[116.15284802300005,-8.518013020999945],[116.1552450150001,-8.517927000999975],[116.15559200100006,-8.514761962999955],[116.1598130000001,-8.511493005999966],[116.16305100500006,-8.510866015999966],[116.1628360310001,-8.505711025999972],[116.16662503500004,-8.503288969999971],[116.16690201300003,-8.50161397599993],[116.16979403100004,-8.50016104499997],[116.17469802400001,-8.500328992999926],[116.1763719710001,-8.497271982999962],[116.1847310280001,-8.494198987999937],[116.18839697500005,-8.49033395999993],[116.18925499500006,-8.48759402199994],[116.19485897800007,-8.48553396699998],[116.19973353700004,-8.478501282999957],[116.20526049400007,-8.480239712999946],[116.21448388400006,-8.480194235999932],[116.2224054940001,-8.45669024199998],[116.22993559800011,-8.455735792999974],[116.23588219400006,-8.452533911999978],[116.2447889880001,-8.453725292999934],[116.24800879700001,-8.451814922999972],[116.25598962100003,-8.452672703999951],[116.2647616700001,-8.45133530499993],[116.27724474700005,-8.444968088999929],[116.27803949200006,-8.443406496999955],[116.28127202000007,-8.450380012999972],[116.281253031,-8.453879008999934],[116.27420097200002,-8.458931957999937],[116.27171598400002,-8.464007042999981],[116.27009899200004,-8.46334498899995],[116.26909799400005,-8.466286005999962],[116.26398603700011,-8.472466017999977],[116.26038299200002,-8.471901995999929],[116.25652302800006,-8.479523958999948],[116.25026697300007,-8.48355997799996],[116.24738602000002,-8.487912037999934],[116.24481596400005,-8.489542989999961],[116.24435799300011,-8.49377102799997],[116.24292300000002,-8.495083959999931],[116.2469700040001,-8.499105964999956],[116.24664096800007,-8.503102036999962],[116.24786797800004,-8.504422026999976],[116.24549403000003,-8.508799990999933],[116.24614403400005,-8.510967979999975],[116.24482002600007,-8.515595014999974],[116.24569301500003,-8.517252975999952],[116.24325103600006,-8.518259022999928],[116.24395996800001,-8.52082401499996],[116.24099603000002,-8.523450025999978],[116.2411140370001,-8.527394958999935],[116.23934798500011,-8.531619962999969],[116.23049403400012,-8.537339001999953],[116.22871802100008,-8.542298999999957],[116.2262449970001,-8.542995961999964],[116.2213440050001,-8.547541022999951],[116.22586298500005,-8.55991303999997],[116.22558398000001,-8.562980023999955],[116.22000297000011,-8.569543985999928],[116.21727001900001,-8.56937903599993],[116.21528103600008,-8.571074022999937],[116.21144601800006,-8.571792967999954],[116.20940099000006,-8.575535959999968],[116.19933259600009,-8.579959046999932],[116.19887600200002,-8.583182023999939],[116.20132014,-8.58416092799996],[116.19210505300009,-8.587691491999976],[116.19172983200008,-8.589470495999933],[116.18908459600004,-8.588114222999934],[116.185888911,-8.589521633999937],[116.18245198000011,-8.588674011999956],[116.17901069900006,-8.590409934999968],[116.17392472400002,-8.588421280999967],[116.17184891200009,-8.589731020999977],[116.16931522200002,-8.588410538999938],[116.16906864100008,-8.588419581999972]]]}},{"type":"Feature","properties":{"kode_kec":"52.01.13","kecamatan":"Lembar","kab_kota":"Lombok Barat"},"geometry":{"type":"MultiPolygon","coordinates":[[[[116.07636902600007,-8.777001978999976],[116.07335198800001,-8.775319963999948],[116.06608797800004,-8.774833043999934],[116.06095301800008,-8.762914988999967],[116.0617210370001,-8.757345000999976],[116.05884300900004,-8.753682993999973],[116.05975100700005,-8.750728994999974],[116.06621096700007,-8.746576975999972],[116.06708792900008,-8.743810551999957],[116.06544902000007,-8.741697000999977],[116.06979696600001,-8.735850955999979],[116.0727519730001,-8.738118029999953],[116.07562902500001,-8.736413992999928],[116.0766459670001,-8.733920990999934],[116.08322556700011,-8.729479046999927],[116.0829309830001,-8.727206759999945],[116.07830168900011,-8.728336230999957],[116.07736299100009,-8.730317132999971],[116.07703819500011,-8.729071484999963],[116.0748038810001,-8.729264220999937],[116.07333694300007,-8.731502103999958],[116.07183074500006,-8.730941740999981],[116.07224978800002,-8.729080929999952],[116.07041298800004,-8.72842598799997],[116.06763498300006,-8.728536991999931],[116.06292601300004,-8.73102701299996],[116.06277900200007,-8.729384040999946],[116.05906198800005,-8.726931995999962],[116.05958401800001,-8.730299977999948],[116.05662998300011,-8.736623991999977],[116.0590619620001,-8.737069745999975],[116.05610500000012,-8.738224963999926],[116.05568398300011,-8.735594985999967],[116.05668696800001,-8.72453199599994],[116.0682867160001,-8.678721031999942],[116.0704480070001,-8.67808796099996],[116.07337998500009,-8.679676041999926],[116.07822798500001,-8.676821021999956],[116.08235300400008,-8.67683096199994],[116.08757297700004,-8.67877201999994],[116.08713299200008,-8.68731702599996],[116.09073303000002,-8.694951999999944],[116.10485100000005,-8.696478965999972],[116.10872103600002,-8.692755000999966],[116.1120499760001,-8.69490499899996],[116.10959402800006,-8.705836975999944],[116.10644201500008,-8.71039804399993],[116.11900998500005,-8.71312895899996],[116.10765598300009,-8.725994034999928],[116.10982997100007,-8.736355954999965],[116.11307698700011,-8.73780301499994],[116.1171520260001,-8.735907033999979],[116.12215597300008,-8.736548995999954],[116.12793996500011,-8.744253964999928],[116.13325821800004,-8.748365288999935],[116.13508120900008,-8.755548208999926],[116.14047979200006,-8.761865298999965],[116.14156414100012,-8.766227370999957],[116.13426674800007,-8.76790157299996],[116.13279851900006,-8.769378888999938],[116.1317530550001,-8.779485799999975],[116.12853685200002,-8.782580098999972],[116.12657089100003,-8.787436209999953],[116.12148253100008,-8.791690996999932],[116.1197059100001,-8.797925662999944],[116.120460406,-8.807163876999937],[116.11509901500006,-8.807932317999928],[116.10672791200011,-8.817331926999941],[116.10375702100009,-8.815480999999977],[116.09988096500001,-8.818960966999953],[116.09750500300004,-8.818900018999955],[116.09893800600003,-8.817103957999961],[116.09850896700004,-8.811890965999964],[116.09196701400003,-8.805493020999961],[116.09022499600007,-8.798971970999958],[116.09157502100004,-8.795518013999981],[116.09023398900001,-8.786991997999962],[116.08469497400006,-8.778818957999931],[116.07658362000006,-8.777060036999956],[116.07636902600007,-8.777001978999976]]],[[[116.06432198800007,-8.74212797399997],[116.06518299400011,-8.74172600199995],[116.06428997600005,-8.742399974999955],[116.06432198800007,-8.74212797399997]]],[[[116.0639707900001,-8.734730140999943],[116.06475601200009,-8.735658129999933],[116.06205770300005,-8.736015049999935],[116.06024801300009,-8.734061012999973],[116.0638660940001,-8.734734899999978],[116.0639707900001,-8.734730140999943]]],[[[116.05941298900007,-8.731428020999942],[116.06007297100007,-8.730444958999954],[116.06138497400002,-8.730998969999973],[116.06126902100004,-8.732017016999976],[116.05951396300009,-8.731873961999952],[116.05941298900007,-8.731428020999942]]],[[[116.05968596800005,-8.727810999999974],[116.05978501600009,-8.727649027999973],[116.05981702700001,-8.727676956999971],[116.06019599500007,-8.728099985999961],[116.06023799900004,-8.728238978999968],[116.06021299200006,-8.728407011999934],[116.06013098200003,-8.728500032999932],[116.0600429970001,-8.728525042999934],[116.05988000700006,-8.728478976999952],[116.05974398000001,-8.728351957999962],[116.05967798100005,-8.728216974999953],[116.05965401600008,-8.728029017999972],[116.05968596800005,-8.727810999999974]]]]}},{"type":"Feature","properties":{"kode_kec":"52.08.01","kecamatan":"Tanjung","kab_kota":"Lombok Utara"},"geometry":{"type":"Polygon","coordinates":[[[116.1548832310001,-8.459871613999951],[116.14885244000004,-8.457749692999926],[116.14621780700008,-8.458254262999958],[116.14212582700009,-8.454358103999937],[116.13736178300007,-8.457042164999962],[116.1349402410001,-8.460766880999927],[116.13266022200003,-8.460362650999969],[116.12861490400007,-8.454275025999948],[116.12830865900003,-8.448158499999977],[116.12324359900003,-8.44253884699998],[116.115319666,-8.440242154999964],[116.11058001800006,-8.441271668999946],[116.10757090800007,-8.437760204999961],[116.1095827580001,-8.43721348799994],[116.1094351050001,-8.432712928999933],[116.11263459800011,-8.430495956999948],[116.11391943400008,-8.426868184999933],[116.1234171430001,-8.427094920999934],[116.12407215700011,-8.42364349899998],[116.12051248400007,-8.414713809999967],[116.12220513000011,-8.41321798399997],[116.12063057600005,-8.406368674999953],[116.11378057700006,-8.400989719999927],[116.10973226600004,-8.401563421999981],[116.10848741100006,-8.400386286999947],[116.11211295100009,-8.394182605999958],[116.11247826700003,-8.390880212999946],[116.11029522500007,-8.387700146999975],[116.10833930800004,-8.38885656499997],[116.10527728300008,-8.387422726999944],[116.10624890300005,-8.383153719999939],[116.10521437200009,-8.378980978999948],[116.09866300500005,-8.362134025999978],[116.101721999,-8.360465953999949],[116.10751996700003,-8.361164044999953],[116.11013997200007,-8.362620996999965],[116.11414803700006,-8.367712967999978],[116.1190819630001,-8.370008043999974],[116.1212340190001,-8.368061999999952],[116.12064503700003,-8.363652007999974],[116.1230050370001,-8.359111025999937],[116.12496198600002,-8.36217996399995],[116.12930902500011,-8.36528997299996],[116.13535298800002,-8.362871962999975],[116.13676703200008,-8.357815013999925],[116.14371399800007,-8.355066963999946],[116.15061596100009,-8.344721277999952],[116.15378540300003,-8.343303117999938],[116.16391501700002,-8.345380001999956],[116.17595613800006,-8.341581769999948],[116.17658775300004,-8.342630124999971],[116.17670077800005,-8.347325593999926],[116.17393168000001,-8.350963194999963],[116.1716176540001,-8.351453958999969],[116.17129047900005,-8.35321773399994],[116.17409824200001,-8.356082010999955],[116.17661273800002,-8.36482712399993],[116.18019858600007,-8.368352295999955],[116.17726590000007,-8.368738958999927],[116.17912188000003,-8.375942775999931],[116.18096658200011,-8.376564562999931],[116.18289118100006,-8.383060081999929],[116.18620576700005,-8.38314027299998],[116.1890926640001,-8.388566570999956],[116.19016188500007,-8.395676892999973],[116.18740385700005,-8.396294262999959],[116.18481577900002,-8.399526088999949],[116.1866869160001,-8.40390989599996],[116.19018861600011,-8.40489892599993],[116.19354099100008,-8.403297231999943],[116.19546718800007,-8.403724427999975],[116.1987093030001,-8.400085630999968],[116.20814195100002,-8.404517792999968],[116.20965239600002,-8.403217132999941],[116.2164914230001,-8.403738489999967],[116.21757841300007,-8.406977985999958],[116.22184702600009,-8.410585683999955],[116.22169780700006,-8.412310311999931],[116.22336955100002,-8.413382406999972],[116.22300228100005,-8.415689739999948],[116.22645418000002,-8.414854418999937],[116.22893643000009,-8.416837898999972],[116.23594882000009,-8.418386822999935],[116.23611657600009,-8.422675088999938],[116.23961848500005,-8.427293624999947],[116.24011126900007,-8.430790291999926],[116.2440810700001,-8.43444018599996],[116.24819527800003,-8.434171227999968],[116.251378337,-8.432385359999955],[116.25592952500006,-8.436803261999955],[116.26141233900012,-8.438410817999966],[116.2640640940001,-8.437951135999981],[116.26471401600008,-8.44057279499998],[116.26844311400009,-8.439121385999954],[116.27860655400002,-8.440651481999964],[116.27724474700005,-8.444968088999929],[116.2647616700001,-8.45133530499993],[116.25598962100003,-8.452672703999951],[116.24800879700001,-8.451814922999972],[116.2447889880001,-8.453725292999934],[116.23588219400006,-8.452533911999978],[116.22993559800011,-8.455735792999974],[116.2224054940001,-8.45669024199998],[116.21805215000006,-8.471964287999981],[116.21390470900008,-8.480428796999945],[116.20526049400007,-8.480239712999946],[116.19874174400002,-8.477933505999943],[116.1923414370001,-8.473196077999944],[116.1929925180001,-8.470135162999952],[116.19195025600004,-8.46774054499997],[116.18379131000006,-8.463024774999951],[116.17917557500004,-8.462830912999948],[116.17069017200004,-8.466136872999925],[116.16475187700007,-8.464290851999976],[116.16096128600009,-8.456208858999958],[116.15560276200006,-8.459642127999928],[116.1548832310001,-8.459871613999951]]]}},{"type":"Feature","properties":{"kode_kec":"52.08.04","kecamatan":"Bayan","kab_kota":"Lombok Utara"},"geometry":{"type":"Polygon","coordinates":[[[116.39417041200011,-8.386774812999931],[116.39183433900007,-8.382272128999944],[116.38616838300004,-8.377290431999938],[116.38600557000007,-8.37384407199994],[116.38764576500012,-8.36993384699997],[116.37872050800001,-8.35346715399993],[116.37413580700002,-8.350384764999944],[116.36932973900002,-8.343042207999929],[116.36504491400001,-8.340378998999938],[116.35986767300005,-8.325042714999938],[116.35145563200001,-8.319927335999978],[116.35037005000004,-8.310898706999978],[116.3466457830001,-8.30451175099995],[116.34354001000008,-8.29080098399993],[116.33716007200007,-8.27984195299996],[116.33431104100009,-8.27166204799994],[116.32934072000012,-8.268069362999938],[116.32815868900002,-8.260304167999948],[116.32442542600006,-8.25220523799993],[116.32494624100002,-8.247114512999929],[116.3236553160001,-8.244919145999972],[116.32377847600003,-8.241480968999952],[116.32179480100001,-8.240359658999978],[116.32063545100004,-8.236031925999953],[116.31721010000001,-8.231584462999933],[116.31676675400001,-8.226430611999945],[116.31791297000007,-8.22310700199995],[116.3268340300001,-8.21901198699993],[116.33149102000004,-8.218500953999978],[116.33790503400007,-8.214683012999956],[116.34112498800005,-8.214634037999929],[116.35050003600008,-8.211107020999975],[116.35782100200004,-8.213997985999981],[116.37104602400007,-8.210380017999967],[116.37720299900002,-8.214217984999948],[116.38911597000003,-8.21724597399998],[116.40925296600005,-8.21684603999995],[116.42313289200001,-8.221766522999928],[116.43045301600011,-8.221086028999935],[116.44151099900012,-8.228125026999976],[116.46018900800004,-8.22706500399994],[116.4750149670001,-8.235634034999975],[116.47989300100005,-8.23547796899993],[116.48420097400003,-8.240022967999948],[116.48983002900002,-8.24171103499998],[116.4939229260001,-8.24553096699998],[116.48932712700002,-8.24778650099995],[116.48834694300001,-8.25049979299996],[116.48535077300005,-8.252615817999981],[116.4848406640001,-8.254981501999964],[116.48302551500001,-8.255229929999928],[116.48280539200005,-8.257267412999965],[116.48167122300003,-8.257099208999932],[116.4809957870001,-8.259080446999974],[116.47740417000011,-8.261525388999928],[116.47717062900006,-8.264162817999932],[116.47164632400006,-8.269110682999951],[116.46986097900003,-8.273639514999957],[116.47145343500006,-8.281474328999934],[116.46941966000009,-8.294985508999957],[116.47290612000006,-8.303230166999981],[116.47235284600004,-8.306602639999937],[116.46952275500007,-8.310071560999972],[116.47033372700002,-8.313514614999974],[116.46760899600008,-8.319556073999934],[116.46743323600003,-8.33063157099997],[116.46529036900006,-8.331821222999963],[116.46305390900011,-8.336096870999938],[116.4598298090001,-8.338163296999937],[116.45737360400005,-8.33822061899997],[116.45599456500008,-8.343130820999932],[116.45203672000002,-8.348147462999975],[116.45102491700004,-8.355128527999966],[116.44058966400007,-8.363406519999955],[116.44101370100009,-8.366533406999963],[116.43697797800007,-8.37251306099995],[116.43358855700001,-8.374385471999972],[116.43024292300004,-8.381691632999946],[116.41993912700002,-8.389881483999943],[116.4193180850001,-8.392865957999959],[116.42149525000002,-8.399121712999943],[116.42037672600009,-8.404284152999935],[116.42364435400009,-8.411066949999963],[116.41825512100002,-8.421359929999937],[116.40941496900007,-8.427793828999938],[116.40626657500002,-8.434532797999964],[116.4032621670001,-8.432042224999975],[116.40166129700003,-8.428616361999957],[116.39517818000002,-8.425512444999981],[116.39218453300009,-8.422399913999925],[116.38446316800002,-8.420531677999975],[116.38453687100002,-8.415798868999957],[116.38241549800011,-8.411392421999949],[116.3829055540001,-8.404981457999952],[116.38819907000004,-8.394154155999956],[116.39443456100003,-8.387400423999964],[116.39417041200011,-8.386774812999931]]]}},{"type":"Feature","properties":{"kode_kec":"52.08.05","kecamatan":"Pemenang","kab_kota":"Lombok Utara"},"geometry":{"type":"MultiPolygon","coordinates":[[[[116.1079373870001,-8.438370219999968],[116.11096073200008,-8.441366846999927],[116.11484972300002,-8.440212411999937],[116.12148247000005,-8.441443782999954],[116.12720045700007,-8.446390105999967],[116.12848201800011,-8.44866960099995],[116.12865729200007,-8.454356377999943],[116.13150602900009,-8.457254666999972],[116.13231266600008,-8.460145711999928],[116.1349402410001,-8.460766880999927],[116.1332234790001,-8.469569562999936],[116.12045109600001,-8.471038069999963],[116.1145497340001,-8.468762648999927],[116.1014386390001,-8.46785396699994],[116.08912869800008,-8.463844379999955],[116.0832454020001,-8.46494527699997],[116.07960859000002,-8.46699351199993],[116.07481333900012,-8.472529607999945],[116.0732022420001,-8.471089233999976],[116.0718382870001,-8.463138964999928],[116.06825838200007,-8.46179226199996],[116.04484046300001,-8.470466037999927],[116.03658595200011,-8.470175068999936],[116.03737698700002,-8.469384994999928],[116.03594896800007,-8.464764038999931],[116.03614900500008,-8.456310999999971],[116.03201301100012,-8.446869976999949],[116.0333719780001,-8.442123968999965],[116.03567702200007,-8.442962983999962],[116.0391949750001,-8.439755010999932],[116.03925797700003,-8.43784100299996],[116.03581399500001,-8.435572972999978],[116.043138999,-8.435043037999947],[116.04595696900003,-8.432387031999951],[116.04704197900003,-8.42582503799997],[116.04551199800005,-8.424051017999943],[116.04176701900008,-8.42323903199997],[116.04171300400003,-8.421510011999942],[116.04384099900005,-8.421484994999958],[116.04652897200003,-8.418591023999966],[116.04937698800006,-8.419520963999958],[116.05223797600001,-8.417772034999928],[116.0535289930001,-8.40908202199995],[116.05682501900003,-8.403829007999946],[116.05765699300002,-8.405383029999939],[116.06056996400002,-8.405844009999953],[116.06285897600003,-8.40354303099997],[116.06344576600009,-8.404431866999971],[116.0661374120001,-8.403890777999948],[116.06814998100003,-8.401820990999965],[116.07275998000011,-8.406693503999975],[116.07764097200004,-8.406249971999955],[116.07923002900009,-8.405183975999932],[116.08051397600002,-8.401440978999972],[116.08266435500002,-8.401625728999932],[116.10031503800008,-8.393513575999975],[116.10417547600002,-8.389841591999925],[116.10602047500004,-8.382763487999966],[116.10543402200005,-8.387711713999977],[116.10833930800004,-8.38885656499997],[116.11029522500007,-8.387700146999975],[116.11247826700003,-8.390880212999946],[116.11211295100009,-8.394182605999958],[116.10848741100006,-8.400386286999947],[116.10973226600004,-8.401563421999981],[116.11378057700006,-8.400989719999927],[116.12063057600005,-8.406368674999953],[116.12220513000011,-8.41321798399997],[116.12051248400007,-8.414713809999967],[116.12414773600005,-8.42512987799995],[116.1234171430001,-8.427094920999934],[116.12182999200002,-8.427573584999948],[116.11391943400008,-8.426868184999933],[116.11263459800011,-8.430495956999948],[116.1094351050001,-8.432712928999933],[116.1095827580001,-8.43721348799994],[116.10783466800001,-8.438137026999925],[116.1079373870001,-8.438370219999968]]],[[[116.08755196300001,-8.361465000999942],[116.0870040210001,-8.365008012999965],[116.08304401400005,-8.363909959999944],[116.07883998900002,-8.364659030999974],[116.07666900100003,-8.362297965999971],[116.07499102200006,-8.35627496099994],[116.079877022,-8.351744967999934],[116.08531696500006,-8.350141955999959],[116.08713296400003,-8.353390032999926],[116.08755097500011,-8.360923988999957],[116.08755196300001,-8.361465000999942]]],[[[116.05530400400005,-8.358817023999961],[116.05361103100006,-8.356797978999964],[116.05135803000007,-8.344665964999933],[116.05256697400011,-8.342961023999976],[116.05653997200011,-8.341787032999946],[116.06083402000002,-8.34403802099996],[116.06225497000003,-8.351096981999945],[116.06124203600007,-8.358018968999943],[116.05592700400007,-8.35901798599997],[116.05530400400005,-8.358817023999961]]],[[[116.0334599900001,-8.360949980999976],[116.02856303700003,-8.352720976999933],[116.02796203600008,-8.345788034999941],[116.03186296900003,-8.340245962999973],[116.04060001000005,-8.338996024999972],[116.0445819680001,-8.351937005999957],[116.0404269820001,-8.360329003999937],[116.03398396700004,-8.36140003099996],[116.0334599900001,-8.360949980999976]]]]}},{"type":"Feature","properties":{"kode_kec":"52.08.02","kecamatan":"Gangga","kab_kota":"Lombok Utara"},"geometry":{"type":"Polygon","coordinates":[[[116.23415068400004,-8.417658131999929],[116.23010356700001,-8.417264953999961],[116.22645418000002,-8.414854418999937],[116.22300228100005,-8.415689739999948],[116.22336955100002,-8.413382406999972],[116.22169780700006,-8.412310311999931],[116.22184702600009,-8.410585683999955],[116.21757841300007,-8.406977985999958],[116.2164914230001,-8.403738489999967],[116.20965239600002,-8.403217132999941],[116.20814195100002,-8.404517792999968],[116.1987093030001,-8.400085630999968],[116.19546718800007,-8.403724427999975],[116.19354099100008,-8.403297231999943],[116.19018861600011,-8.40489892599993],[116.1866869160001,-8.40390989599996],[116.18481577900002,-8.399526088999949],[116.18740385700005,-8.396294262999959],[116.19016188500007,-8.395676892999973],[116.1890926640001,-8.388566570999956],[116.18620576700005,-8.38314027299998],[116.18289118100006,-8.383060081999929],[116.18096658200011,-8.376564562999931],[116.17912188000003,-8.375942775999931],[116.17726590000007,-8.368738958999927],[116.18019858600007,-8.368352295999955],[116.17661273800002,-8.36482712399993],[116.17409824200001,-8.356082010999955],[116.17203703500002,-8.35490120299994],[116.17124586400007,-8.352423588999955],[116.17645390900009,-8.34776876799998],[116.17703687700009,-8.34460705999993],[116.17595613800006,-8.341581769999948],[116.17874401400002,-8.339483991999941],[116.18670599900008,-8.327551031999974],[116.18798312800004,-8.323595600999965],[116.18620601100008,-8.320013016999951],[116.18805299000007,-8.318079034999926],[116.18863696300002,-8.31353003199996],[116.19142803400007,-8.308557975999975],[116.19525652000004,-8.304969183999958],[116.1992140110001,-8.304954996999982],[116.20285902700004,-8.30312003399996],[116.21369700000002,-8.28872298799996],[116.21947798400004,-8.285952961999953],[116.22297172800006,-8.278652206999936],[116.23648913900001,-8.266784837999978],[116.24094414000001,-8.271089609999933],[116.24199725500011,-8.27532588799994],[116.24537896100003,-8.278328340999963],[116.24626552400002,-8.280261811999935],[116.24539351800001,-8.282546593999939],[116.24821770300002,-8.28399967699994],[116.2485469180001,-8.285606542999972],[116.25158507000003,-8.286362762999943],[116.25196616300002,-8.289837594999938],[116.25362548100009,-8.290275889999975],[116.25321822600006,-8.292780569999934],[116.25553474700007,-8.294875339999976],[116.25582441100005,-8.297098989999938],[116.26028617100008,-8.299745601999973],[116.25965212500012,-8.30236571499995],[116.2613993540001,-8.30767736699994],[116.26039377300003,-8.310740874999965],[116.26146950200007,-8.310443737999947],[116.26554745700003,-8.317541504999951],[116.27663260500003,-8.322254441999974],[116.27888527300001,-8.321310425999968],[116.28192031900005,-8.322329328999956],[116.28611315900002,-8.320120814999939],[116.29244383000002,-8.323806197999943],[116.29364696200003,-8.327073373999951],[116.30084458900001,-8.33436760799998],[116.3032687760001,-8.334237203999976],[116.30575255800011,-8.344471786999975],[116.31304479800008,-8.35616282199993],[116.31774352900004,-8.357886004999955],[116.321097312,-8.363858574999938],[116.32750989800002,-8.370490454999981],[116.32740250900008,-8.372388801999932],[116.32988367100006,-8.373541708999937],[116.33150738600011,-8.37960699599995],[116.33312590800006,-8.381224281999948],[116.33217028600006,-8.383567909999954],[116.335015741,-8.388058008999963],[116.334744838,-8.390244597999981],[116.33624490900002,-8.389945594999972],[116.338001039,-8.391700300999958],[116.33651761200008,-8.396347612999932],[116.33905707100007,-8.402918565999926],[116.33694804200002,-8.408789120999927],[116.3277694730001,-8.413721133999957],[116.32030025000006,-8.423413856999957],[116.31549706300007,-8.425480325999956],[116.31123182900001,-8.429235982999955],[116.30604802000005,-8.43050489899997],[116.30443295600003,-8.42984268899994],[116.30073873200001,-8.432914356999959],[116.29085583900007,-8.435570085999927],[116.28910503000009,-8.434997245999966],[116.28652548000002,-8.436383398999965],[116.28632800000003,-8.437803714999973],[116.27661224100007,-8.440607819999968],[116.27356326900008,-8.439200639999967],[116.26844311400009,-8.439121385999954],[116.26471401600008,-8.44057279499998],[116.2640640940001,-8.437951135999981],[116.26141233900012,-8.438410817999966],[116.25592952500006,-8.436803261999955],[116.251378337,-8.432385359999955],[116.24819527800003,-8.434171227999968],[116.2440810700001,-8.43444018599996],[116.24011126900007,-8.430790291999926],[116.23961848500005,-8.427293624999947],[116.23611657600009,-8.422675088999938],[116.23607987900004,-8.418607002999977],[116.23436562100005,-8.417453679999937],[116.23415068400004,-8.417658131999929]]]}},{"type":"Feature","properties":{"kode_kec":"52.08.03","kecamatan":"Kayangan","kab_kota":"Lombok Utara"},"geometry":{"type":"Polygon","coordinates":[[[116.26924498300002,-8.245047014999955],[116.28591197800006,-8.238231994999978],[116.29298997300009,-8.239915026999938],[116.2992403070001,-8.23160447999993],[116.30736598500005,-8.229755994999948],[116.31771054100011,-8.223406538999939],[116.31721010000001,-8.231584462999933],[116.32063545100004,-8.236031925999953],[116.32179480100001,-8.240359658999978],[116.32377847600003,-8.241480968999952],[116.3236553160001,-8.244919145999972],[116.32494624100002,-8.247114512999929],[116.32442542600006,-8.25220523799993],[116.32815868900002,-8.260304167999948],[116.32916225200006,-8.267619661999959],[116.33431104100009,-8.27166204799994],[116.33716007200007,-8.27984195299996],[116.34354001000008,-8.29080098399993],[116.3466457830001,-8.30451175099995],[116.35037005000004,-8.310898706999978],[116.35145563200001,-8.319927335999978],[116.35986767300005,-8.325042714999938],[116.36504491400001,-8.340378998999938],[116.36932973900002,-8.343042207999929],[116.37413580700002,-8.350384764999944],[116.37872050800001,-8.35346715399993],[116.38764576500012,-8.36993384699997],[116.38600557000007,-8.37384407199994],[116.38616838300004,-8.377290431999938],[116.39183433900007,-8.382272128999944],[116.39443456100003,-8.387400423999964],[116.38819907000004,-8.394154155999956],[116.3829055540001,-8.404981457999952],[116.38242941200008,-8.41014763499993],[116.37770615000011,-8.413492875999964],[116.37500623100004,-8.41449210199994],[116.36714350700004,-8.41252412199998],[116.36031750900008,-8.412865274999945],[116.34585322700002,-8.408788134999952],[116.33371618300009,-8.41047773899993],[116.33805946500001,-8.407388045999937],[116.33905707100007,-8.402918565999926],[116.33651761200008,-8.396347612999932],[116.338001039,-8.391700300999958],[116.33624490900002,-8.389945594999972],[116.334744838,-8.390244597999981],[116.335015741,-8.388058008999963],[116.33217028600006,-8.383567909999954],[116.33312590800006,-8.381224281999948],[116.33150738600011,-8.37960699599995],[116.32988367100006,-8.373541708999937],[116.32740250900008,-8.372388801999932],[116.32750989800002,-8.370490454999981],[116.321097312,-8.363858574999938],[116.31774352900004,-8.357886004999955],[116.3131966200001,-8.356370486999936],[116.31044351600008,-8.350526539999976],[116.30675014200006,-8.346515642999975],[116.30359588800002,-8.338934721999976],[116.3032687760001,-8.334237203999976],[116.30084458900001,-8.33436760799998],[116.29364696200003,-8.327073373999951],[116.29244383000002,-8.323806197999943],[116.28611315900002,-8.320120814999939],[116.27996635200009,-8.322498663999966],[116.279164906,-8.321314884999936],[116.27663260500003,-8.322254441999974],[116.27154987200004,-8.320641791999947],[116.26554745700003,-8.317541504999951],[116.26146950200007,-8.310443737999947],[116.26039377300003,-8.310740874999965],[116.2613993540001,-8.30767736699994],[116.25965212500012,-8.30236571499995],[116.26028617100008,-8.299745601999973],[116.25582441100005,-8.297098989999938],[116.25553474700007,-8.294875339999976],[116.25321822600006,-8.292780569999934],[116.25362548100009,-8.290275889999975],[116.25196616300002,-8.289837594999938],[116.25158507000003,-8.286362762999943],[116.2485469180001,-8.285606542999972],[116.24821770300002,-8.28399967699994],[116.24539351800001,-8.282546593999939],[116.24626552400002,-8.280261811999935],[116.24537896100003,-8.278328340999963],[116.24199725500011,-8.27532588799994],[116.24094414000001,-8.271089609999933],[116.23648913900001,-8.266784837999978],[116.24301196800002,-8.264212035999947],[116.25348299300003,-8.254610018999927],[116.26910922900004,-8.245122471999935],[116.26924498300002,-8.245047014999955]]]}},{"type":"Feature","properties":{"kode_kec":"52.05.07","kecamatan":"Manggalewa","kab_kota":"Dompu"},"geometry":{"type":"MultiPolygon","coordinates":[[[[118.24676901900011,-8.657297011999958],[118.2479399990001,-8.659290969999972],[118.24709896900004,-8.661328018999939],[118.2451780020001,-8.66203498599998],[118.24719499900004,-8.66547795799994],[118.24992098300004,-8.665260014999944],[118.25518702600004,-8.661099021999974],[118.25394897800004,-8.654454992999945],[118.25449602000003,-8.653195007999955],[118.25707798200006,-8.652917011999932],[118.25749903500002,-8.651223995999942],[118.26470003500003,-8.659397017999936],[118.26916189600001,-8.658748117999949],[118.27406401700011,-8.65269998599996],[118.26969402200007,-8.64749497799994],[118.26972196600002,-8.644472021999945],[118.26461598600008,-8.642022990999976],[118.2679689680001,-8.64104900999996],[118.26849902800006,-8.636632030999976],[118.2713519670001,-8.636493017999953],[118.273760992,-8.643065982999929],[118.27575202800006,-8.644527025999935],[118.27913701400007,-8.643473007999944],[118.2835849700001,-8.637996043999976],[118.2864259690001,-8.630818989999966],[118.28795300200011,-8.619118035999975],[118.27786096400007,-8.59700098299993],[118.27927901200007,-8.594387955999935],[118.27802596800007,-8.590924965999932],[118.27581801300005,-8.590800008999963],[118.27207200400005,-8.586648964999938],[118.26776282700007,-8.587962034999975],[118.26692788100002,-8.568770426999947],[118.26861640700008,-8.564211334999925],[118.27408661700008,-8.559979612999939],[118.27617297300003,-8.551956952999944],[118.28566943100009,-8.534197673999927],[118.29054815300003,-8.528568792999977],[118.29716900900007,-8.524456329999964],[118.29179060000001,-8.518264999999928],[118.2915819000001,-8.515553599999976],[118.29501340000002,-8.508772799999974],[118.29556707900008,-8.504583800999967],[118.29294162600002,-8.50256686299997],[118.27647758100011,-8.50402229599996],[118.2708027000001,-8.503518607999979],[118.26743120300011,-8.501744430999963],[118.25879918900011,-8.490582740999969],[118.2448885770001,-8.482174678999968],[118.24088419700001,-8.470410992999973],[118.24312355600011,-8.462483167999949],[118.23804481100001,-8.458396114999971],[118.23462631300004,-8.453013361999979],[118.23130734400002,-8.452400721999936],[118.2248960070001,-8.449152827999967],[118.22313982000003,-8.44670737499996],[118.21453371200005,-8.443304355999942],[118.21403385100007,-8.43835241599993],[118.22165300300003,-8.43926242699996],[118.22535175500002,-8.437501453999971],[118.22783076600001,-8.438496398999973],[118.23523431500007,-8.438170562999971],[118.24268113500011,-8.441210251999962],[118.24528638600009,-8.438677835999954],[118.2511135630001,-8.437774063999939],[118.25611446500011,-8.434671635999962],[118.2595248770001,-8.434052015999953],[118.26402331600002,-8.43965981699995],[118.25741595000011,-8.457094938999944],[118.26607310200006,-8.45885033299993],[118.2716959920001,-8.45783541399993],[118.27450927600012,-8.459746380999945],[118.27907729900005,-8.457385486999954],[118.27965859900007,-8.45508622999995],[118.28479349200006,-8.452634642999953],[118.28859124100006,-8.448703056999932],[118.29444712600002,-8.447205580999935],[118.29845619600007,-8.44151984299998],[118.30057708600009,-8.435591570999975],[118.30159053500006,-8.435046833999934],[118.30421859800003,-8.43670712599993],[118.30716129900009,-8.434923813999944],[118.30747531600002,-8.433060876999946],[118.31283722400008,-8.441003294999973],[118.31471597000007,-8.44190552699996],[118.31379556900004,-8.44386888799994],[118.31572076100008,-8.44799338699994],[118.31759271100009,-8.448764758999971],[118.31921832800003,-8.447243843999956],[118.32084300800011,-8.45020049599998],[118.32334343700006,-8.450991862999956],[118.3268443500001,-8.44816003099993],[118.3294195960001,-8.44997090399994],[118.3354885440001,-8.446772029999977],[118.34015151500012,-8.447933813999953],[118.34195819000001,-8.446336517999953],[118.34395278900001,-8.447492865999948],[118.34852932800004,-8.440588139999932],[118.35014941800011,-8.440403539999977],[118.35280599900011,-8.435050270999966],[118.36139543500008,-8.444709616999944],[118.36609270800011,-8.446858780999946],[118.37543493200008,-8.458022071999949],[118.38119787000005,-8.472261351999975],[118.3793473930001,-8.488593969999954],[118.37754651300008,-8.492762393999953],[118.36751371000003,-8.500000003999958],[118.35660748400005,-8.520108308999966],[118.3640507,-8.531543899999974],[118.36340210000003,-8.534584099999961],[118.36014050000006,-8.538955399999963],[118.34548660000007,-8.545660699999928],[118.34091350000006,-8.553579099999979],[118.33318870000005,-8.56019939999993],[118.32546390000005,-8.564273399999934],[118.31258930000001,-8.580398999999943],[118.30753360000006,-8.593624699999964],[118.32593311900007,-8.614634913999964],[118.32893935200002,-8.601325497999937],[118.33273525700008,-8.597161404999952],[118.33794665200003,-8.594331735999958],[118.3356314670001,-8.604035607999947],[118.33710808100011,-8.607214261999957],[118.3370754440001,-8.612001962999955],[118.33266810000009,-8.620186799999942],[118.32760523600007,-8.623635277999938],[118.32538635700007,-8.62707636999994],[118.3271608440001,-8.635336564999932],[118.32353698800011,-8.643468678999966],[118.32347041300011,-8.650811695999948],[118.31687864000003,-8.66607832099993],[118.32154075000005,-8.676862880999977],[118.31472499900008,-8.684955833999936],[118.31363412600001,-8.693808730999933],[118.28922115400007,-8.69617480599993],[118.27760133600009,-8.692674729999965],[118.27204426900005,-8.69279701499994],[118.2517573780001,-8.699529346999952],[118.24839363400008,-8.699544644999946],[118.24083923800004,-8.70283231999997],[118.2329911600001,-8.701529200999971],[118.22678662400006,-8.703939833999925],[118.22259185300004,-8.701772283999958],[118.21499569800005,-8.70285744299997],[118.21119785400003,-8.701856195999937],[118.18896377700003,-8.705895015999943],[118.1839558690001,-8.697355935999951],[118.17839134400003,-8.69257504199993],[118.17676269600008,-8.683813577999956],[118.17867693300002,-8.67986289099997],[118.17876136200005,-8.676321998999981],[118.17652312700011,-8.66948240499994],[118.17755348900005,-8.663832973999945],[118.17582944200001,-8.654845187999967],[118.18213303400012,-8.66732501599995],[118.19074300700004,-8.669164990999946],[118.19412197000008,-8.67203299099998],[118.19990596500008,-8.670683044999976],[118.20378198300011,-8.672817024999972],[118.2081449740001,-8.66966802099995],[118.21213697900009,-8.670970995999937],[118.21865583500005,-8.66318210999998],[118.21986936000008,-8.663981608999961],[118.22211081300009,-8.663025065999932],[118.22240655500002,-8.665612168999928],[118.22856199400007,-8.66546300799996],[118.23016501400002,-8.660544025999968],[118.22663197100007,-8.658632990999934],[118.22720896500005,-8.655600997999954],[118.22835899200004,-8.65483900299995],[118.22890496500008,-8.656525009999939],[118.2337060000001,-8.656948966999948],[118.23490697600005,-8.658394968999971],[118.23754801900009,-8.656362968999929],[118.23617398400006,-8.65460795699994],[118.24045603000002,-8.65293699199998],[118.24039702800007,-8.650112022999963],[118.2445670080001,-8.651623041999926],[118.24677396300001,-8.656978016999972],[118.24676901900011,-8.657297011999958]]],[[[118.21266203200003,-8.661723979999977],[118.21417903400004,-8.663356029999932],[118.2124810040001,-8.661870030999978],[118.21266203200003,-8.661723979999977]]],[[[118.22989102600002,-8.652737014999957],[118.22990602400012,-8.652832985999964],[118.22986903000003,-8.65302496399994],[118.22977897100009,-8.653143966999949],[118.22966897600008,-8.653216018999956],[118.22966597200002,-8.653237004999937],[118.22946703200012,-8.653171008999948],[118.22937703100001,-8.653076995999982],[118.22934002500006,-8.652965001999974],[118.22937999900012,-8.652859992999936],[118.22950301300011,-8.652736000999937],[118.22968502300012,-8.652642018999927],[118.229789976,-8.65265596699993],[118.22989102600002,-8.652737014999957]]],[[[118.2286939710001,-8.652349999999956],[118.2285199700001,-8.652371986999981],[118.22845700300002,-8.652364955999928],[118.22828996600003,-8.65229297999997],[118.2282440350001,-8.652248009999937],[118.22822300300004,-8.652185962999965],[118.22829903500008,-8.652154978999931],[118.22855800000002,-8.652221957999927],[118.22867498100004,-8.652294003999941],[118.2286939710001,-8.652349999999956]]],[[[118.22180998200008,-8.648209994999945],[118.22565797200002,-8.64879198799997],[118.22736198100006,-8.654397997999979],[118.22538301400004,-8.655527014999961],[118.2239889970001,-8.658632960999967],[118.22176803400009,-8.655419954999957],[118.22504401700007,-8.655181994999964],[118.22474301900002,-8.65303100799997],[118.21364699100002,-8.649724004999939],[118.21412903100008,-8.648363995999944],[118.21592198000008,-8.648297003999971],[118.21545400500008,-8.646890010999925],[118.21882799000002,-8.646761023999943],[118.21823901700009,-8.645129016999931],[118.21921301600003,-8.64450603499995],[118.22141698900009,-8.64801098099997],[118.22180998200008,-8.648209994999945]]],[[[118.22761000100002,-8.65106299699994],[118.22777398800008,-8.651281001999962],[118.22784399300008,-8.651424987999974],[118.22784899400006,-8.651465024999936],[118.22776199900011,-8.651627959999928],[118.22758801400005,-8.651677973999938],[118.22742799500008,-8.651620983999976],[118.22727496900006,-8.651502037999933],[118.22716399500007,-8.65134100399996],[118.22714803300005,-8.65124801899998],[118.22722203500007,-8.651098959999956],[118.22732398200003,-8.651017983999964],[118.22745003500006,-8.650999043999946],[118.22761000100002,-8.65106299699994]]],[[[118.23693299000001,-8.650796003999972],[118.23726302000011,-8.651720955999963],[118.23679801700007,-8.650676008999937],[118.23693299000001,-8.650796003999972]]],[[[118.1912010320001,-8.647963964999974],[118.19342303200006,-8.648217982999938],[118.19128101900003,-8.648045993999972],[118.1912010320001,-8.647963964999974]]],[[[118.22567894200006,-8.647523613999965],[118.22685402100001,-8.64415977699997],[118.2281119590001,-8.646028632999958],[118.22575034800002,-8.647530509999967],[118.22567894200006,-8.647523613999965]]],[[[118.20781499800012,-8.643058982999946],[118.20870203300001,-8.640582976999951],[118.2077960360001,-8.638113979999957],[118.21309897300011,-8.638118027999951],[118.21076797100011,-8.642549033999956],[118.21137697900008,-8.645561989999976],[118.20981998200011,-8.647360017999972],[118.21251399100004,-8.65171599599995],[118.20932702000005,-8.654132017999927],[118.20359201000008,-8.649812985999972],[118.19643199400002,-8.649635976999946],[118.19477299400012,-8.648438996999971],[118.194814027,-8.646598013999949],[118.19743501700009,-8.646275000999935],[118.19804097000008,-8.643985962999977],[118.20231902800003,-8.64506395799998],[118.19900600100004,-8.642528975999937],[118.2012400320001,-8.640344961999972],[118.20111702800011,-8.63801200499995],[118.20288197500008,-8.637514972999952],[118.20562299300002,-8.639570987999946],[118.20757996800012,-8.643116956999961],[118.20781499800012,-8.643058982999946]]],[[[118.19481798900006,-8.64281303599995],[118.19487898400007,-8.643002988999967],[118.19487097300009,-8.64302896299995],[118.1948720360001,-8.64308103899998],[118.19490699000005,-8.643116010999961],[118.19500796300008,-8.643460991999973],[118.1949590160001,-8.643574977999947],[118.19484800600003,-8.643612032999954],[118.194704967,-8.643566999999962],[118.1945949740001,-8.643450978999965],[118.19450397500009,-8.643250992999981],[118.19450000500001,-8.643085001999964],[118.1945630140001,-8.642844029999935],[118.19464900100002,-8.642761031999953],[118.19475397300005,-8.642757991999929],[118.19481798900006,-8.64281303599995]]],[[[118.22635300000002,-8.63776500399996],[118.22696399100005,-8.63834495499998],[118.22514399400006,-8.63869697399997],[118.22466803300006,-8.645732008999971],[118.22353896400011,-8.646829993999972],[118.22085902700007,-8.64472700899995],[118.2234360220001,-8.645301957999948],[118.22266698900012,-8.643884997999976],[118.22386202500002,-8.643447011999967],[118.2240949940001,-8.640637996999942],[118.22044599600008,-8.637318042999937],[118.22108898200008,-8.635897029999967],[118.22609198400005,-8.637802004999969],[118.22635300000002,-8.63776500399996]]],[[[118.19434203600008,-8.640129998999953],[118.19465799300008,-8.642165980999948],[118.1940600370001,-8.640407005999975],[118.19434203600008,-8.640129998999953]]],[[[118.20038702200009,-8.639356956999961],[118.20058596500007,-8.639664015999927],[118.20062296600008,-8.639754043999972],[118.20022200800008,-8.639803039999947],[118.20011601200008,-8.639766029999976],[118.1999770320001,-8.639653988999953],[118.19985102700002,-8.639474004999954],[118.19983496900011,-8.639396026999975],[118.19990099000006,-8.639302963999967],[118.2000770300001,-8.639262991999942],[118.20023001700008,-8.639278967999928],[118.20038702200009,-8.639356956999961]]],[[[118.2699591490001,-8.652393220999954],[118.27088548100005,-8.652784108999981],[118.26992974400002,-8.652434419999963],[118.2699591490001,-8.652393220999954]]],[[[118.23926598000003,-8.64155801499993],[118.23941101800006,-8.64074598999997],[118.24131003000002,-8.644897973999946],[118.23936801400009,-8.64194103899996],[118.23926598000003,-8.64155801499993]]],[[[118.34197542000004,-8.589390975999947],[118.33794665200003,-8.594331735999958],[118.34354280000002,-8.583162899999934],[118.34462047600005,-8.584373784999968],[118.34276241500004,-8.587900496999964],[118.34197542000004,-8.589390975999947]]]]}},{"type":"Feature","properties":{"kode_kec":"52.05.08","kecamatan":"Pajo","kab_kota":"Dompu"},"geometry":{"type":"MultiPolygon","coordinates":[[[[118.53419121200011,-8.673278737999965],[118.53619913200009,-8.68206797299996],[118.52474891600002,-8.691829964999954],[118.51812339700007,-8.705853033999972],[118.51385126900004,-8.704684592999968],[118.50943624400009,-8.706773727999973],[118.50089183900002,-8.703311655999926],[118.49771114900011,-8.703360467999971],[118.48859232000007,-8.68565409599995],[118.4823640080001,-8.680891660999976],[118.47681660600006,-8.68149912499996],[118.46823429800008,-8.677403414999958],[118.45998893000001,-8.677390265999975],[118.4478888540001,-8.682703014999959],[118.4441610230001,-8.681624031999945],[118.43920070500008,-8.689180031999967],[118.43538182700001,-8.687605168999937],[118.430816789,-8.689108916999942],[118.425703483,-8.688859987999933],[118.42040507500008,-8.685786836999966],[118.42387497200002,-8.682610976999968],[118.42790649000005,-8.682135584999969],[118.43098499200005,-8.67984901099993],[118.4326549650001,-8.67777495699994],[118.4330889800001,-8.673724996999965],[118.42920900100012,-8.667783978999978],[118.42663896600004,-8.665946025999972],[118.42748696800004,-8.66392198799997],[118.4262649750001,-8.661987044999933],[118.42328102700003,-8.662246968999966],[118.42228598000008,-8.659682018999945],[118.41790198000001,-8.658223032999956],[118.42399799200007,-8.65338799899996],[118.42403003000004,-8.651684967999927],[118.42638700300006,-8.649662005999971],[118.4245489860001,-8.647119997999937],[118.42527600400001,-8.645424957999978],[118.42167497500009,-8.635417037999957],[118.42095697600007,-8.630513011999938],[118.42232101200011,-8.62587999699997],[118.41949253200005,-8.623368502999938],[118.42176110000003,-8.62133289999997],[118.42491540000003,-8.620760099999927],[118.42892790000008,-8.623199799999952],[118.43206610200002,-8.623094340999955],[118.44026980000001,-8.619712799999945],[118.4434709520001,-8.613784951999946],[118.44375862000004,-8.61621217399994],[118.44586440500007,-8.616880049999963],[118.45115086800001,-8.615805231999957],[118.45507834500006,-8.608707165999931],[118.45559856700004,-8.599710376999951],[118.4640656470001,-8.596401915999934],[118.46693729900005,-8.59154885299995],[118.46964334900008,-8.589550110999937],[118.47105787900011,-8.581878095999969],[118.46709357500004,-8.574328923999929],[118.46732097400002,-8.565234070999963],[118.47775515100011,-8.562884447999977],[118.48513131400011,-8.557423622999977],[118.50264674900006,-8.554689099999962],[118.5036967100001,-8.555993050999973],[118.50467508600002,-8.564114748999941],[118.50756484400006,-8.566516454999942],[118.5077172880001,-8.568865741999957],[118.50568968700009,-8.572972685999957],[118.50978910000003,-8.585454742999957],[118.50656408400005,-8.595266839999965],[118.5105070940001,-8.604323057999977],[118.51810111500004,-8.61099208099995],[118.52062363200002,-8.615185292999968],[118.51813008500005,-8.624991198999965],[118.51954495700011,-8.639178528999935],[118.52455114700001,-8.644457246999934],[118.53602239800011,-8.648971440999958],[118.53403420500001,-8.660032896999951],[118.53416724300007,-8.671949065999968],[118.53419121200011,-8.673278737999965]]],[[[118.42306399900008,-8.669987997999954],[118.42476399100008,-8.668539030999966],[118.42440196900009,-8.670501042999945],[118.42321598100011,-8.67047101999998],[118.42306399900008,-8.669987997999954]]]]}},{"type":"Feature","properties":{"kode_kec":"52.05.01","kecamatan":"Dompu","kab_kota":"Dompu"},"geometry":{"type":"MultiPolygon","coordinates":[[[[118.4011430270001,-8.622719768999957],[118.40239938200011,-8.623252768999976],[118.40125724100005,-8.622776875999932],[118.4011430270001,-8.622719768999957]]],[[[118.39182398600008,-8.618861007999953],[118.39274199400006,-8.614187983999955],[118.3951279910001,-8.61254202999993],[118.39583698500007,-8.61802002099995],[118.39363803300012,-8.620665043999963],[118.39204703500002,-8.61925103699997],[118.39182398600008,-8.618861007999953]]],[[[118.3901594350001,-8.611203177999926],[118.3925198600001,-8.610251393999931],[118.38966450700002,-8.612592782999968],[118.38983582800006,-8.611640998999974],[118.3901594350001,-8.611203177999926]]],[[[118.45559856700004,-8.599710376999951],[118.45507834500006,-8.608707165999931],[118.45115086800001,-8.615805231999957],[118.44586440500007,-8.616880049999963],[118.44375862000004,-8.61621217399994],[118.4434709520001,-8.613784951999946],[118.44026980000001,-8.619712799999945],[118.43206610200002,-8.623094340999955],[118.42892790000008,-8.623199799999952],[118.42491540000003,-8.620760099999927],[118.41375496600006,-8.625099966999926],[118.41029721000007,-8.624831599999936],[118.40871804100004,-8.626796578999972],[118.40726657000005,-8.625130955999964],[118.40936002400008,-8.618830964999972],[118.40559190700003,-8.619043200999954],[118.40377803700005,-8.620991007999976],[118.40142799500006,-8.621334012999966],[118.39717201600001,-8.61979097099993],[118.39548585800003,-8.610269588999927],[118.40274690100011,-8.602608217999943],[118.40063851900004,-8.598605617999965],[118.3969847300001,-8.596073905999958],[118.3989136450001,-8.588498518999927],[118.4013131260001,-8.586927084999957],[118.40398505100006,-8.590280658999973],[118.40578126700007,-8.58585887199996],[118.4087910500001,-8.587072482999929],[118.41035570600002,-8.586042462999956],[118.41392449900002,-8.589641445999973],[118.41339070900005,-8.588313657999947],[118.41534662600009,-8.58707871799993],[118.42080035000004,-8.586614722999968],[118.419778801,-8.583953427999973],[118.4211501310001,-8.58239593899998],[118.42773641600002,-8.580117811999969],[118.430586231,-8.577353607999953],[118.4329603010001,-8.566900516999965],[118.43529446500008,-8.567819963999966],[118.4366014310001,-8.566255895999973],[118.43796796400011,-8.560147907999976],[118.43371865800009,-8.55718997799994],[118.43565080400003,-8.55601712899994],[118.4353414740001,-8.55468463099993],[118.43679770400001,-8.554855951999969],[118.435899457,-8.551237980999929],[118.43801697900005,-8.548759127999972],[118.43835010400005,-8.54596326199993],[118.4391591210001,-8.546706842999981],[118.44080632000009,-8.545505289999937],[118.44217292500002,-8.547587403999955],[118.44372252900007,-8.545715301999962],[118.44452475100002,-8.548131867999928],[118.44493653200004,-8.544113245999938],[118.44604563600001,-8.54521316499995],[118.44978624200007,-8.54508590499995],[118.45085163400006,-8.543015156999957],[118.44898584900011,-8.539072337999926],[118.44980467900007,-8.536292107999941],[118.44831762500007,-8.534192537999957],[118.45005242200011,-8.53155595499993],[118.45452578900006,-8.53034387699995],[118.45313012100007,-8.52636868199994],[118.45411727500004,-8.522757120999927],[118.45303079600001,-8.522082076999936],[118.45483282200007,-8.517074674999947],[118.45823048700004,-8.517063529999973],[118.4567692810001,-8.515436964999935],[118.45788193400006,-8.514157084999965],[118.45343232300002,-8.510059791999936],[118.44902097400006,-8.502169981999941],[118.44796596700007,-8.491752089999977],[118.45427986300001,-8.491801847999966],[118.46163633000003,-8.489173544999971],[118.4593272830001,-8.48577260199994],[118.45889867900007,-8.47958932499995],[118.46143402500002,-8.475086389999944],[118.4607160700001,-8.471821872999953],[118.4638695650001,-8.464198043999943],[118.46353361100012,-8.461542134999945],[118.465226357,-8.46007647099998],[118.46455910500003,-8.458040202999939],[118.46720702300001,-8.456034221999971],[118.46883299600006,-8.451749568999958],[118.46863867500008,-8.445028733999948],[118.4746808760001,-8.435607508999965],[118.47692444500001,-8.427405352999926],[118.4827833270001,-8.418698782999968],[118.48471736600004,-8.417893818999971],[118.48673815400002,-8.403806581999959],[118.49012047800011,-8.40064868199994],[118.48954819000005,-8.395626909999976],[118.49608894000005,-8.382652266999969],[118.49870634700005,-8.363616577999949],[118.49903331700011,-8.34700294399994],[118.50721391200011,-8.355607415999941],[118.51834185100006,-8.360391826999944],[118.52738292300012,-8.36607447299997],[118.53345228600006,-8.37904535299998],[118.54066690800005,-8.389037081999959],[118.54251902800002,-8.393611540999927],[118.54234225100004,-8.396953007999969],[118.53895170300007,-8.406792233999965],[118.52458961200011,-8.428280857999937],[118.51054453900008,-8.439355702999933],[118.50693178200004,-8.440946131999965],[118.50381460500012,-8.447745065999925],[118.50241020500005,-8.445784153999966],[118.50000970000008,-8.446663807999926],[118.5005870230001,-8.449134095999966],[118.49901827800011,-8.447814772999948],[118.49857628400002,-8.450033645999952],[118.49715282400007,-8.449275077999971],[118.49561697600006,-8.451445562999936],[118.49421720400005,-8.450995579999926],[118.49521962300003,-8.45261034799995],[118.49342331100002,-8.452231918999928],[118.49391894700011,-8.45411569099997],[118.49202824100007,-8.454414683999971],[118.49208344200008,-8.45590957099995],[118.48966641800007,-8.455719133999935],[118.49003557000003,-8.457092588999956],[118.48852841400003,-8.456654515999958],[118.48872263100009,-8.458466770999962],[118.486343239,-8.458590477999962],[118.48506122000003,-8.461649253999951],[118.4821835670001,-8.460417932999974],[118.48321662700005,-8.462057232999939],[118.48232134400007,-8.462800425999944],[118.48359750100008,-8.463677293999979],[118.48277682300011,-8.46603597799998],[118.48596673100008,-8.467116480999948],[118.48757254000009,-8.472533718999955],[118.48971843700008,-8.474582729999952],[118.49105195800007,-8.474932617999968],[118.49401757800001,-8.47282447799995],[118.49383704800005,-8.47514868099995],[118.497831098,-8.477444884999954],[118.506771146,-8.478559446999952],[118.50764392600001,-8.482118666999952],[118.50492790200008,-8.486920054999928],[118.506420821,-8.488916099999926],[118.50656134500002,-8.49644443099993],[118.50887470300006,-8.50243549299995],[118.51391299800002,-8.50617098899994],[118.51301832400009,-8.51039659199995],[118.51045895200002,-8.51415579299993],[118.51099434000002,-8.527089323999974],[118.50668701400002,-8.534700072999954],[118.5064489990001,-8.542427670999928],[118.50022935400011,-8.547784824999951],[118.50264674900006,-8.554689099999962],[118.48513131400011,-8.557423622999977],[118.47775515100011,-8.562884447999977],[118.46732097400002,-8.565234070999963],[118.46709357500004,-8.574328923999929],[118.47105787900011,-8.581878095999969],[118.46964334900008,-8.589550110999937],[118.46693729900005,-8.59154885299995],[118.4640656470001,-8.596401915999934],[118.45594976600012,-8.599318322999977],[118.45559856700004,-8.599710376999951]]]]}},{"type":"Feature","properties":{"kode_kec":"52.05.02","kecamatan":"Kempo","kab_kota":"Dompu"},"geometry":{"type":"MultiPolygon","coordinates":[[[[118.19877856700009,-8.598775444999944],[118.1988404330001,-8.598637435999933],[118.19884995100006,-8.59853273999994],[118.19897368300008,-8.59845183799996],[118.19910217400002,-8.59837093599998],[118.19916404000003,-8.598366177999935],[118.19941150400007,-8.598508944999935],[118.19942102200002,-8.598623158999942],[118.19933060200003,-8.598756408999975],[118.19929253100008,-8.598846828999967],[118.19923542400011,-8.598908694999977],[118.19920687000001,-8.59901814999995],[118.19911645100001,-8.599132363999956],[118.19898320100003,-8.599165675999927],[118.1988404330001,-8.59911332799993],[118.19873097800007,-8.598961042999974],[118.19871194300003,-8.598913453999955],[118.19877856700009,-8.598775444999944]]],[[[118.19949285500002,-8.597003743999949],[118.19897889200001,-8.595961539999962],[118.20015672500006,-8.595711696999956],[118.20089197800007,-8.596818145999976],[118.19966417700005,-8.597175065999977],[118.19949285500002,-8.597003743999949]]],[[[118.23896899900001,-8.559239034999962],[118.23411397500001,-8.555991954999968],[118.23285044800002,-8.55267674299995],[118.23006647900002,-8.551130092999927],[118.22289101500007,-8.552542014999972],[118.22066097400011,-8.555653992999964],[118.21713501800002,-8.55428898599996],[118.21600697100007,-8.552360001999944],[118.21045703100003,-8.551665019999973],[118.20693700600009,-8.554044984999962],[118.20666598200012,-8.559167043999935],[118.20309399700011,-8.562349042999926],[118.20416298900011,-8.567160964999971],[118.2025019990001,-8.570742971999948],[118.1941310200001,-8.571057009999947],[118.18943103100003,-8.564470978999964],[118.1872450190001,-8.563195964999977],[118.18771696700003,-8.55881196599995],[118.18650799800002,-8.556912962999945],[118.18852900700006,-8.55401001399997],[118.18443097800002,-8.547176004999926],[118.18429996900011,-8.538900982999962],[118.18009098100003,-8.53246298199997],[118.17162600600011,-8.52685903899993],[118.16520799200009,-8.52515004299994],[118.15141799900005,-8.515958958999931],[118.14681602700011,-8.516291016999958],[118.14253399500001,-8.513724019999927],[118.13871998700006,-8.508551025999964],[118.13900797100007,-8.504963042999975],[118.13504900700002,-8.500017004999961],[118.13718299900006,-8.499043035999932],[118.1368460330001,-8.496818025999971],[118.134564995,-8.496844026999952],[118.12880001000008,-8.48954695599997],[118.13135096700012,-8.487320973999942],[118.13179997500004,-8.482804016999978],[118.13045498300005,-8.482128968999973],[118.12463082500005,-8.485258967999926],[118.12779135000005,-8.475212246999945],[118.12452912300012,-8.474596485999939],[118.12711454400005,-8.470693683999968],[118.12453585200001,-8.467261592999932],[118.1222528510001,-8.458742900999937],[118.12296297500006,-8.44936163899996],[118.12416387700011,-8.447808820999967],[118.12757446700004,-8.447138051999957],[118.13068132700005,-8.441546363999976],[118.13029312100002,-8.438945992999948],[118.13301515500007,-8.436367648999976],[118.13354589700009,-8.432408711999926],[118.13918292400001,-8.42703295299998],[118.1583216140001,-8.41733222299996],[118.16886090800006,-8.417100515999948],[118.17338981300009,-8.414818810999975],[118.1835901280001,-8.41737836699997],[118.2039864190001,-8.435994931999971],[118.21403385100007,-8.43835241599993],[118.21453371200005,-8.443304355999942],[118.22313982000003,-8.44670737499996],[118.2248960070001,-8.449152827999967],[118.23130734400002,-8.452400721999936],[118.23516742400011,-8.453391817999943],[118.23804481100001,-8.458396114999971],[118.243285291,-8.462770320999937],[118.24088419700001,-8.470410992999973],[118.2448885770001,-8.482174678999968],[118.25879918900011,-8.490582740999969],[118.26743120300011,-8.501744430999963],[118.2708027000001,-8.503518607999979],[118.27647758100011,-8.50402229599996],[118.29294162600002,-8.50256686299997],[118.29556707900008,-8.504583800999967],[118.29501340000002,-8.508772799999974],[118.2915819000001,-8.515553599999976],[118.29179060000001,-8.518264999999928],[118.29716900900007,-8.524456329999964],[118.29054815300003,-8.528568792999977],[118.28566943100009,-8.534197673999927],[118.27617297300003,-8.551956952999944],[118.27408661700008,-8.559979612999939],[118.26775369000006,-8.565570134999973],[118.26690854200001,-8.569778848999931],[118.26776282700007,-8.587962034999975],[118.26335100000006,-8.585356975999957],[118.25064402800001,-8.587076030999981],[118.25012902800006,-8.569644020999931],[118.247392966,-8.56490604399994],[118.2393870620001,-8.559484113999929],[118.23896899900001,-8.559239034999962]]],[[[118.22171001900006,-8.559063027999969],[118.22172100000012,-8.55813696399997],[118.22258899500002,-8.559552015999941],[118.22176000900004,-8.559234024999967],[118.22171001900006,-8.559063027999969]]]]}},{"type":"Feature","properties":{"kode_kec":"52.05.05","kecamatan":"Woja","kab_kota":"Dompu"},"geometry":{"type":"MultiPolygon","coordinates":[[[[118.3704489810001,-8.690498003999949],[118.37115902800008,-8.690048013999956],[118.3704819840001,-8.69052699699995],[118.3704489810001,-8.690498003999949]]],[[[118.39611397700003,-8.663493001999939],[118.40112700200007,-8.66309900999994],[118.40611602600006,-8.665345043999935],[118.40696896800011,-8.668487013999936],[118.40601199600007,-8.672272029999931],[118.40201398800002,-8.677515029999938],[118.39584100000002,-8.678168982999978],[118.39377002300012,-8.682734037999978],[118.38515102000008,-8.683206002999952],[118.38094099000011,-8.688002991999952],[118.37996803700003,-8.692209982999941],[118.37828903600007,-8.692471013999977],[118.37711000000002,-8.694738031999975],[118.37485297900002,-8.692715962999955],[118.37365898300004,-8.694173956999975],[118.37140598600001,-8.69158398999997],[118.3710059870001,-8.688557989999936],[118.36489898900004,-8.685227983999937],[118.35867997100002,-8.683227011999975],[118.35378702000003,-8.68453302499995],[118.34979896300001,-8.689649988999975],[118.34841103300005,-8.695246032999933],[118.34662499500007,-8.696481024999969],[118.34596096400003,-8.698918022999976],[118.33664098000008,-8.701270971999975],[118.33618799600004,-8.710340985999949],[118.33303192500011,-8.712858221999966],[118.33066898600009,-8.708605714999976],[118.31916741900011,-8.701236041999948],[118.32007800000008,-8.69711099999995],[118.31363412600001,-8.693808730999933],[118.31472499900008,-8.684955833999936],[118.32154075000005,-8.676862880999977],[118.31687864000003,-8.66607832099993],[118.32347041300011,-8.650811695999948],[118.32353698800011,-8.643468678999966],[118.3271608440001,-8.635336564999932],[118.32538635700007,-8.62707636999994],[118.32760523600007,-8.623635277999938],[118.33266810000009,-8.620186799999942],[118.3370754440001,-8.612001962999955],[118.33710808100011,-8.607214261999957],[118.3356314670001,-8.604035607999947],[118.33794665200003,-8.594331735999958],[118.33273525700008,-8.597161404999952],[118.32893935200002,-8.601325497999937],[118.32593311900007,-8.614634913999964],[118.30753360000006,-8.593624699999964],[118.31258930000001,-8.580398999999943],[118.32546390000005,-8.564273399999934],[118.33318870000005,-8.56019939999993],[118.34091350000006,-8.553579099999979],[118.34548660000007,-8.545660699999928],[118.36014050000006,-8.538955399999963],[118.36340210000003,-8.534584099999961],[118.3640507,-8.531543899999974],[118.35660748400005,-8.520108308999966],[118.36751371000003,-8.500000003999958],[118.37754651300008,-8.492762393999953],[118.3793473930001,-8.488593969999954],[118.38119787000005,-8.472261351999975],[118.37543493200008,-8.458022071999949],[118.36609270800011,-8.446858780999946],[118.36139543500008,-8.444709616999944],[118.35280599900011,-8.435050270999966],[118.35753664000003,-8.43395927499995],[118.36492321300011,-8.434599468999977],[118.37325742500002,-8.43096990999993],[118.38518047900004,-8.42863708599998],[118.3980163550001,-8.418979970999942],[118.40392302800001,-8.411850348999963],[118.40810043200008,-8.402158587999963],[118.41981494400011,-8.398374049999973],[118.42887572100005,-8.388107035999951],[118.44514815100001,-8.384944366999946],[118.46232724200001,-8.378564405999953],[118.46666434100007,-8.375000352999962],[118.47514176200002,-8.361061595999956],[118.496256603,-8.341749007999965],[118.49903331700011,-8.34700294399994],[118.49870634700005,-8.363616577999949],[118.49608894000005,-8.382652266999969],[118.48954819000005,-8.395626909999976],[118.49012047800011,-8.40064868199994],[118.48673815400002,-8.403806581999959],[118.48626040300007,-8.411405996999974],[118.48478508200003,-8.41337397899997],[118.48545334500011,-8.41597812799995],[118.47692444500001,-8.427405352999926],[118.4746808760001,-8.435607508999965],[118.46863867500008,-8.445028733999948],[118.46883299600006,-8.451749568999958],[118.46720702300001,-8.456034221999971],[118.46455910500003,-8.458040202999939],[118.465226357,-8.46007647099998],[118.46353361100012,-8.461542134999945],[118.4638695650001,-8.464198043999943],[118.4607160700001,-8.471821872999953],[118.46143402500002,-8.475086389999944],[118.45889867900007,-8.47958932499995],[118.4593272830001,-8.48577260199994],[118.46163633000003,-8.489173544999971],[118.45427986300001,-8.491801847999966],[118.44796596700007,-8.491752089999977],[118.44902097400006,-8.502169981999941],[118.45343232300002,-8.510059791999936],[118.45788193400006,-8.514157084999965],[118.4567692810001,-8.515436964999935],[118.45823048700004,-8.517063529999973],[118.45483282200007,-8.517074674999947],[118.45303079600001,-8.522082076999936],[118.45411727500004,-8.522757120999927],[118.45313012100007,-8.52636868199994],[118.45452578900006,-8.53034387699995],[118.45005242200011,-8.53155595499993],[118.44831762500007,-8.534192537999957],[118.44980467900007,-8.536292107999941],[118.44898584900011,-8.539072337999926],[118.45085163400006,-8.543015156999957],[118.44978624200007,-8.54508590499995],[118.44604563600001,-8.54521316499995],[118.44493653200004,-8.544113245999938],[118.44452475100002,-8.548131867999928],[118.44351403600001,-8.545654362999926],[118.44217292500002,-8.547587403999955],[118.44080632000009,-8.545505289999937],[118.43773144400006,-8.546920994999937],[118.43801697900005,-8.548759127999972],[118.435899457,-8.551237980999929],[118.43679770400001,-8.554855951999969],[118.4353414740001,-8.55468463099993],[118.43565080400003,-8.55601712899994],[118.43371865800009,-8.55718997799994],[118.43796796400011,-8.560147907999976],[118.4372954690001,-8.564270000999954],[118.43544589100009,-8.567786566999928],[118.43290859100011,-8.566973401999974],[118.43216977700001,-8.572850227999936],[118.42968108900004,-8.578542896999977],[118.42683677000002,-8.580544604999943],[118.42240688700008,-8.58132786899995],[118.419778801,-8.583953427999973],[118.42080035000004,-8.586614722999968],[118.41534662600009,-8.58707871799993],[118.41339070900005,-8.588313657999947],[118.41410499000006,-8.58961957899993],[118.4107423690001,-8.586084102999962],[118.4087910500001,-8.587072482999929],[118.40578126700007,-8.58585887199996],[118.40376187200002,-8.590307597999981],[118.40174585800003,-8.587103015999958],[118.40045880100001,-8.58705163999997],[118.39682512900004,-8.594840549999958],[118.40243105600007,-8.601066954999965],[118.40205526000011,-8.604307393999932],[118.39548585800003,-8.610269588999927],[118.39545272700002,-8.607558409999967],[118.39259500000003,-8.608452989999932],[118.39023698000005,-8.607252033999941],[118.38773298500007,-8.608465955999975],[118.38125302800006,-8.61791199299995],[118.38055598200003,-8.625827009999966],[118.38836397200009,-8.63842397299993],[118.38881700200011,-8.642626967999945],[118.3910539850001,-8.645411029999934],[118.38966801000004,-8.648121991999972],[118.38542400100005,-8.651491991999933],[118.38551902400002,-8.653934040999957],[118.38925545000006,-8.660427979999952],[118.39370595000003,-8.66345830499995],[118.3956900070001,-8.663430992999963],[118.39611397700003,-8.663493001999939]],[[118.33880896100004,-8.59368683799994],[118.34462047600005,-8.584373784999968],[118.34354280000002,-8.583162899999934],[118.33794665200003,-8.594331735999958],[118.33880896100004,-8.59368683799994]]]]}},{"type":"Feature","properties":{"kode_kec":"52.05.06","kecamatan":"Pekat","kab_kota":"Dompu"},"geometry":{"type":"MultiPolygon","coordinates":[[[[117.73517348900009,-8.265827840999975],[117.73471663200007,-8.262239613999952],[117.72848482400002,-8.25669626299998],[117.72511729200005,-8.25167976399996],[117.71725101900006,-8.247674036999967],[117.7129909790001,-8.248030963999952],[117.7117452760001,-8.243094668999959],[117.7129619960001,-8.246479972999964],[117.7136739660001,-8.245094957999981],[117.71144196900002,-8.242706976999955],[117.70793900800004,-8.241962971999953],[117.69950002300004,-8.243067993999944],[117.69423501200004,-8.241374982999957],[117.69167696900001,-8.238262017999944],[117.69086500500009,-8.234824011999933],[117.6960129790001,-8.23373195499994],[117.69869197100002,-8.230292966999968],[117.69924997500004,-8.226559965999968],[117.71000202900007,-8.220027030999972],[117.71019902900002,-8.215291976999936],[117.70654399600005,-8.210750979999943],[117.71017400000005,-8.202972991999957],[117.71045101600009,-8.195193030999974],[117.71299399000009,-8.190862034999952],[117.71259603100009,-8.182384966999962],[117.71538996800007,-8.177842004999945],[117.72100897300004,-8.172522004999962],[117.72058001700009,-8.167028002999928],[117.71904799200001,-8.163955038999973],[117.72049301200002,-8.16166695499993],[117.72568898200007,-8.159914017999938],[117.72710599800007,-8.158270997999978],[117.72399599900007,-8.15008600699997],[117.72832501500011,-8.149879040999963],[117.73253598000008,-8.14678799799998],[117.73402797200004,-8.152852021999934],[117.73995799600004,-8.155727017999936],[117.74248596600012,-8.154838992999942],[117.75009203000002,-8.147752990999948],[117.76546790300006,-8.143520727999942],[117.77936902700003,-8.16253354099996],[117.78696602500008,-8.166760430999943],[117.79002669900001,-8.170431019999967],[117.80057807900005,-8.172255499999949],[117.81475703900003,-8.18776126499995],[117.82999834300006,-8.197101806999967],[117.83747082100001,-8.203889656999934],[117.85118662800005,-8.213354439999932],[117.86040102000004,-8.217349321999961],[117.8708780070001,-8.21892636299998],[117.87414591600009,-8.221092934999945],[117.87717766200001,-8.220205233999934],[117.88250015800008,-8.22091715299996],[117.8892045450001,-8.21615187499998],[117.90267171500011,-8.21948565599996],[117.9082018580001,-8.21617805699998],[117.9124441240001,-8.217547560999947],[117.92007064100005,-8.21603108499994],[117.92454670400002,-8.219387754999957],[117.92881391300011,-8.21999423099993],[117.93623377900008,-8.229222849999928],[117.9388551190001,-8.23584169399993],[117.9538227380001,-8.250000200999978],[117.9612726580001,-8.261257504999946],[117.97331414100006,-8.272999850999952],[117.99730917700003,-8.286776303999943],[118.01301370800002,-8.292574741999942],[118.02454379700009,-8.299159878999944],[118.0302955190001,-8.30645807999997],[118.04523982,-8.335572671999955],[118.04938430200002,-8.339542268999935],[118.06947366000009,-8.353116953999972],[118.07964551400005,-8.356268714999942],[118.08725191300005,-8.360945382999944],[118.10333439300007,-8.377700296999933],[118.1160150070001,-8.384139163999976],[118.12498042300001,-8.38537611199996],[118.13851931600004,-8.389770643999952],[118.13966721400004,-8.396297025999957],[118.1416636240001,-8.397972125999956],[118.14148327300006,-8.39978827799996],[118.14556458400011,-8.405790441999955],[118.15645434100009,-8.406412435999925],[118.16242673900001,-8.40900013099997],[118.16733233000002,-8.414404154999943],[118.17199480300008,-8.414822926999932],[118.16904389500007,-8.417064194999966],[118.1583216140001,-8.41733222299996],[118.15404771800002,-8.418872014999977],[118.14985685200008,-8.422166714999946],[118.13918292400001,-8.42703295299998],[118.13354589700009,-8.432408711999926],[118.13301515500007,-8.436367648999976],[118.13029312100002,-8.438945992999948],[118.13068132700005,-8.441546363999976],[118.12757446700004,-8.447138051999957],[118.12413408500004,-8.447824533999949],[118.12227495900004,-8.45136142299998],[118.12350950100006,-8.464284456999962],[118.12719391100006,-8.471287821999965],[118.12452912300012,-8.474596485999939],[118.12779135000005,-8.475212246999945],[118.12556094600006,-8.483839323999973],[118.12413796700002,-8.485182018999978],[118.12420901600001,-8.483135017999928],[118.12255696900002,-8.48237103899993],[118.11950700300008,-8.484116016999963],[118.12008298700005,-8.487725036999962],[118.11717697900008,-8.493810032999932],[118.11320898200006,-8.496199034999961],[118.11006697200003,-8.496961007999971],[118.10563698900012,-8.495366959999956],[118.10452096800009,-8.492594994999934],[118.10246998000002,-8.491497964999951],[118.1017280310001,-8.486058024999977],[118.10016601500001,-8.484733005999942],[118.1016589730001,-8.482247968999957],[118.09751100000005,-8.476331971999969],[118.09756596600005,-8.474504990999947],[118.09590998800002,-8.473648039999944],[118.09470399000008,-8.46477398199994],[118.08187197900008,-8.450607960999946],[118.07722702300009,-8.45123697899993],[118.07094903100005,-8.449397971999929],[118.04960897900003,-8.451506037999934],[118.04411099100003,-8.453484042999946],[118.03952098500008,-8.451922034999939],[118.03074700400009,-8.455757022999933],[118.02640400700011,-8.45413100299993],[118.01898696300009,-8.45497701599993],[118.0120920170001,-8.458926976999976],[117.98630103700009,-8.465696032999972],[117.98037198700001,-8.46478502499997],[117.97272897200003,-8.454152978999957],[117.96873400000004,-8.45327502799995],[117.96830699700001,-8.447063956999955],[117.95896203200004,-8.443294969999954],[117.94583801700003,-8.43545497699995],[117.93197198000007,-8.432654019999973],[117.91726102500002,-8.425120014999948],[117.91312599700007,-8.419804029999966],[117.90412299000002,-8.417339984999956],[117.89740497700006,-8.411647961999961],[117.89203198500002,-8.403021004999971],[117.88594597200006,-8.401789957999938],[117.87660800000003,-8.39756602999995],[117.87455200000011,-8.395270001999961],[117.86655798700008,-8.391145002999963],[117.85791403200005,-8.38351597999997],[117.85560400400004,-8.378085957999929],[117.85172147200001,-8.376778736999938],[117.84661203700011,-8.37198802599994],[117.84195698700012,-8.37091195599993],[117.82768500400005,-8.372581988999968],[117.8274570320001,-8.370306976999927],[117.82903899300004,-8.37020997999997],[117.8299240340001,-8.36529797199995],[117.82606399600002,-8.362539004999974],[117.82003598100005,-8.363367014999938],[117.81892400100003,-8.365385017999927],[117.81923502000006,-8.368902962999925],[117.81794897600003,-8.368693032999943],[117.81670902400003,-8.365910998999937],[117.81828797600008,-8.357914020999942],[117.81700396300005,-8.35135603699996],[117.79762702200003,-8.333090002999938],[117.79672202500001,-8.330436967999958],[117.7882919750001,-8.324982030999934],[117.78373500200007,-8.317610983999941],[117.77474201900009,-8.311204981999936],[117.77318499800003,-8.306459011999948],[117.77398500200002,-8.300809968999943],[117.76821899000004,-8.296364024999946],[117.76440902000002,-8.289380988999937],[117.75788896600011,-8.285577989999979],[117.75214696300009,-8.28465499899994],[117.74660698000002,-8.280946980999943],[117.74257301900002,-8.279806963999931],[117.73614900300004,-8.271248022999941],[117.73531759800005,-8.266081747999976],[117.73517348900009,-8.265827840999975]]],[[[117.7496669730001,-8.098623009999926],[117.76023202400006,-8.109756974999925],[117.758187023,-8.113241033999941],[117.75806203500008,-8.116713015999949],[117.75180100400007,-8.121310010999935],[117.74576898100008,-8.11754297799996],[117.74364296400006,-8.117964015999974],[117.73906803500006,-8.115648040999929],[117.73504598500006,-8.107714981999948],[117.7372940350001,-8.099775015999967],[117.74203903000011,-8.098250003999965],[117.74929397500011,-8.098621975999947],[117.7496669730001,-8.098623009999926]]]]}},{"type":"Feature","properties":{"kode_kec":"52.05.03","kecamatan":"Hu'u","kab_kota":"Dompu"},"geometry":{"type":"Polygon","coordinates":[[[118.49083936800002,-8.81624117299998],[118.48334357200008,-8.82089704599997],[118.48064291900005,-8.834457129999976],[118.47854612700007,-8.838043804999927],[118.47740425600011,-8.848677753999937],[118.47821682400001,-8.85130819099993],[118.4737756830001,-8.866863902999967],[118.47729468200009,-8.883309999999938],[118.47955194500003,-8.883638685999927],[118.47969229500006,-8.884727675999954],[118.47161697400009,-8.885347992999925],[118.46744798100008,-8.88943597399998],[118.46842699500007,-8.882053024999948],[118.46728200400003,-8.88073301199995],[118.46249001900003,-8.879576020999934],[118.45756496900003,-8.884604000999957],[118.45677802300008,-8.883707002999927],[118.45056196500002,-8.884839959999965],[118.4398459900001,-8.880317986999955],[118.43625301300006,-8.880122996999944],[118.43067900800008,-8.87729897099996],[118.42645696300008,-8.873419977999959],[118.41800201900003,-8.871653993999928],[118.41231699700006,-8.868008002999943],[118.39678298500007,-8.854435041999977],[118.38084799800004,-8.831527009999945],[118.37941797400003,-8.827296014999945],[118.38121197400005,-8.824216986999943],[118.37970203700002,-8.82120697299996],[118.37965302700002,-8.810222009999961],[118.38225496300004,-8.804074008999976],[118.379081971,-8.796865009999976],[118.3801139850001,-8.794877037999981],[118.38000696400002,-8.787935968999932],[118.37772999700007,-8.783328042999926],[118.3716669800001,-8.779868957999952],[118.37579302500001,-8.772800980999932],[118.38202302600007,-8.768702980999933],[118.386310965,-8.763900966999927],[118.38883398300004,-8.76363602899994],[118.39293197600011,-8.766878979999944],[118.40197002800005,-8.760988036999947],[118.40456202700011,-8.761002012999938],[118.40700297600006,-8.759276006999926],[118.41127501100004,-8.742970035999974],[118.4185830030001,-8.72947198199995],[118.42851699900007,-8.721402961999956],[118.42943699900002,-8.716635963999977],[118.42814296300003,-8.712028994999969],[118.41838001200006,-8.693313989999979],[118.42040507500008,-8.685786836999966],[118.425703483,-8.688859987999933],[118.430816789,-8.689108916999942],[118.43538182700001,-8.687605168999937],[118.43920070500008,-8.689180031999967],[118.4441610230001,-8.681624031999945],[118.4478888540001,-8.682703014999959],[118.45998893000001,-8.677390265999975],[118.46823429800008,-8.677403414999958],[118.47681660600006,-8.68149912499996],[118.4823640080001,-8.680891660999976],[118.48859232000007,-8.68565409599995],[118.49771114900011,-8.703360467999971],[118.50089183900002,-8.703311655999926],[118.50943624400009,-8.706773727999973],[118.51385126900004,-8.704684592999968],[118.51812339700007,-8.705853033999972],[118.51115698500007,-8.720037825999952],[118.50974337900004,-8.728767071999926],[118.51306815600003,-8.74819501099995],[118.50787695500003,-8.76131643399998],[118.49806544800003,-8.768494028999953],[118.49501366700008,-8.77529397099994],[118.49483877700004,-8.777871748999928],[118.4999993020001,-8.78370492299996],[118.50056630900008,-8.79305997399996],[118.50000021500011,-8.796504476999928],[118.49388491000002,-8.806179683999972],[118.49151723400007,-8.815718688999937],[118.49083936800002,-8.81624117299998]]]}},{"type":"Feature","properties":{"kode_kec":"52.05.04","kecamatan":"Kilo","kab_kota":"Dompu"},"geometry":{"type":"Polygon","coordinates":[[[118.30121787100006,-8.435188491999952],[118.29507591100003,-8.446595568999953],[118.28837299100007,-8.448843075999946],[118.28479349200006,-8.452634642999953],[118.27965859900007,-8.45508622999995],[118.27728378200004,-8.458645952999973],[118.27450927600012,-8.459746380999945],[118.2716959920001,-8.45783541399993],[118.26607310200006,-8.45885033299993],[118.25741595000011,-8.457094938999944],[118.26402331600002,-8.43965981699995],[118.26288337900007,-8.437249162999933],[118.26464862900002,-8.436531318999926],[118.26597725200008,-8.437492260999932],[118.26697201900004,-8.43641166499998],[118.26945627300006,-8.438740244999963],[118.27254222200008,-8.439228864999961],[118.27683248700009,-8.436390797999934],[118.282253663,-8.435892509999974],[118.28574799000012,-8.433214158999931],[118.29147215400008,-8.43185197899993],[118.2930384550001,-8.429290911999942],[118.29839957200011,-8.428732134999962],[118.29946328300002,-8.425923076999936],[118.30291009000007,-8.423523910999961],[118.30317348500012,-8.420392827999933],[118.30533951600012,-8.419526957999949],[118.30664032100003,-8.420388184999979],[118.30817208100007,-8.419102549999934],[118.30823381100004,-8.411610708999945],[118.3103178340001,-8.411686767999981],[118.31094368200002,-8.409604753999929],[118.31291322000004,-8.407511385999953],[118.31504469000004,-8.407539842999938],[118.3156464220001,-8.40590158599997],[118.31769353200002,-8.405633889999933],[118.31844730900002,-8.406710338999972],[118.3208248200001,-8.405037429999936],[118.32281569600002,-8.405747911999981],[118.31984375000002,-8.399605325999971],[118.32045539,-8.39333789899996],[118.3227776870001,-8.389447963999942],[118.31973150100009,-8.385955429999967],[118.32225474000006,-8.381637978999947],[118.32179749800002,-8.380216692999966],[118.31703979400004,-8.37740983599997],[118.31639448900012,-8.373821376999956],[118.31741499200007,-8.370327011999962],[118.32474996300004,-8.366208984999957],[118.32289903300011,-8.360104036999928],[118.32879900600005,-8.365786010999955],[118.33350100300004,-8.366392032999954],[118.33600203500009,-8.364008017999936],[118.33449101300005,-8.360979982999936],[118.336557975,-8.355652992999978],[118.3353619940001,-8.354389997999931],[118.33677299500005,-8.352327010999943],[118.33540200800007,-8.348386965999964],[118.3378919910001,-8.345385029999932],[118.34733101900008,-8.344228965999946],[118.35289303400009,-8.349190957999951],[118.35296096400009,-8.351545034999958],[118.35569099800011,-8.352448036999931],[118.35868403100005,-8.348144970999954],[118.36024898700009,-8.34089496599995],[118.36322697000003,-8.33850702199993],[118.37329300800002,-8.334651995999934],[118.38026102800006,-8.334469961999957],[118.3860700140001,-8.331550983999932],[118.38921596700004,-8.327187013999946],[118.38811502400006,-8.323245999999926],[118.38962900800004,-8.318034987999965],[118.38716199500004,-8.31277703099994],[118.38806903600005,-8.304640026999948],[118.39188803400009,-8.302084997999941],[118.41011498600005,-8.29646803199995],[118.41361196900004,-8.289506967999955],[118.41917499200008,-8.286958019999929],[118.423318988,-8.286629991999973],[118.42736699300008,-8.282291008999948],[118.43216602900009,-8.28027597199997],[118.43415898800004,-8.276921984999944],[118.43947499600006,-8.278323992999958],[118.44293900500008,-8.27404503899993],[118.44253799700004,-8.26976104399995],[118.44469746100003,-8.26835235599998],[118.44787365100001,-8.27334344999997],[118.45165328400003,-8.275407793999932],[118.45438196900011,-8.283311742999956],[118.47651201800011,-8.30586326599996],[118.496256603,-8.341749007999965],[118.47514176200002,-8.361061595999956],[118.46666434100007,-8.375000352999962],[118.46304233300009,-8.37806588199993],[118.44514815100001,-8.384944366999946],[118.42887572100005,-8.388107035999951],[118.41981494400011,-8.398374049999973],[118.40810043200008,-8.402158587999963],[118.40392302800001,-8.411850348999963],[118.3980163550001,-8.418979970999942],[118.38518047900004,-8.42863708599998],[118.37325742500002,-8.43096990999993],[118.36492321300011,-8.434599468999977],[118.35384023800009,-8.434228263999955],[118.35180656200009,-8.435403741999949],[118.35014941800011,-8.440403539999977],[118.34852932800004,-8.440588139999932],[118.34395278900001,-8.447492865999948],[118.34195819000001,-8.446336517999953],[118.34015151500012,-8.447933813999953],[118.3354885440001,-8.446772029999977],[118.3294195960001,-8.44997090399994],[118.3268443500001,-8.44816003099993],[118.32356379200007,-8.450988604999964],[118.32084300800011,-8.45020049599998],[118.31921832800003,-8.447243843999956],[118.31759271100009,-8.448764758999971],[118.31572076100008,-8.44799338699994],[118.31379556900004,-8.44386888799994],[118.31471597000007,-8.44190552699996],[118.31283722400008,-8.441003294999973],[118.30758917100002,-8.433112793999953],[118.30716129900009,-8.434923813999944],[118.30421859800003,-8.43670712599993],[118.30159053500006,-8.435046833999934],[118.30121787100006,-8.435188491999952]]]}},{"type":"Feature","properties":{"kode_kec":"52.06.08","kecamatan":"Donggo","kab_kota":"Bima"},"geometry":{"type":"Polygon","coordinates":[[[118.51588815600007,-8.47433504199995],[118.51258399300002,-8.478706834999969],[118.50706778300002,-8.479865476999976],[118.50648215500007,-8.478378049999947],[118.497831098,-8.477444884999954],[118.49383704800005,-8.47514868099995],[118.49401757800001,-8.47282447799995],[118.49105195800007,-8.474932617999968],[118.48971843700008,-8.474582729999952],[118.48757254000009,-8.472533718999955],[118.48596673100008,-8.467116480999948],[118.48277682300011,-8.46603597799998],[118.48359750100008,-8.463677293999979],[118.48232134400007,-8.462800425999944],[118.48321662700005,-8.462057232999939],[118.4821835670001,-8.460417932999974],[118.48506122000003,-8.461649253999951],[118.486343239,-8.458590477999962],[118.48872263100009,-8.458466770999962],[118.48852841400003,-8.456654515999958],[118.49003557000003,-8.457092588999956],[118.48966641800007,-8.455719133999935],[118.49208344200008,-8.45590957099995],[118.49202824100007,-8.454414683999971],[118.49391894700011,-8.45411569099997],[118.49342331100002,-8.452231918999928],[118.49521962300003,-8.45261034799995],[118.49421720400005,-8.450995579999926],[118.49561697600006,-8.451445562999936],[118.49715282400007,-8.449275077999971],[118.49857628400002,-8.450033645999952],[118.49901827800011,-8.447814772999948],[118.5005870230001,-8.449134095999966],[118.50000970000008,-8.446663807999926],[118.50241020500005,-8.445784153999966],[118.50381460500012,-8.447745065999925],[118.50621489500008,-8.441680530999975],[118.52217033800002,-8.430465070999958],[118.5289554090001,-8.42051440399996],[118.53131837700005,-8.419021483999927],[118.53187609500003,-8.416475859999935],[118.53895170300007,-8.406792233999965],[118.54263662100004,-8.394870733999937],[118.54066690800005,-8.389037081999959],[118.53345228600006,-8.37904535299998],[118.55009773600011,-8.365826545999937],[118.55593681500011,-8.36392925499996],[118.57174074000011,-8.355228659999966],[118.57444931500004,-8.389551987999937],[118.57323715300004,-8.398126613999978],[118.58161360800011,-8.402560192999943],[118.58825081700002,-8.408958414999972],[118.59384298700002,-8.404598963999945],[118.60353341100006,-8.406065781999928],[118.6130157,-8.405569296999943],[118.6153322240001,-8.403807879999931],[118.63055592400008,-8.406114032999938],[118.63588101300002,-8.408473725999954],[118.63688556300008,-8.410187364999956],[118.6377642970001,-8.412222450999934],[118.63040416900003,-8.414148222999927],[118.63028390700003,-8.416468575999943],[118.6288356660001,-8.416760586999942],[118.62698023400003,-8.421427622999943],[118.61940902700007,-8.451809539999942],[118.61956773000009,-8.456944628999963],[118.60870446700005,-8.46185339699997],[118.59744958400006,-8.476941021999949],[118.59092973500003,-8.478098487999944],[118.57222775800005,-8.473105764999957],[118.56586979000008,-8.47857739999995],[118.56067160200007,-8.477567305999969],[118.55547302100001,-8.478039371999955],[118.55388830000004,-8.479794224999978],[118.54768385500006,-8.479744255999947],[118.54202216600004,-8.47742031599995],[118.5407744360001,-8.473432338999942],[118.5407201050001,-8.476758428999972],[118.54258560200003,-8.478604890999975],[118.54172899600007,-8.480356173999951],[118.5435297900001,-8.481257156999959],[118.5430820570001,-8.483032119999962],[118.54456843300011,-8.48388923999994],[118.54126121400009,-8.48663806999997],[118.53861049500006,-8.485494738999932],[118.5365637640001,-8.47974534399998],[118.53438330200004,-8.47736260299996],[118.5251985970001,-8.47609732199993],[118.52073450800003,-8.473951329999977],[118.51591390700003,-8.474287062999963],[118.51588815600007,-8.47433504199995]]]}},{"type":"Feature","properties":{"kode_kec":"52.06.09","kecamatan":"Sanggar","kab_kota":"Bima"},"geometry":{"type":"MultiPolygon","coordinates":[[[[118.31974024200008,-8.386063842999931],[118.32100071400009,-8.388588373999937],[118.32276493900008,-8.389199014999974],[118.32045539,-8.39333789899996],[118.31984375000002,-8.399605325999971],[118.32281569600002,-8.405747911999981],[118.3208248200001,-8.405037429999936],[118.31844730900002,-8.406710338999972],[118.31769353200002,-8.405633889999933],[118.3156464220001,-8.40590158599997],[118.31504469000004,-8.407539842999938],[118.31291322000004,-8.407511385999953],[118.31094368200002,-8.409604753999929],[118.3103178340001,-8.411686767999981],[118.30823381100004,-8.411610708999945],[118.30817208100007,-8.419102549999934],[118.30664032100003,-8.420388184999979],[118.30533951600012,-8.419526957999949],[118.30317348500012,-8.420392827999933],[118.30291009000007,-8.423523910999961],[118.29946328300002,-8.425923076999936],[118.29839957200011,-8.428732134999962],[118.2930384550001,-8.429290911999942],[118.29147215400008,-8.43185197899993],[118.28574799000012,-8.433214158999931],[118.282253663,-8.435892509999974],[118.27683248700009,-8.436390797999934],[118.27210966000007,-8.439318033999939],[118.26906026000006,-8.438532710999937],[118.26697201900004,-8.43641166499998],[118.26597725200008,-8.437492260999932],[118.26464862900002,-8.436531318999926],[118.26287217600009,-8.43724813199998],[118.25992439800007,-8.435748548999982],[118.25936936900007,-8.43403723199998],[118.2511135630001,-8.437774063999939],[118.24528638600009,-8.438677835999954],[118.24266262900005,-8.441211431999932],[118.23523431500007,-8.438170562999971],[118.22783076600001,-8.438496398999973],[118.22535175500002,-8.437501453999971],[118.22150233000002,-8.43925840199995],[118.20609587100012,-8.437018947999945],[118.18451804900008,-8.41785471399993],[118.17780197900004,-8.415409453999928],[118.16734732600003,-8.414410865999969],[118.16240356900005,-8.408984056999941],[118.15439820000006,-8.405751117999955],[118.14961243000005,-8.406635828999981],[118.14556458400011,-8.405790441999955],[118.14148327300006,-8.39978827799996],[118.1416636240001,-8.397972125999956],[118.13966721400004,-8.396297025999957],[118.13851931600004,-8.389770643999952],[118.12498042300001,-8.38537611199996],[118.1160150070001,-8.384139163999976],[118.10346195600005,-8.377769766999961],[118.08725191300005,-8.360945382999944],[118.07964551400005,-8.356268714999942],[118.06557776400007,-8.350850181999931],[118.06562282400012,-8.34027258499998],[118.07516920000012,-8.329149193999967],[118.07886554600009,-8.321462149999945],[118.07517155300002,-8.307202060999941],[118.07585138700006,-8.303300457999967],[118.07997426600002,-8.300291157999936],[118.07844925300003,-8.29563535899996],[118.08464466100008,-8.291317941999978],[118.08597214800011,-8.286283122999976],[118.09079454300002,-8.286471475999974],[118.09040122800002,-8.280538728999943],[118.0938974710001,-8.277732133999962],[118.09333725600004,-8.273897820999935],[118.10093093900002,-8.268780482999944],[118.09957600200005,-8.263549533999935],[118.10019421000004,-8.257805952999945],[118.098257192,-8.25291225199993],[118.10140536000006,-8.244866700999978],[118.1050308350001,-8.241023556999949],[118.11784145800004,-8.233968207999965],[118.12290370400001,-8.226521528999967],[118.12168044600003,-8.22390457299997],[118.12926042400011,-8.22366386899995],[118.13241748400003,-8.221448792999979],[118.13553291900007,-8.22137700899998],[118.1425394260001,-8.218228523999926],[118.15445532900003,-8.206947470999978],[118.15676402500003,-8.206403981999927],[118.16038001300001,-8.21039395899993],[118.1599730260001,-8.216804973999956],[118.15820902300004,-8.218932987999949],[118.1580240080001,-8.222294007999949],[118.15982697300001,-8.226201027999934],[118.15886498700002,-8.230669018999947],[118.16246698300006,-8.233489963999943],[118.16096598400009,-8.234619017999933],[118.16251501600004,-8.241714979999927],[118.16767896500005,-8.24560901999996],[118.16865397100003,-8.248511034999979],[118.17084497400003,-8.24858502199993],[118.17297400900009,-8.250796020999928],[118.174531021,-8.249618019999957],[118.17510797200009,-8.251931020999962],[118.17725198100004,-8.25160103199994],[118.17722298600006,-8.253438040999981],[118.18145699000002,-8.25820196799998],[118.18061398400005,-8.261043019999931],[118.18438300000003,-8.268236968999929],[118.18724297500012,-8.26920797799994],[118.18913801100007,-8.267234960999929],[118.19423000600011,-8.271255007999969],[118.19541902700007,-8.270509040999968],[118.20619201200009,-8.273005997999974],[118.2080179730001,-8.27645204299995],[118.21272602800002,-8.278552979999972],[118.21801697900003,-8.284101994999958],[118.21963097300011,-8.291277007999952],[118.22269803300003,-8.295617980999964],[118.22236298900009,-8.29953302399997],[118.22416599500002,-8.307631010999955],[118.22359398300011,-8.313855007999962],[118.22970001400006,-8.322635969999965],[118.22972696600004,-8.327194006999946],[118.23353202600003,-8.332251981999946],[118.24582497400002,-8.33898901899994],[118.24897699200005,-8.344136007999964],[118.25350599900003,-8.346124035999935],[118.25708800000007,-8.349973029999944],[118.25879296700009,-8.349645015999954],[118.26018899900009,-8.347472980999953],[118.26121800100009,-8.340847026999938],[118.26045703600005,-8.339691960999971],[118.26271502200007,-8.336372986999947],[118.273383996,-8.334862965999946],[118.2745419690001,-8.333688023999969],[118.27701797100008,-8.343058975999952],[118.27544103100001,-8.349182998999936],[118.27231997500007,-8.352532027999928],[118.27171998500012,-8.358929031999935],[118.27990797500001,-8.36465095799997],[118.28204797300009,-8.363901004999946],[118.28320602300005,-8.36017302099998],[118.28506798400008,-8.35976897699993],[118.28705802700006,-8.361047011999972],[118.28631100300004,-8.36210104199995],[118.29079603000002,-8.36775100999995],[118.30148901200005,-8.367604015999973],[118.30967700600002,-8.370185015999937],[118.31741499200007,-8.370327011999962],[118.31696316500006,-8.377305643999932],[118.32179749800002,-8.380216692999966],[118.32225474000006,-8.381637978999947],[118.31973150100009,-8.385955429999967],[118.31974024200008,-8.386063842999931]]],[[[118.28440202400009,-8.358357568999963],[118.285345344,-8.358051196999952],[118.2844519360001,-8.358401102999949],[118.28440202400009,-8.358357568999963]]],[[[118.27440297400005,-8.350727989999939],[118.27457702200002,-8.350647955999932],[118.27459108200003,-8.350653068999975],[118.27461300400012,-8.350661039999977],[118.27465905100007,-8.350705109999979],[118.2746850310001,-8.350729975999968],[118.27471296600004,-8.350824005999925],[118.27464800500002,-8.35089697899997],[118.2746479870001,-8.350896998999929],[118.27456440100002,-8.350920836999933],[118.27456398100003,-8.350920956999971],[118.27454462800006,-8.350916179999956],[118.27439800200011,-8.350879990999942],[118.27435500800004,-8.35080598999997],[118.27440297400005,-8.350727989999939]]]]}},{"type":"Feature","properties":{"kode_kec":"52.06.02","kecamatan":"Bolo","kab_kota":"Bima"},"geometry":{"type":"Polygon","coordinates":[[[118.61003806600002,-8.548952552999936],[118.60184306800011,-8.535949204999952],[118.60032135600011,-8.526594389999957],[118.59439742600011,-8.510706053999968],[118.5901894320001,-8.507998010999927],[118.5811517080001,-8.488203732999978],[118.57123141400007,-8.473224817999949],[118.59092973500003,-8.478098487999944],[118.59541917400009,-8.477607545999945],[118.59867599800009,-8.476208475999954],[118.60665816200003,-8.464434608999966],[118.6114666950001,-8.460030566999933],[118.62500000000011,-8.454939555999943],[118.63714556700006,-8.453747944999975],[118.65629058500008,-8.474389950999978],[118.66038132300002,-8.476392413999974],[118.66268222000008,-8.479433911999934],[118.67056284700004,-8.48319263299993],[118.66713642400009,-8.484691692999945],[118.66580392500009,-8.490902085999949],[118.66756472700001,-8.495803775999946],[118.6658515150001,-8.497802522999962],[118.66470937300005,-8.497231452999927],[118.66368400900001,-8.501650965999943],[118.66489735100004,-8.504419803999951],[118.66255596100007,-8.506152051999948],[118.66160417700007,-8.509140654999953],[118.66581106400008,-8.515612788999931],[118.67111700300006,-8.519614972999932],[118.66758599000002,-8.527014031999954],[118.66552701900002,-8.527702033999958],[118.66404798100007,-8.530834976999927],[118.66114256100002,-8.53149390699997],[118.65838238700007,-8.53994099299996],[118.65214819900007,-8.545604109999942],[118.65049724400001,-8.550275350999925],[118.6457160110001,-8.549697407999929],[118.64394620000007,-8.547615399999927],[118.64132450000011,-8.54843059999996],[118.64038290000008,-8.546917899999926],[118.63265540000009,-8.547806499999979],[118.63420310000004,-8.550510599999939],[118.63012380600003,-8.556047304999936],[118.62040245700007,-8.55783602799994],[118.61089026800005,-8.55011531799994],[118.61003806600002,-8.548952552999936]]]}},{"type":"Feature","properties":{"kode_kec":"52.06.03","kecamatan":"Woha","kab_kota":"Bima"},"geometry":{"type":"Polygon","coordinates":[[[118.68120947200009,-8.625000001999979],[118.67113754100001,-8.635097199999962],[118.6572751980001,-8.64320608199995],[118.65683216600007,-8.646064039999942],[118.65284728400002,-8.65158880699994],[118.65288402700003,-8.664982234999968],[118.63939598200011,-8.683542509999938],[118.62639747600008,-8.687633877999929],[118.62027871900011,-8.690948122999941],[118.61654706200011,-8.67354686799996],[118.609861249,-8.655111191999936],[118.60987756300005,-8.643994865999957],[118.60564498400004,-8.629590935999943],[118.60524522300011,-8.621257363999973],[118.60465986500003,-8.619924598999944],[118.60172897000007,-8.619564490999949],[118.59927858300011,-8.613363830999958],[118.59863852600006,-8.59395806699996],[118.59992366400002,-8.59103671899993],[118.59515573300007,-8.574929052999948],[118.60758027700001,-8.567475104999971],[118.61304702900009,-8.561131700999965],[118.62499904700007,-8.556329633999951],[118.63012380600003,-8.556047304999936],[118.63420310000004,-8.550510599999939],[118.63265540000009,-8.547806499999979],[118.64038290000008,-8.546917899999926],[118.64132450000011,-8.54843059999996],[118.64394620000007,-8.547615399999927],[118.6457160110001,-8.549697407999929],[118.65049724400001,-8.550275350999925],[118.65200543100002,-8.546674867999968],[118.65478940000003,-8.545961029999944],[118.66223711300006,-8.538124670999935],[118.66320079500008,-8.538065184999937],[118.6639570100001,-8.540420991999952],[118.66726967300008,-8.539028866999956],[118.67213309300007,-8.53937170699993],[118.67318497600002,-8.537276037999959],[118.672018879,-8.533975089999956],[118.67321812800003,-8.532404644999929],[118.67462499600003,-8.532726268999966],[118.67399898500003,-8.530110019999938],[118.67658999000002,-8.52871502599993],[118.67680538800005,-8.526543927999967],[118.68120796900007,-8.531422038999949],[118.68097557500005,-8.54139007699996],[118.69078646900005,-8.546815201999948],[118.69465167800001,-8.54716009799995],[118.69597588200008,-8.556026814999939],[118.69774633400004,-8.556065838999928],[118.70048747300007,-8.561481491999928],[118.69841258300005,-8.56181937599996],[118.69918562100008,-8.568243271999961],[118.70025631400006,-8.568957112999954],[118.69941697200011,-8.572310372999937],[118.70075878000011,-8.572864392999975],[118.69978339700003,-8.58313590399996],[118.701029102,-8.584948456999939],[118.69976301000008,-8.587874279999937],[118.69991055500009,-8.59316309899998],[118.69638528900009,-8.597218836999957],[118.69922239100003,-8.60138049699998],[118.69939462800005,-8.60891406299993],[118.6983663200001,-8.609782976999952],[118.69940008600008,-8.610394777999943],[118.68127370100001,-8.62497583399994],[118.68120947200009,-8.625000001999979]]]}},{"type":"Feature","properties":{"kode_kec":"52.06.01","kecamatan":"Monta","kab_kota":"Bima"},"geometry":{"type":"MultiPolygon","coordinates":[[[[118.65624000700006,-8.809567993999963],[118.6551850300001,-8.810892980999938],[118.65602800500005,-8.812186015999941],[118.65032098500001,-8.81261401699993],[118.64946703400005,-8.814604972999973],[118.63945403200012,-8.81350697399995],[118.63388496700009,-8.816607021999971],[118.63385130000006,-8.803043902999946],[118.63081748700006,-8.789540460999945],[118.6209953340001,-8.768339598999944],[118.61813140000004,-8.759191056999953],[118.61727428300003,-8.753505673999939],[118.61807672200007,-8.747589327999947],[118.6133411510001,-8.73986188899994],[118.60950313100011,-8.724676870999929],[118.60506670600012,-8.719016157999931],[118.6058040150001,-8.71168254099996],[118.60385078500008,-8.70484808699996],[118.60435587000006,-8.699119396999947],[118.61158487900002,-8.696789825999929],[118.62639747600008,-8.687633877999929],[118.6390506890001,-8.683877632999952],[118.65288402700003,-8.664982234999968],[118.65284728400002,-8.65158880699994],[118.65683216600007,-8.646064039999942],[118.6572751980001,-8.64320608199995],[118.67113754100001,-8.635097199999962],[118.68120810100004,-8.625000517999979],[118.69940008600008,-8.610394777999943],[118.7011352830001,-8.61053039799998],[118.70115848300009,-8.608399153999926],[118.7050994650001,-8.607197525999936],[118.70605125000009,-8.613643485999944],[118.70797147500002,-8.617091324999933],[118.7073004670001,-8.619718249999949],[118.71300057500002,-8.626328289999947],[118.71670782500007,-8.640992758999971],[118.7203721950001,-8.640540661999978],[118.7231561640001,-8.643181862999938],[118.72996304600008,-8.651215322999974],[118.73143624900001,-8.656854365999948],[118.73036245000003,-8.662466850999976],[118.73138431000007,-8.672533957999974],[118.72450850700011,-8.679143393999937],[118.72482906500011,-8.686781792999966],[118.72182745300006,-8.690877889999967],[118.72011257200006,-8.697700569999938],[118.719569105,-8.70420400699993],[118.72067570500008,-8.71103814199995],[118.71465799400005,-8.72048181599996],[118.71566984200001,-8.725066099999935],[118.71422017500004,-8.728077131999953],[118.71475310500011,-8.734594381999955],[118.71357892000003,-8.738168801999961],[118.71593436900002,-8.740075614999967],[118.71202574800009,-8.741126357999974],[118.70876868300002,-8.73970613399996],[118.70692095700008,-8.74060160299996],[118.70387501400012,-8.739272013999937],[118.69556000800003,-8.739123006999932],[118.69678501400006,-8.741611991999946],[118.69619801400006,-8.74417498899993],[118.69443401900003,-8.743833957999925],[118.69227100700004,-8.747945972999958],[118.69648896500007,-8.752377000999957],[118.71880200600003,-8.754546016999939],[118.72090101800006,-8.75741101999995],[118.72313727100004,-8.757935971999927],[118.71707361400001,-8.782800540999972],[118.7171605310001,-8.794985034999968],[118.71828406500003,-8.797846964999962],[118.71427501500011,-8.797041959999945],[118.70744702400009,-8.79791402099994],[118.70434396700011,-8.80340195599996],[118.69953497300003,-8.80702198299997],[118.68872498000007,-8.805829994999954],[118.68465900300009,-8.807418042999927],[118.6824829740001,-8.80985699599995],[118.67481597900007,-8.806309000999931],[118.66609097500009,-8.806213962999948],[118.65682802900005,-8.809320968999941],[118.65624000700006,-8.809567993999963]]],[[[118.69456096900001,-8.745376987999975],[118.69458279800006,-8.745268860999943],[118.6945849970001,-8.745257969999955],[118.69460699900003,-8.745148983999968],[118.69467599300003,-8.744978007999975],[118.69477698600008,-8.744889962999935],[118.69477766600005,-8.74488994199993],[118.69496999800003,-8.744884036999963],[118.69500300900006,-8.744892988999936],[118.69504423100011,-8.744904167999948],[118.69513198700008,-8.744927966999967],[118.69515950900006,-8.744957506999981],[118.69515995100005,-8.74495798199996],[118.6951600000001,-8.744958033999978],[118.6951612250001,-8.744961006999972],[118.69524198200008,-8.745156989999941],[118.69526399000006,-8.745483038999964],[118.69519800700004,-8.745574000999966],[118.6950920160001,-8.74563395599995],[118.69480799400003,-8.745681961999935],[118.69466803400007,-8.745654022999929],[118.69466266400002,-8.745645699999955],[118.6945770210001,-8.745512960999974],[118.69456972700004,-8.745451174999971],[118.69456096900001,-8.745376987999975]]],[[[118.69761528800007,-8.742216177999978],[118.69742599400001,-8.741058972999951],[118.69925803000001,-8.741319957999963],[118.6977330310001,-8.74230496599995],[118.69761528800007,-8.742216177999978]]],[[[118.69701298100006,-8.740339013999971],[118.69801096700007,-8.73998697099995],[118.69719703500004,-8.740456968999979],[118.69701298100006,-8.740339013999971]]]]}},{"type":"Feature","properties":{"kode_kec":"52.06.06","kecamatan":"Sape","kab_kota":"Bima"},"geometry":{"type":"MultiPolygon","coordinates":[[[[118.91086779800003,-8.599724274999971],[118.89313533400002,-8.60570663599998],[118.89009222400011,-8.60998953099994],[118.87844438000002,-8.611844261999977],[118.86495190100004,-8.618671908999943],[118.86098659700008,-8.614561821999928],[118.86044078500004,-8.605133955999975],[118.86285359300007,-8.600480048999941],[118.86457284800008,-8.600055253999926],[118.86416961300006,-8.597368057999972],[118.86676879700008,-8.596698983999943],[118.86590178200004,-8.594274147999954],[118.87059736300012,-8.590963371999976],[118.8765760770001,-8.590948896999976],[118.87860951800008,-8.586559683999951],[118.88180914400004,-8.584962795999957],[118.88435177000008,-8.577222165999956],[118.88740822300008,-8.575007546999927],[118.88865746600004,-8.571159337999973],[118.89301844600004,-8.56735453899995],[118.89717215900009,-8.560427213999958],[118.91411198200001,-8.550841227999967],[118.92570254600002,-8.542102506999981],[118.93560697700002,-8.529515294999953],[118.93301185400003,-8.497087525999973],[118.92390610500001,-8.482828623999978],[118.9408726470001,-8.483160544999976],[118.96366530900002,-8.47207683399995],[118.99961746700001,-8.465049145999956],[119.00255840600005,-8.461490892999961],[119.02244558400002,-8.45374893899998],[119.03115794600001,-8.446595608999928],[119.0398441540001,-8.444335237999951],[119.04689802100006,-8.43815296899993],[119.04383397800007,-8.443820037999956],[119.03897296500008,-8.447924039999975],[119.04042202500011,-8.450965997999958],[119.04489902700004,-8.450520017999963],[119.03896397100004,-8.45515900199996],[119.04019598600007,-8.456185981999965],[119.04368499100008,-8.455646006999928],[119.04929599200011,-8.451451970999926],[119.05113701200003,-8.451850026999978],[119.05223797800011,-8.453858988999968],[119.04949297300004,-8.45808397199994],[119.04741902500007,-8.458538959999942],[119.04691597500005,-8.46060495699993],[119.05063798000003,-8.464026009999941],[119.0536460080001,-8.463940984999965],[119.05347397900005,-8.465087985999958],[119.05008601200007,-8.465969981999933],[119.0436620270001,-8.463048040999979],[119.03628899400007,-8.464906957999972],[119.03507998400005,-8.467322969999941],[119.03962997300005,-8.470033954999963],[119.03686067500007,-8.471073674999957],[119.03735381800004,-8.47375711199993],[119.03964497600009,-8.474968976999946],[119.04379401800009,-8.474352033999935],[119.04800301000012,-8.477228981999929],[119.0471910340001,-8.483195028999944],[119.04910499100004,-8.485175036999976],[119.04702403100009,-8.49057800199995],[119.0452129900001,-8.490631979999932],[119.04471302700006,-8.492195005999974],[119.04788397100003,-8.49927502099996],[119.04416602700007,-8.500610037999934],[119.04185201200005,-8.499633974999938],[119.03999097700012,-8.501343955999971],[119.04004402600003,-8.504408001999934],[119.05021497500002,-8.50574103599996],[119.04947966800012,-8.507376904999944],[119.05267766300005,-8.511298256999964],[119.05041657100003,-8.515440358999967],[119.04877699700012,-8.51504998699994],[119.0438281590001,-8.51859719099997],[119.04017539100005,-8.517897882999932],[119.03935705200001,-8.519579197999974],[119.04190134200007,-8.522718643999951],[119.03750179300005,-8.52640818599997],[119.03483400300001,-8.525705027999948],[119.03153597500011,-8.527747001999956],[119.02332091900007,-8.523322106999956],[119.02131602200006,-8.525919018999957],[119.02190588100007,-8.532019530999946],[119.01793701500003,-8.528829963999954],[119.01523602100008,-8.530926007999938],[119.01355597300005,-8.539900989999978],[119.016183995,-8.540564998999969],[119.01834398500012,-8.54284996399997],[119.01787797100008,-8.545069972999954],[119.01479302900009,-8.54668496499994],[119.01550499200005,-8.54889902399998],[119.01834797100003,-8.54824801999996],[119.02014100500003,-8.54612502599997],[119.0202590240001,-8.550390009999944],[119.02280499400001,-8.549552983999945],[119.02583502900006,-8.55097399999994],[119.02374998900007,-8.55763997799994],[119.02070276600011,-8.557534802999953],[119.01936436300002,-8.555696094999973],[119.0167363490001,-8.555436869999937],[119.01459271800002,-8.560258044999955],[119.01634304100003,-8.560210200999961],[119.01822913300009,-8.563660586999958],[119.0172994940001,-8.563276216999952],[119.01696365200007,-8.564508444999944],[119.01808041900006,-8.566048294999973],[119.0155686810001,-8.565925383999968],[119.01535998500003,-8.567847588999939],[119.01897582800007,-8.567901266999968],[119.01883958000008,-8.569328606999932],[119.01512199700005,-8.567923332999953],[119.01517097500005,-8.574764037999955],[119.0172329930001,-8.575638994999963],[119.02140693000001,-8.573393351999925],[119.01728100700007,-8.57676199499997],[119.02020578600002,-8.577211839999961],[119.01876964200005,-8.58113620499995],[119.01482449500008,-8.58078563099997],[119.01396788900001,-8.58222520499993],[119.0126710830001,-8.581178241999964],[119.01146752700004,-8.582088484999929],[119.01249396300011,-8.584486239999933],[119.0053600540001,-8.581594921999965],[119.0018454530001,-8.583378103999962],[119.0000763700001,-8.582537706999972],[118.99679956300008,-8.584537481999973],[118.99589301300011,-8.586621672999968],[118.99838549800006,-8.587353356999927],[119.00007770100001,-8.59043134899997],[118.9966772900001,-8.590280760999974],[118.98966411000004,-8.587289005999935],[118.98971942200001,-8.588913268999931],[118.98620970000002,-8.592936399999928],[118.98177180000005,-8.590432299999975],[118.98326170000007,-8.585463199999936],[118.98217770000008,-8.581486299999938],[118.98349730000007,-8.58187879999997],[118.98370120000004,-8.579926799999953],[118.98211340000012,-8.576203199999952],[118.98247060000006,-8.571665399999972],[118.98047500000007,-8.571092499999963],[118.98034390900011,-8.568277553999962],[118.97614270600002,-8.56793744099997],[118.9757269800001,-8.566417065999929],[118.96373972900005,-8.573162845999946],[118.95668546500008,-8.587234594999927],[118.9514973790001,-8.592131045999963],[118.94789676500011,-8.593104101999927],[118.94382113500001,-8.58840010299997],[118.93801673700011,-8.590232287999982],[118.93384078300005,-8.593373176999933],[118.92585769200002,-8.592183445999979],[118.91135289600004,-8.599093582999956],[118.91086779800003,-8.599724274999971]]],[[[119.0459112320001,-8.589400027999943],[119.04492802400011,-8.587698015999933],[119.04795500000012,-8.585295032999966],[119.04892297800006,-8.587543033999964],[119.04718698300007,-8.590125981999961],[119.04601709400004,-8.589562890999957],[119.0459112320001,-8.589400027999943]]],[[[119.02994789900004,-8.57934815599998],[119.03065498400008,-8.580449019999946],[119.02984197400008,-8.579478009999946],[119.02994789900004,-8.57934815599998]]],[[[119.03397453800005,-8.577999126999941],[119.03503801900001,-8.57854204399996],[119.0337760320001,-8.57807700799998],[119.03397453800005,-8.577999126999941]]],[[[119.04008102400007,-8.575740035999956],[119.0346879760001,-8.57600901099994],[119.03215997400002,-8.57304901799995],[119.03469902300003,-8.57175197999993],[119.03711600700001,-8.573201031999929],[119.03744498600008,-8.571188982999956],[119.0400370110001,-8.575688028999934],[119.04008102400007,-8.575740035999956]]],[[[119.03943001700009,-8.572912684999949],[119.04049702900011,-8.572117961999936],[119.04080896900007,-8.573063035999951],[119.03943001900006,-8.572912712999937],[119.03943001700009,-8.572912684999949]]],[[[119.04707459200006,-8.557306758999971],[119.05358401800004,-8.562099043999979],[119.0546479950001,-8.564468991999945],[119.05319901600001,-8.566257968999935],[119.05580098700011,-8.566357012999958],[119.05591500100002,-8.57107398599993],[119.05308400100012,-8.576123957999926],[119.04834398700007,-8.577263973999948],[119.04573996900001,-8.58103701799996],[119.04340700300008,-8.581952997999963],[119.04268000500008,-8.579761990999941],[119.04418502800002,-8.57634997599996],[119.04729198200005,-8.575650960999951],[119.0462089990001,-8.574237030999939],[119.04318096400004,-8.575057990999937],[119.04249998500006,-8.571228972999961],[119.04666702200007,-8.568540992999942],[119.04387796800006,-8.568598965999968],[119.04224101500006,-8.565138957999977],[119.04027502800011,-8.56698703099994],[119.0382650250001,-8.566171031999943],[119.03968100000009,-8.563456963999954],[119.04297600900009,-8.561161997999932],[119.04393700600008,-8.556651965999947],[119.04703601400001,-8.557142961999944],[119.04707459200006,-8.557306758999971]]],[[[119.02771603500003,-8.569182972999954],[119.02876503300001,-8.569315021999955],[119.02773997600002,-8.569333962999963],[119.02771603500003,-8.569182972999954]]],[[[119.04007396500003,-8.568408043999966],[119.04124003100003,-8.568838956999969],[119.04003097200007,-8.568525339999951],[119.04007396500003,-8.568408043999966]]],[[[119.03982102900011,-8.558914023999932],[119.04074599700004,-8.559906027999943],[119.03977498800009,-8.55898702299993],[119.03982102900011,-8.558914023999932]]],[[[119.04138186800003,-8.55656853499994],[119.04301797100004,-8.55611201499994],[119.04303301400012,-8.557626963999951],[119.04138198600003,-8.556571013999928],[119.04138186800003,-8.55656853499994]]],[[[119.0434350910001,-8.555602541999974],[119.04339642500008,-8.555656079999949],[119.04333396400011,-8.555656079999949],[119.0432596060001,-8.555587669999966],[119.04323878500009,-8.555531157999951],[119.04325958400011,-8.555485401999931],[119.0432685290001,-8.55546572299994],[119.04333693800004,-8.555444902999966],[119.04338750200009,-8.555450850999932],[119.0434350910001,-8.555507363999936],[119.04347078300009,-8.555554952999955],[119.0434350910001,-8.555602541999974]]],[[[119.01630150300002,-8.531626022999944],[119.01629373300011,-8.531603684999936],[119.01629082000011,-8.53157454799998],[119.01631024400001,-8.53154929599998],[119.016341323,-8.531551238999953],[119.01636948800001,-8.53156095099996],[119.01639959600004,-8.531577461999973],[119.01642193400005,-8.531598827999971],[119.01644524300002,-8.531624079999972],[119.01646952400006,-8.53167069899996],[119.01647826500005,-8.531704690999959],[119.01647535100005,-8.531732856999952],[119.01645301300005,-8.53174353999998],[119.0164180490001,-8.531723143999955],[119.01640251000003,-8.531706633999931],[119.01637725800003,-8.531694978999951],[119.01633840900001,-8.531666813999948],[119.016316071,-8.531651273999955],[119.01630150300002,-8.531626022999944]]],[[[119.0536616170001,-8.510415376999958],[119.05370623200008,-8.51033506999994],[119.05375977000006,-8.510260711999933],[119.05381628200007,-8.510198250999963],[119.05386089700005,-8.510144713999978],[119.05389956400006,-8.510114969999961],[119.05393228100002,-8.510100098999942],[119.05396499900007,-8.510123892999957],[119.05397602100004,-8.510139506999963],[119.05403638300004,-8.51022501999995],[119.05407207400003,-8.510266660999946],[119.05411966400004,-8.510364813999956],[119.05414048400007,-8.510462966999967],[119.0540958690001,-8.510537324999973],[119.05406017700011,-8.510602759999927],[119.05397987000003,-8.51064142599995],[119.05397101000005,-8.510645662999934],[119.0539114610001,-8.51067414399995],[119.05383412900005,-8.510712809999973],[119.05379843600008,-8.510715783999956],[119.05370325800004,-8.510694963999981],[119.05365864300006,-8.510632502999954],[119.05364972000007,-8.510605733999967],[119.05363782300003,-8.510525426999948],[119.05363782300003,-8.510495683999977],[119.0536616170001,-8.510415376999958]]],[[[119.26479000900008,-8.550421966999977],[119.26530700700005,-8.546542030999944],[119.26697599200008,-8.548653977999948],[119.26620402200001,-8.55032296099995],[119.26479018400005,-8.550422810999976],[119.26479000900008,-8.550421966999977]]],[[[119.26348699200003,-8.547241994999979],[119.26356897100004,-8.54715196199993],[119.26369903400007,-8.547114964999935],[119.2637009660001,-8.547115301999952],[119.26375566200011,-8.547124836999956],[119.26386002700008,-8.547143030999962],[119.26397910900005,-8.547201297999948],[119.26423398000009,-8.547326004999945],[119.26423415300007,-8.547329198999932],[119.26423644600004,-8.547371286999976],[119.26423800900011,-8.547399991999953],[119.26418922200003,-8.547466957999973],[119.26411999100003,-8.547561985999948],[119.26411551300009,-8.54756541699993],[119.26410726300003,-8.547571738999977],[119.26410299700001,-8.547575006999978],[119.26406735300009,-8.54761396999993],[119.26402281600008,-8.54766265099994],[119.2639739980001,-8.547716011999967],[119.26391400200009,-8.547762991999946],[119.26386915700004,-8.547772147999979],[119.26385364600003,-8.547775314999967],[119.26384509600007,-8.547777060999977],[119.2638160350001,-8.547782993999931],[119.26378794100003,-8.547768941999948],[119.26376593900011,-8.547757935999925],[119.26369603400008,-8.547722969999938],[119.26363494100008,-8.547659930999941],[119.26350898200008,-8.547529955999948],[119.26347519000001,-8.547433172999945],[119.26345696400006,-8.547380973999964],[119.26345709500004,-8.547380368999939],[119.26347664200011,-8.547289895999938],[119.26348699200003,-8.547241994999979]]],[[[119.34391941400008,-8.50895940099997],[119.34545102800007,-8.504621008999948],[119.3452549750001,-8.50880495499996],[119.3439190360001,-8.508961023999973],[119.34391941400008,-8.50895940099997]]],[[[119.27999525000007,-8.468112195999936],[119.27997621400004,-8.468148363999944],[119.27996393300009,-8.468165908999936],[119.27994956400005,-8.46818643499995],[119.27992672100004,-8.468222602999958],[119.2799095900001,-8.46826828899998],[119.27988674700009,-8.468313973999955],[119.2798334470001,-8.468279709999933],[119.27981821800006,-8.468224505999956],[119.27982392900003,-8.468188338999937],[119.27983394500006,-8.46818043199994],[119.2798600970001,-8.468159784999955],[119.27990768600012,-8.468129327999975],[119.2799327250001,-8.468117503999963],[119.27997621400004,-8.468096966999951],[119.27999525000007,-8.468112195999936]]],[[[119.27903800500007,-8.467663018999929],[119.27911374700011,-8.467549345999942],[119.27911398800006,-8.46754898499995],[119.27920597000002,-8.467495041999939],[119.27930296400007,-8.467555020999953],[119.27932802300006,-8.467590026999972],[119.27930900000001,-8.467613994999965],[119.27924599800008,-8.467694969999968],[119.279111037,-8.467709040999978],[119.27903800500007,-8.467663018999929]]],[[[119.27064196900005,-8.463539959999935],[119.27071199900001,-8.463405990999945],[119.27074413100001,-8.463340862999928],[119.27078501500011,-8.463257996999971],[119.27089927700001,-8.463160466999966],[119.2709420000001,-8.463123999999937],[119.27094202900003,-8.463123974999974],[119.27103898200005,-8.463087987999927],[119.27103924400001,-8.463088639999967],[119.27106720600011,-8.463158220999958],[119.27109003100009,-8.463215017999971],[119.2710371930001,-8.463370478999934],[119.27101798800004,-8.463426983999966],[119.27097001400011,-8.463517990999947],[119.2709040200001,-8.463638019999962],[119.27081997900007,-8.463859002999925],[119.27075900800003,-8.464006021999978],[119.27075100100001,-8.464032004999979],[119.27070696500004,-8.464066960999958],[119.27070204400002,-8.464071040999954],[119.27064760500002,-8.464116176999937],[119.27064329500001,-8.464119750999942],[119.27064297400011,-8.46412001699997],[119.27057607400002,-8.464104689999942],[119.27057298800003,-8.464103982999973],[119.27057296300006,-8.46410397699998],[119.27057166700001,-8.464101924999966],[119.27051297000003,-8.464008988999979],[119.27053303600007,-8.463779973999976],[119.2705762380001,-8.463684786999977],[119.27057633800007,-8.463684565999927],[119.27064196900005,-8.463539959999935]]],[[[119.27127596300011,-8.461157011999944],[119.27123897400008,-8.462125956999955],[119.2711952090001,-8.461220972999968],[119.27127596300011,-8.461157011999944]]],[[[119.29583597300007,-8.45731576199995],[119.2958900110001,-8.457309964999979],[119.295949027,-8.457352993999962],[119.29594859600002,-8.45751245599996],[119.2959480180001,-8.457726026999978],[119.29594760000009,-8.45772734999997],[119.29593097100008,-8.457779983999956],[119.29573796300008,-8.457862988999977],[119.29560601500009,-8.457815959999948],[119.2956038640001,-8.45781220699996],[119.29554701900008,-8.457713018999925],[119.29554508000001,-8.457606890999955],[119.29554502600001,-8.457603959999972],[119.29564510600005,-8.457453494999982],[119.29569400700007,-8.457379973999934],[119.29571682400001,-8.457360335999965],[119.29575902500005,-8.457324016999962],[119.29583597300007,-8.45731576199995]]],[[[119.29639702600002,-8.45735198999995],[119.29640002200006,-8.457389105999937],[119.2964009850001,-8.457401034999975],[119.29639840100003,-8.45740272699993],[119.29633999100008,-8.457440972999962],[119.29625572500004,-8.457437037999966],[119.29625403300008,-8.45743695899995],[119.2961966250001,-8.457373378999932],[119.29615201100012,-8.457323969999948],[119.29614001100003,-8.457256988999973],[119.29616077600008,-8.457240230999957],[119.29619143800005,-8.457215487999974],[119.29619201100002,-8.457215024999925],[119.29634996800007,-8.45729298699996],[119.29639702600002,-8.45735198999995]]],[[[119.29641499000002,-8.457099042999971],[119.29638544000011,-8.457072453999956],[119.29636599900005,-8.457054960999926],[119.2963185110001,-8.457089397999937],[119.29623496700003,-8.45714998099993],[119.29623488400011,-8.457149968999943],[119.29613202900009,-8.457135042999937],[119.29610303600009,-8.457093012999962],[119.29613285900007,-8.457022563999942],[119.29616696500011,-8.45694199899998],[119.2963050410001,-8.456873436999956],[119.29630601000008,-8.456872955999927],[119.29645305600002,-8.456852406999928],[119.296453197,-8.45685238699997],[119.29647003000002,-8.456850034999945],[119.29657172100008,-8.456850722999945],[119.29661300800001,-8.45685100299994],[119.29672787700008,-8.456987251999976],[119.29680101500003,-8.457074002999946],[119.29681519400003,-8.457118041999934],[119.29682999500005,-8.457164016999968],[119.29682812900012,-8.45716531499994],[119.29673502100002,-8.457229999999981],[119.29657703600003,-8.457222975999969],[119.29652200200007,-8.457200994999937],[119.29652196300003,-8.457200977999946],[119.29641499000002,-8.457099042999971]]],[[[119.31680300800008,-8.456900988999962],[119.31680298000003,-8.456901800999958],[119.31680096600007,-8.456960007999953],[119.31671700900006,-8.457014994999952],[119.31652800900008,-8.457065994999937],[119.31646300700004,-8.457010986999933],[119.3164370070001,-8.456894029999944],[119.31648599300001,-8.456823977999932],[119.31662789200004,-8.456750087999978],[119.31662799700007,-8.456750032999935],[119.31665872000008,-8.456770220999942],[119.31666592600004,-8.456774955999947],[119.31666602200005,-8.456775018999963],[119.31667783500006,-8.456785881999963],[119.31680300800008,-8.456900988999962]]],[[[119.31634002700002,-8.456472965999978],[119.31659597400005,-8.455199035999954],[119.31637797700012,-8.456522982999957],[119.31634002700002,-8.456472965999978]]],[[[119.32786514200006,-8.443062245999954],[119.32786502500005,-8.443061955999951],[119.32786846800002,-8.44304292499993],[119.32788400700008,-8.442957020999927],[119.32796400400002,-8.44292898499998],[119.32800207500009,-8.442946442999926],[119.32803598300006,-8.442961991999937],[119.32803647900005,-8.442962989999955],[119.3280369680001,-8.442963973999952],[119.32839396300005,-8.44346896999997],[119.3283222020001,-8.443508848999954],[119.32832197200003,-8.443508976999965],[119.32824698600007,-8.443486016999941],[119.32813107900006,-8.443414042999962],[119.32811332000006,-8.443403015999934],[119.32808916200008,-8.443388014999925],[119.32808774400007,-8.443387133999977],[119.32808609000006,-8.44338610799997],[119.32808598100007,-8.44338603999995],[119.3280423110001,-8.443342652999945],[119.32793598500007,-8.44323701899998],[119.32786514200006,-8.443062245999954]]],[[[119.3272536720001,-8.44199507899998],[119.32734826400008,-8.442000881999945],[119.32734998500007,-8.442000987999961],[119.32736838200003,-8.442016032999959],[119.32736845900001,-8.442016095999975],[119.3273830060001,-8.442027991999964],[119.32748170200011,-8.442126677999966],[119.32748398500007,-8.442128959999934],[119.32748110300008,-8.442144954999947],[119.32746703300006,-8.442223038999941],[119.32738304400004,-8.442258522999964],[119.32738199500011,-8.44225896599994],[119.32719664000001,-8.442186022999977],[119.32717836300003,-8.442178830999978],[119.32715817500002,-8.442170885999928],[119.32715601300004,-8.442170034999947],[119.32715589500003,-8.442169400999944],[119.32713698900011,-8.442068037999945],[119.32720262300006,-8.442026331999955],[119.32720300400001,-8.442026089999956],[119.32725197000002,-8.441994974999943],[119.3272536720001,-8.44199507899998]]],[[[119.3299760330001,-8.433863990999953],[119.3304590250001,-8.43571103499994],[119.32695602400008,-8.432321981999962],[119.3299349670001,-8.43383098199996],[119.3299760330001,-8.433863990999953]]],[[[119.27555299900007,-8.40088597199997],[119.27688303000002,-8.40238098499998],[119.27543697800002,-8.402937963999932],[119.27458401900003,-8.405617025999959],[119.27684796800008,-8.415167957999927],[119.27919302400005,-8.417702964999933],[119.28313297400007,-8.419241973999931],[119.2963809790001,-8.416660992999937],[119.30588297500003,-8.41163998099995],[119.30742498900008,-8.409461007999937],[119.31326700800003,-8.407520990999956],[119.3160949920001,-8.402137984999968],[119.31594499100004,-8.398477039999932],[119.32118697900012,-8.401328957999965],[119.32189196600007,-8.402669954999965],[119.31942800900003,-8.403139013999976],[119.31798300000003,-8.406185025999946],[119.3179410030001,-8.409495034999964],[119.32795099300006,-8.414791013999945],[119.32833200200002,-8.42118503499995],[119.33094596500007,-8.425428973999942],[119.33466396300003,-8.427910018999967],[119.33527299000002,-8.430938971999979],[119.33390396900006,-8.429158024999936],[119.3278359630001,-8.428023960999951],[119.32539003000011,-8.424155003999942],[119.32318702300006,-8.425564978999944],[119.32582597600003,-8.431134984999971],[119.32049201500001,-8.42728698999997],[119.31917701100008,-8.428026981999949],[119.32551301800004,-8.437463003999937],[119.32691303600006,-8.441742975999944],[119.32570597000006,-8.441849994999927],[119.3219830270001,-8.434378042999981],[119.31947598400006,-8.432500030999961],[119.3176219930001,-8.432777016999978],[119.31712997600005,-8.434003006999944],[119.32044501500002,-8.43843697899996],[119.3182060040001,-8.440803033999941],[119.31982598500008,-8.445789022999975],[119.31799798400004,-8.44868697499993],[119.32065698100007,-8.454973994999932],[119.31627500200011,-8.454684957999973],[119.31692498900009,-8.449152013999935],[119.31387399700009,-8.444804029999943],[119.311394027,-8.445596981999927],[119.31149303600012,-8.448824027999933],[119.31025102900003,-8.450523973999964],[119.30939096300006,-8.449793031999945],[119.30701701900011,-8.432919977999973],[119.30294302700008,-8.429568976999974],[119.30142000500007,-8.429594994999945],[119.29946200400002,-8.432147991999955],[119.30133901400006,-8.433945002999963],[119.30124597000008,-8.440542006999976],[119.29536502500002,-8.443754016999947],[119.29463797500011,-8.449045006999938],[119.29552003100002,-8.452521967999928],[119.29317396700003,-8.455738001999975],[119.29332200500005,-8.458834042999968],[119.28977202700003,-8.462765958999967],[119.28390399200009,-8.462412986999936],[119.28132199400011,-8.463764037999965],[119.2807379620001,-8.468199991999938],[119.27968297100006,-8.467839986999934],[119.27758297200012,-8.463113973999953],[119.27971003300001,-8.459184020999942],[119.28095599700009,-8.448784020999938],[119.27875103400004,-8.448019985999963],[119.27476202600008,-8.454024992999962],[119.27317699500009,-8.453991010999971],[119.27151500100001,-8.449430008999968],[119.26766400700001,-8.445581019999963],[119.27430796300007,-8.437057975999949],[119.27202301700004,-8.435352000999956],[119.26625396800011,-8.438483985999937],[119.26541500600001,-8.437800962999972],[119.2708220290001,-8.431201002999956],[119.26947100400002,-8.427114028999938],[119.26609701100006,-8.427158014999975],[119.2658830370001,-8.424411007999936],[119.2707049820001,-8.414343028999951],[119.26869398000008,-8.411245024999971],[119.2687579840001,-8.402509961999954],[119.26747297000009,-8.400900971999931],[119.26331707500003,-8.400928890999978],[119.26380901400012,-8.39974303799994],[119.2720400180001,-8.396567029999972],[119.27561096800002,-8.392904003999945],[119.27489096500005,-8.39963496699994],[119.27555299900007,-8.40088597199997]]]]}},{"type":"Feature","properties":{"kode_kec":"52.06.07","kecamatan":"Wera","kab_kota":"Bima"},"geometry":{"type":"MultiPolygon","coordinates":[[[[118.9233442950001,-8.483136101999946],[118.91298936700002,-8.488387092999972],[118.90347081900006,-8.49019147499996],[118.89600842100003,-8.489849445999937],[118.88174099700007,-8.468695001999947],[118.88201808400004,-8.463198274999968],[118.88622635400009,-8.45539390099998],[118.88629669500006,-8.45283804099995],[118.8832779820001,-8.451842084999953],[118.88009956100007,-8.445832791999976],[118.87500815400006,-8.442807011999946],[118.87666598600003,-8.43834820099994],[118.8748748480001,-8.435826192999968],[118.86812561200009,-8.439226474999941],[118.8662188830001,-8.437068393999937],[118.86431586700007,-8.41379326799995],[118.86448928000004,-8.402625393999926],[118.86710338500006,-8.392085050999981],[118.86519822600008,-8.38487493499997],[118.86676781300002,-8.381163963999938],[118.86509696000007,-8.37551315899998],[118.86467634600001,-8.362713910999958],[118.8590321260001,-8.34546011699996],[118.85904994700002,-8.33142980599996],[118.85649969000008,-8.319903013999976],[118.85605117700004,-8.307702284999948],[118.8588135330001,-8.289383877999967],[118.86897803000011,-8.289674955999942],[118.87652396700003,-8.286502026999926],[118.88960302200007,-8.28446503799995],[118.90506098900005,-8.289084015999947],[118.92071699700011,-8.290111012999944],[118.92498103300011,-8.294285023999976],[118.92792549800004,-8.295337095999969],[118.93889500700004,-8.293559032999951],[118.94405000300003,-8.293945992999966],[118.95632999400004,-8.300816992999955],[118.96727097400003,-8.304649989999973],[118.97166599600007,-8.305280006999965],[118.98347099900002,-8.303202012999975],[119.00103202000003,-8.310383976999958],[119.00418100600007,-8.313935969999932],[119.00380897600007,-8.315528031999975],[118.99717900700011,-8.32363997899995],[118.98942997300003,-8.342788016999975],[118.98970199200005,-8.347508982999955],[118.99315498600004,-8.353798987999937],[118.99124498800006,-8.367792005999945],[118.99152596400006,-8.374989038999956],[118.99371302500003,-8.377414989999977],[118.99526900600006,-8.38305296599998],[118.99976499900004,-8.389891030999934],[119.00189498200007,-8.390249971999935],[119.00450201000001,-8.394926013999964],[119.0081200090001,-8.396172028999956],[119.01146503400003,-8.399324012999955],[119.01727396400008,-8.398114997999926],[119.01631800200005,-8.400468996999962],[119.01365098100007,-8.399899957999935],[119.01232799900004,-8.400996994999957],[119.01236899100002,-8.404155982999953],[119.01391498900011,-8.404800989999956],[119.01798397700009,-8.412124975999973],[119.01980897600004,-8.412097979999942],[119.01903098800005,-8.415267034999943],[119.02161703700006,-8.415892011999972],[119.0226889810001,-8.422298030999968],[119.02830201600011,-8.427091969999935],[119.02956600400012,-8.432405959999926],[119.02668203600001,-8.439247954999928],[119.0288720100001,-8.44219703899995],[119.03109002200006,-8.442012016999968],[119.03434398800005,-8.437092005999943],[119.03535099900012,-8.437239972999976],[119.03586398700008,-8.440017041999965],[119.03942803000007,-8.441431032999958],[119.04186898900002,-8.440909029999943],[119.043455988,-8.438254979999954],[119.04688698100006,-8.43814597599993],[119.0398441540001,-8.444335237999951],[119.03115794600001,-8.446595608999928],[119.02244558400002,-8.45374893899998],[119.00255840600005,-8.461490892999961],[118.99961746700001,-8.465049145999956],[118.96366530900002,-8.47207683399995],[118.9408726470001,-8.483160544999976],[118.92390610500001,-8.482828623999978],[118.9233442950001,-8.483136101999946]]],[[[119.03331354800002,-8.429591506999941],[119.0332379030001,-8.429604598999958],[119.03311417100008,-8.429661705999933],[119.03299995700002,-8.429723571999943],[119.03285718900008,-8.429723571999943],[119.03273345700006,-8.429723571999943],[119.03269062700008,-8.429652187999977],[119.03267635000009,-8.42957128699993],[119.0327382160001,-8.429518937999944],[119.03280960000006,-8.429480866999938],[119.03292381400001,-8.42946183099997],[119.03303326900004,-8.42941424199995],[119.03315224200003,-8.429357134999975],[119.0331877750001,-8.429347568999958],[119.03327597400005,-8.429323822999947],[119.03339494700003,-8.42933809899995],[119.03344729500009,-8.429361893999953],[119.0335567510001,-8.42933809899995],[119.03378993800004,-8.429276232999939],[119.03389939300007,-8.429271473999961],[119.03395174200011,-8.42933809899995],[119.03387083900009,-8.429404723999937],[119.03380421400004,-8.429428518999941],[119.03361385800008,-8.429514178999966],[119.03348536700003,-8.429561768999974],[119.03331354800002,-8.429591506999941]]],[[[119.06932965100009,-8.130978812999956],[119.07255033700005,-8.13176982899995],[119.07989617300007,-8.129919448999942],[119.08925815900011,-8.132866328999967],[119.1035086060001,-8.146673164999982],[119.10901427800002,-8.15520995199995],[119.11279878700009,-8.156510820999927],[119.11784333800006,-8.174661157999935],[119.12345070100002,-8.187566440999944],[119.12331499400011,-8.199184037999942],[119.1204243520001,-8.205092259999958],[119.11889785500011,-8.215362716999948],[119.11497435000001,-8.224020449999955],[119.11106792500004,-8.227574910999977],[119.10292773900005,-8.231117684999958],[119.09602922300007,-8.237456548999944],[119.08950513900004,-8.247468866999952],[119.08860483700005,-8.25076963999993],[119.08257660100003,-8.254456387999937],[119.06677946400009,-8.256203203999974],[119.05860477600004,-8.260408738999956],[119.05069266300006,-8.261810539999942],[119.04291219900006,-8.261126554999976],[119.03547714700005,-8.259094637999965],[119.01957174600011,-8.248290869999948],[119.0121326200001,-8.247145155999931],[119.00109706900002,-8.231280768999966],[118.99860289200001,-8.22046821799995],[118.99939750300007,-8.214196466999965],[119.00166990100001,-8.208802222999964],[118.99852684900009,-8.202129617999958],[118.99985367700003,-8.194274397999948],[119.00205253100012,-8.189545658999975],[118.99951051000005,-8.183261769999945],[119.00013592200003,-8.179085648999944],[119.01037813200003,-8.161729161999972],[119.0124553490001,-8.153923686999974],[119.0241654460001,-8.148494165999978],[119.03537418200006,-8.137228009999944],[119.03988560700009,-8.135425096999938],[119.04760749400009,-8.12932256299996],[119.05409786100006,-8.127208052999947],[119.06039849400008,-8.127692155999966],[119.0648466770001,-8.130209106999928],[119.06932953600005,-8.130978811999967],[119.06932965100009,-8.130978812999956]]]]}},{"type":"Feature","properties":{"kode_kec":"52.06.04","kecamatan":"Belo","kab_kota":"Bima"},"geometry":{"type":"Polygon","coordinates":[[[118.75010301700001,-8.664591050999945],[118.74334864500008,-8.667888841999968],[118.73145930400005,-8.668099965999943],[118.73036245000003,-8.662466850999976],[118.73143624900001,-8.656854365999948],[118.73002874200006,-8.651362254999981],[118.7203721950001,-8.640540661999978],[118.71670782500007,-8.640992758999971],[118.71300057500002,-8.626328289999947],[118.7073004670001,-8.619718249999949],[118.70797147500002,-8.617091324999933],[118.70605125000009,-8.613643485999944],[118.7050994650001,-8.607197525999936],[118.70115848300009,-8.608399153999926],[118.7011352830001,-8.61053039799998],[118.6983663200001,-8.609782976999952],[118.69939462800005,-8.60891406299993],[118.69953521200011,-8.602935607999939],[118.69638528900009,-8.597218836999957],[118.70004858800007,-8.59231638999995],[118.69976301000008,-8.587874279999937],[118.701029102,-8.584948456999939],[118.69978339700003,-8.58313590399996],[118.69994672600001,-8.574500821999948],[118.70072943100001,-8.572756222999942],[118.70303779500011,-8.573188706999929],[118.70337585700008,-8.57112679599993],[118.70418111800006,-8.57215174299995],[118.70433578300003,-8.570950115999949],[118.70724062900001,-8.569760384999938],[118.70749660700005,-8.570863153999937],[118.70962250600007,-8.57063554399997],[118.71000837500003,-8.575256753999952],[118.71426642100005,-8.576866459999962],[118.71956270500004,-8.576647866999963],[118.7228899050001,-8.578712286999973],[118.73987687700003,-8.580918046999955],[118.74174070900006,-8.571671699999968],[118.7457711190001,-8.56810332799995],[118.74744518000011,-8.571286555999961],[118.75237276000007,-8.573300758999949],[118.75906414200006,-8.578672075999975],[118.75950879600009,-8.597220758999981],[118.75687638600004,-8.601058828999953],[118.75745935400005,-8.605351376999977],[118.7500101070001,-8.611245743999973],[118.75801359500008,-8.616617037999958],[118.75758747600003,-8.623544803999948],[118.76143299500006,-8.629585928999973],[118.77202514100009,-8.63925833999997],[118.77383001600003,-8.643212511999934],[118.78087808600003,-8.64817874199997],[118.78652624500012,-8.656470441999943],[118.77118957700009,-8.663644470999941],[118.76421335400005,-8.662863439999967],[118.75638141000002,-8.664884576999953],[118.75015277600005,-8.66448606299997],[118.75010301700001,-8.664591050999945]]]}},{"type":"Feature","properties":{"kode_kec":"52.06.05","kecamatan":"Wawo","kab_kota":"Bima"},"geometry":{"type":"Polygon","coordinates":[[[118.8347196520001,-8.63709320099997],[118.83120721300008,-8.643162920999941],[118.8232188930001,-8.651862835999964],[118.82077892200004,-8.652711774999943],[118.81609763200004,-8.651491083999929],[118.79868038400002,-8.641100036999944],[118.794193371,-8.63515969499997],[118.79125669400003,-8.626508335999972],[118.78328813300004,-8.617048714999953],[118.7922157050001,-8.608470911999973],[118.7981562980001,-8.596406686999956],[118.8074845750001,-8.592472953999959],[118.81646505300012,-8.569537201999935],[118.82466834900004,-8.559124924999935],[118.83058108300008,-8.553950825999948],[118.83204786200008,-8.539994380999929],[118.83079418400007,-8.531477674999962],[118.82692690400006,-8.526919173999943],[118.82377829400002,-8.528087264999954],[118.8231237550001,-8.52560395599994],[118.81829512700006,-8.523256970999967],[118.82215246900012,-8.517125219999969],[118.82503404900001,-8.509661386999937],[118.82508530900009,-8.505720990999976],[118.83519783100007,-8.49674816199996],[118.8405915410001,-8.496549623999954],[118.84339072400007,-8.493094965999944],[118.84521802200004,-8.494264983999926],[118.84656309900004,-8.493297308999956],[118.84868961500001,-8.49520359099995],[118.85004104400002,-8.492417455999941],[118.8584156500001,-8.494853874999933],[118.86321568500011,-8.49104301999995],[118.86577950600008,-8.490655019999963],[118.86887358400008,-8.487060588999952],[118.87491732900003,-8.483178762999955],[118.88952145200005,-8.487610939999968],[118.89122066400012,-8.490290449999975],[118.8999167290001,-8.490334880999967],[118.91516631200011,-8.487777524999956],[118.92390610500001,-8.482828623999978],[118.93301185400003,-8.497087525999973],[118.93411623300005,-8.503195327999947],[118.93371779100005,-8.514479277999953],[118.93606773200008,-8.527313379999953],[118.93468642100004,-8.531176938999977],[118.92570254600002,-8.542102506999981],[118.91411198200001,-8.550841227999967],[118.89717215900009,-8.560427213999958],[118.89301844600004,-8.56735453899995],[118.88865746600004,-8.571159337999973],[118.88740822300008,-8.575007546999927],[118.88435177000008,-8.577222165999956],[118.88180914400004,-8.584962795999957],[118.87860951800008,-8.586559683999951],[118.8765760770001,-8.590948896999976],[118.87059736300012,-8.590963371999976],[118.86590178200004,-8.594274147999954],[118.86676879700008,-8.596698983999943],[118.86416961300006,-8.597368057999972],[118.86457284800008,-8.600055253999926],[118.86285359300007,-8.600480048999941],[118.86044078500004,-8.605133955999975],[118.86066249500004,-8.611744105999946],[118.86098659700008,-8.614561821999928],[118.86424282400003,-8.617032997999956],[118.86850940800002,-8.625031827999976],[118.8691413570001,-8.62868053699998],[118.8490072400001,-8.635927006999964],[118.83474427800002,-8.63702872999994],[118.8347196520001,-8.63709320099997]]]}},{"type":"Feature","properties":{"kode_kec":"52.06.10","kecamatan":"Ambalawi","kab_kota":"Bima"},"geometry":{"type":"Polygon","coordinates":[[[118.8645718890001,-8.415954058999944],[118.86537560400006,-8.433577980999928],[118.86774252700002,-8.439240119999965],[118.86085104900008,-8.43415454999996],[118.85475373400004,-8.432349616999943],[118.85183794000011,-8.433058115999927],[118.84080430900008,-8.428191769999955],[118.8377123030001,-8.428402103999929],[118.83425268500002,-8.426891986999976],[118.83116818400003,-8.427696672999957],[118.8251050230001,-8.425648101999968],[118.8236379980001,-8.421925021999925],[118.82203762600011,-8.422245971999928],[118.82134293000001,-8.420150705999959],[118.81607470900008,-8.417818590999957],[118.81520174100001,-8.415344532999939],[118.81299250200004,-8.413111412999967],[118.8117768410001,-8.413519386999951],[118.8115000890001,-8.412120371999947],[118.80604089600001,-8.412322220999954],[118.80659199900003,-8.423869853999975],[118.80543275800005,-8.42609615899994],[118.80225122200011,-8.427661837999949],[118.79327106500011,-8.421156591999932],[118.78922424200005,-8.413904689999981],[118.78942842100003,-8.412024850999956],[118.7825531850001,-8.412587439999982],[118.78083040800004,-8.413877524999975],[118.77588911400005,-8.41252352999993],[118.77207973200007,-8.408370411999954],[118.77107227900001,-8.403426089999925],[118.76973001800002,-8.40273313399996],[118.753451444,-8.399027530999945],[118.75067343,-8.401968188999945],[118.74151755900004,-8.40383669199997],[118.74154739200003,-8.390121589999978],[118.74686273600003,-8.37745173899998],[118.74548433600012,-8.366459212999928],[118.74221916700003,-8.358680679999964],[118.73953509800003,-8.344746273999931],[118.73666033200004,-8.342760083999963],[118.73694800600003,-8.338827955999932],[118.74149900300006,-8.336515027999951],[118.74591502800001,-8.338617007999972],[118.74776098000007,-8.332784993999951],[118.75502398800006,-8.32916996199998],[118.75503900900003,-8.323518957999966],[118.75927103700008,-8.321018003999939],[118.76417102100004,-8.314292000999956],[118.76521397700003,-8.309770005999951],[118.77038500600008,-8.308555998999964],[118.77481396900009,-8.30496797099994],[118.78670801500004,-8.301710956999955],[118.7903140190001,-8.295513042999971],[118.79527303500004,-8.294045984999968],[118.800175007,-8.287158003999934],[118.80740400400009,-8.286063026999955],[118.8151930140001,-8.280957032999936],[118.82105101100001,-8.280728961999955],[118.8345370180001,-8.281469985999934],[118.84825500200009,-8.286462970999935],[118.8572959920001,-8.287241002999963],[118.8588135330001,-8.289383877999967],[118.85605117700004,-8.307702284999948],[118.85649969000008,-8.319903013999976],[118.85923621300003,-8.333382281999945],[118.8590321260001,-8.34546011699996],[118.86467634600001,-8.362713910999958],[118.86509696000007,-8.37551315899998],[118.86676781300002,-8.381163963999938],[118.86519822600008,-8.38487493499997],[118.86710338500006,-8.392085050999981],[118.86448928000004,-8.402625393999926],[118.86441595500003,-8.41495841799997],[118.8645718890001,-8.415954058999944]]]}},{"type":"Feature","properties":{"kode_kec":"52.06.13","kecamatan":"Madapangga","kab_kota":"Bima"},"geometry":{"type":"Polygon","coordinates":[[[118.57424541400007,-8.70858732399995],[118.56409246900012,-8.709915003999981],[118.55463590400007,-8.71768060599993],[118.54235204600002,-8.723057369999935],[118.50970480800004,-8.731264907999957],[118.51115698500007,-8.720037825999952],[118.51857218300006,-8.703740766999942],[118.52216026600001,-8.698962732999973],[118.5236701450001,-8.69354347899997],[118.52684951300012,-8.68924276499996],[118.53636581700005,-8.681393563999961],[118.53419755800007,-8.674201745999937],[118.53388620700002,-8.665318104999926],[118.53602239800011,-8.648971440999958],[118.52455114700001,-8.644457246999934],[118.51954495700011,-8.639178528999935],[118.51813008500005,-8.624991198999965],[118.52062363200002,-8.615185292999968],[118.51810111500004,-8.61099208099995],[118.5105070940001,-8.604323057999977],[118.50656408400005,-8.595266839999965],[118.50977951400012,-8.585971365999967],[118.50568968700009,-8.572972685999957],[118.50783399200009,-8.568200673999968],[118.50694101300007,-8.565664384999934],[118.50467508600002,-8.564114748999941],[118.50476982200007,-8.558552261999978],[118.50022935400011,-8.547784824999951],[118.50690868100003,-8.541504189999955],[118.50668701400002,-8.534700072999954],[118.51099434000002,-8.527089323999974],[118.51045895200002,-8.51415579299993],[118.51301832400009,-8.51039659199995],[118.51391398100009,-8.506421553999928],[118.50845108200008,-8.501823550999973],[118.50630659600006,-8.495380677999947],[118.506420821,-8.488916099999926],[118.50492790200008,-8.486920054999928],[118.50756767100006,-8.482427187999974],[118.50706778300002,-8.479865476999976],[118.51258399300002,-8.478706834999969],[118.51609814000005,-8.473753973999976],[118.53438330200004,-8.47736260299996],[118.5365637640001,-8.47974534399998],[118.53861049500006,-8.485494738999932],[118.54126121400009,-8.48663806999997],[118.54456843300011,-8.48388923999994],[118.5430820570001,-8.483032119999962],[118.5435297900001,-8.481257156999959],[118.54172899600007,-8.480356173999951],[118.54258560200003,-8.478604890999975],[118.5407201050001,-8.476758428999972],[118.5407744360001,-8.473432338999942],[118.54339194200008,-8.478654065999933],[118.5520799090001,-8.47997268399996],[118.55449506200011,-8.479663353999968],[118.55547302100001,-8.478039371999955],[118.56517022900005,-8.477706516999945],[118.56586979000008,-8.47857739999995],[118.57123141400007,-8.473224817999949],[118.5811517080001,-8.488203732999978],[118.5901894320001,-8.507998010999927],[118.59439742600011,-8.510706053999968],[118.60032135600011,-8.526594389999957],[118.60184306800011,-8.535949204999952],[118.61172732300008,-8.551325521999956],[118.62040245700007,-8.55783602799994],[118.61304702900009,-8.561131700999965],[118.60758027700001,-8.567475104999971],[118.59515573300007,-8.574929052999948],[118.59992366400002,-8.59103671899993],[118.59863852600006,-8.59395806699996],[118.59927858300011,-8.613363830999958],[118.60172897000007,-8.619564490999949],[118.60465986500003,-8.619924598999944],[118.60524522300011,-8.621257363999973],[118.60564498400004,-8.629590935999943],[118.60987756300005,-8.643994865999957],[118.609861249,-8.655111191999936],[118.61654706200011,-8.67354686799996],[118.62027871900011,-8.690948122999941],[118.61247230300012,-8.696301834999929],[118.60435587000006,-8.699119396999947],[118.59653738100008,-8.704306195999948],[118.57713461900005,-8.708295655999962],[118.57424541400007,-8.70858732399995]]]}},{"type":"Feature","properties":{"kode_kec":"52.06.14","kecamatan":"Tambora","kab_kota":"Bima"},"geometry":{"type":"Polygon","coordinates":[[[117.95102599900008,-8.101660996999954],[117.96057801600011,-8.107197997999947],[117.97141397900009,-8.103451005999943],[117.98272098400003,-8.104871963999926],[117.99280602400006,-8.09941497699998],[118.00729998300005,-8.093921960999978],[118.02272799800005,-8.097809041999938],[118.03003100000001,-8.10274203299997],[118.044179987,-8.107713995999973],[118.05551697200008,-8.10763904299995],[118.06064197500007,-8.107148041999949],[118.07188503000009,-8.10149903599995],[118.07943801500005,-8.099974962999966],[118.08197299300002,-8.101081964999935],[118.09179399400011,-8.112104043999977],[118.10233596700004,-8.115189012999963],[118.10982703400009,-8.122000998999965],[118.11653600600005,-8.125401967999949],[118.1281160320001,-8.127757996999946],[118.14024496900004,-8.132936023999946],[118.14487101700001,-8.136263007999958],[118.14651798700004,-8.138982958999975],[118.14556301100004,-8.163060978999965],[118.14907302100005,-8.174122998999962],[118.14563102900001,-8.184589979999942],[118.14526398800001,-8.190196988999958],[118.14783702700004,-8.19641699899995],[118.14738701500005,-8.20105603899998],[118.15445532900003,-8.206947470999978],[118.1425394260001,-8.218228523999926],[118.13553291900007,-8.22137700899998],[118.13241748400003,-8.221448792999979],[118.12926042400011,-8.22366386899995],[118.12168044600003,-8.22390457299997],[118.12290370400001,-8.226521528999967],[118.11784145800004,-8.233968207999965],[118.1050308350001,-8.241023556999949],[118.10140536000006,-8.244866700999978],[118.098257192,-8.25291225199993],[118.10019421000004,-8.257805952999945],[118.09957600200005,-8.263549533999935],[118.10093093900002,-8.268780482999944],[118.09333725600004,-8.273897820999935],[118.0938974710001,-8.277732133999962],[118.09040122800002,-8.280538728999943],[118.09079454300002,-8.286471475999974],[118.08597214800011,-8.286283122999976],[118.08464466100008,-8.291317941999978],[118.07844925300003,-8.29563535899996],[118.07997426600002,-8.300291157999936],[118.07585138700006,-8.303300457999967],[118.07517155300002,-8.307202060999941],[118.07886554600009,-8.321462149999945],[118.07516920000012,-8.329149193999967],[118.06562282400012,-8.34027258499998],[118.06557776400007,-8.350850181999931],[118.04523982,-8.335572671999955],[118.0302955190001,-8.30645807999997],[118.02454379700009,-8.299159878999944],[118.01301370800002,-8.292574741999942],[117.99730917700003,-8.286776303999943],[117.97331414100006,-8.272999850999952],[117.9612726580001,-8.261257504999946],[117.9538227380001,-8.250000200999978],[117.9388551190001,-8.23584169399993],[117.93623377900008,-8.229222849999928],[117.92881391300011,-8.21999423099993],[117.92454670400002,-8.219387754999957],[117.92007064100005,-8.21603108499994],[117.9124441240001,-8.217547560999947],[117.9082018580001,-8.21617805699998],[117.90267171500011,-8.21948565599996],[117.8892045450001,-8.21615187499998],[117.88250015800008,-8.22091715299996],[117.87717766200001,-8.220205233999934],[117.87414591600009,-8.221092934999945],[117.8708780070001,-8.21892636299998],[117.86040102000004,-8.217349321999961],[117.85118662800005,-8.213354439999932],[117.83747082100001,-8.203889656999934],[117.82999834300006,-8.197101806999967],[117.81475703900003,-8.18776126499995],[117.80057807900005,-8.172255499999949],[117.79002669900001,-8.170431019999967],[117.78696602500008,-8.166760430999943],[117.77936902700003,-8.16253354099996],[117.76546790300006,-8.143520727999942],[117.76769598300007,-8.14183496399994],[117.77443800100002,-8.130068979999976],[117.77953496400005,-8.126470041999937],[117.78657596400001,-8.123881990999962],[117.79259399500006,-8.124039954999944],[117.80659300200011,-8.126037031999942],[117.81644102300004,-8.130665005999958],[117.8291019720001,-8.129357028999948],[117.8326079740001,-8.126846021999938],[117.83527198900003,-8.12275595799997],[117.84989100100006,-8.11524701199994],[117.86840846700011,-8.101213006999956],[117.87475399800007,-8.099304383999936],[117.88110899900005,-8.099389972999973],[117.89233803000002,-8.09313195599998],[117.90105698500008,-8.094181010999932],[117.91254699500007,-8.085697980999953],[117.92383096600008,-8.08005395799995],[117.93144900300001,-8.082468032999941],[117.9437040360001,-8.083915031999936],[117.9471119860001,-8.094661009999982],[117.95073296500004,-8.101350980999939],[117.95102599900008,-8.101660996999954]]]}},{"type":"Feature","properties":{"kode_kec":"52.06.11","kecamatan":"Langgudu","kab_kota":"Bima"},"geometry":{"type":"MultiPolygon","coordinates":[[[[118.74521899600006,-8.804901042999973],[118.74582703800002,-8.805698020999955],[118.74497799800008,-8.805004034999968],[118.74521899600006,-8.804901042999973]]],[[[118.8102124290001,-8.762660030999939],[118.81845597900008,-8.766131960999928],[118.82693403300004,-8.766053001999978],[118.83125097000004,-8.77002703599993],[118.83488403400008,-8.771437004999939],[118.83863600600012,-8.768680962999952],[118.84619998400001,-8.770429959999944],[118.85062701400011,-8.768808956999976],[118.85464603600008,-8.769103972999972],[118.85840496600008,-8.767773964999947],[118.8608839740001,-8.76387101499995],[118.86762603500006,-8.762900975999969],[118.87848197700009,-8.764287033999949],[118.88849097600007,-8.761537025999928],[118.89905945200007,-8.762684630999956],[118.90241293100007,-8.765079973999946],[118.90636524700005,-8.76598015899998],[118.90927056600003,-8.765288599999963],[118.9112040330001,-8.76790095499996],[118.9121609660001,-8.77380803099993],[118.91451698300011,-8.77532703199995],[118.92060602900006,-8.786347982999928],[118.92700801600006,-8.78886803599994],[118.93454101300006,-8.786748976999945],[118.93574896300004,-8.78486703599998],[118.9374229660001,-8.784651998999948],[118.93795003100001,-8.786131043999944],[118.93603397700008,-8.788438992999943],[118.93782300200007,-8.790944999999965],[118.93567496500009,-8.793117033999977],[118.93811296400008,-8.794957003999968],[118.93975197000009,-8.79444603099995],[118.94397900400008,-8.788487027999963],[118.95029500200008,-8.789990003999947],[118.95113701500009,-8.79192797899998],[118.94802202800008,-8.794019031999937],[118.94599503500001,-8.80527501599994],[118.94905099800008,-8.806919984999979],[118.95141899200007,-8.812670983999965],[118.95424896400004,-8.813051973999961],[118.95423902700009,-8.81568099499998],[118.95705803400006,-8.81751898799996],[118.95975097900009,-8.81755999099994],[118.9578800060001,-8.818516957999975],[118.95790402000011,-8.819732028999965],[118.95612598500009,-8.818103015999952],[118.95254597600001,-8.819779990999962],[118.95201702600002,-8.822902038999928],[118.94938703000003,-8.823069988999976],[118.94542096700002,-8.826748015999954],[118.94469803700008,-8.83092096699994],[118.93745500000011,-8.831773982999948],[118.9179060240001,-8.84059495899993],[118.90993597700003,-8.840701018999937],[118.90364001400008,-8.843621957999972],[118.90217598400011,-8.841671013999928],[118.89887803200008,-8.841427975999977],[118.89836502100002,-8.83800604399994],[118.89611603500009,-8.837462006999942],[118.88720899500004,-8.840345991999925],[118.87661199800004,-8.840309008999952],[118.8727829720001,-8.842165009999974],[118.87073399400003,-8.841038991999937],[118.86566600300011,-8.84307700599993],[118.86469602600005,-8.846420019999925],[118.86486096400006,-8.842721001999962],[118.86325396300003,-8.838444996999954],[118.8525969850001,-8.833438993999948],[118.85206802900007,-8.834647021999956],[118.85065196900007,-8.833632989999955],[118.84408998200001,-8.835365975999935],[118.84223998400012,-8.838669006999964],[118.84423500100002,-8.842234957999949],[118.84290801300006,-8.845179019999932],[118.8391950030001,-8.843073953999976],[118.8381180350001,-8.844466977999957],[118.83629399800009,-8.844255015999977],[118.836357969,-8.845804958999963],[118.83579997700008,-8.843117996999979],[118.83521899800007,-8.844156969999972],[118.83404603200006,-8.843301038999925],[118.83251900200003,-8.839429019999955],[118.83095499400008,-8.839823981999928],[118.82845903200007,-8.838091026999962],[118.8273789650001,-8.839030013999945],[118.82557800400002,-8.837349958999937],[118.82013998900004,-8.837854022999977],[118.81802699400009,-8.836852998999973],[118.81573902200012,-8.834188009999934],[118.81718601800003,-8.831616011999927],[118.81305197200004,-8.827549039999951],[118.8086979740001,-8.82559204499995],[118.80947700900003,-8.823656020999977],[118.80742502700002,-8.821556017999967],[118.80144800500011,-8.81928303799998],[118.79946997000002,-8.820708036999974],[118.79722602700008,-8.819783962999963],[118.79662903400003,-8.821870957999977],[118.79471299600004,-8.822608038999931],[118.79301598900008,-8.820945994999931],[118.79201998300005,-8.82291801699995],[118.78961996900011,-8.821304957999928],[118.78810001300008,-8.822196042999963],[118.78506900200011,-8.819705994999936],[118.78362502100003,-8.820281959999932],[118.77854903600007,-8.812552965999942],[118.77261700700001,-8.808142024999938],[118.76182499100003,-8.803991031999942],[118.75979297200001,-8.798365019999949],[118.75602296400007,-8.796106987999963],[118.7519419670001,-8.795313997999926],[118.7478500200001,-8.796258998999974],[118.74667601100009,-8.797445976999938],[118.74719198600008,-8.80189697999998],[118.74603603600008,-8.803742026999942],[118.74118997000005,-8.801395998999965],[118.7378629860001,-8.80189398899995],[118.73319803600009,-8.796033038999951],[118.72971501300003,-8.79799496499993],[118.73144000900004,-8.801755011999944],[118.73001298500003,-8.80237995999994],[118.72863897600007,-8.801252010999974],[118.72861102500008,-8.797458032999941],[118.72608398900002,-8.798255965999942],[118.72496601800003,-8.795361968999941],[118.7218669660001,-8.792846014999952],[118.71910197600005,-8.793253034999964],[118.71861203300011,-8.797668960999943],[118.71742819400004,-8.796404697999947],[118.71707877000006,-8.782763429999932],[118.72313727100004,-8.757935971999927],[118.72668900200006,-8.760072960999935],[118.72470400500004,-8.76548497999994],[118.72644898100009,-8.777613967999969],[118.72863696900004,-8.777506957999947],[118.73917597400009,-8.764731015999928],[118.74442697400002,-8.765253960999928],[118.74649002700005,-8.763994019999927],[118.74927598400006,-8.766590964999978],[118.75974797900005,-8.768245959999945],[118.76369500100009,-8.767185956999981],[118.76562496400004,-8.764402977999964],[118.77405801100008,-8.763022964999948],[118.7896470290001,-8.763442005999934],[118.79842003400006,-8.765248035999946],[118.80407801800004,-8.76513302199993],[118.81011249100004,-8.762538678999931],[118.8102124290001,-8.762660030999939]]],[[[118.81881002900002,-8.762074008999946],[118.8200990040001,-8.762365999999929],[118.81884200000002,-8.762160990999973],[118.81881002900002,-8.762074008999946]]],[[[118.8179760060001,-8.761461019999956],[118.8180529980001,-8.761513979999961],[118.81793200900006,-8.761752015999946],[118.81790801800003,-8.761764966999976],[118.81769499600011,-8.761861985999928],[118.81751298900008,-8.761834026999963],[118.81732402800003,-8.761700976999975],[118.81728500400004,-8.761535027999969],[118.81736801400007,-8.761422996999954],[118.81755500000008,-8.761349966999944],[118.8177590250001,-8.761360013999933],[118.8179760060001,-8.761461019999956]]],[[[118.82622258600009,-8.760698714999933],[118.82536598000002,-8.760731432999933],[118.82621663700002,-8.760642202999975],[118.82622258600009,-8.760698714999933]]],[[[118.82351001200004,-8.731119989999968],[118.82512797800007,-8.733217021999963],[118.82414800600009,-8.736416021999958],[118.82168599800002,-8.731291005999935],[118.82344398100008,-8.73110096399995],[118.82351001200004,-8.731119989999968]]],[[[118.74491901300007,-8.730704034999974],[118.74783403300012,-8.732165018999979],[118.74638102900008,-8.734827020999944],[118.74275998700011,-8.736904025999934],[118.7410810020001,-8.734835037999972],[118.74098498100011,-8.731015982999963],[118.74461601200005,-8.730726037999943],[118.74491901300007,-8.730704034999974]]],[[[118.78564472300002,-8.731411993999927],[118.78715701400006,-8.73285898599994],[118.78579499400007,-8.734782970999959],[118.78309703700006,-8.730818975999966],[118.78560531400001,-8.731409106999934],[118.78564472300002,-8.731411993999927]]],[[[118.77396701800001,-8.720144981999965],[118.77344396500007,-8.72102504399993],[118.77387199100008,-8.72022099399993],[118.77396701800001,-8.720144981999965]]],[[[118.77343698100003,-8.717161982999926],[118.77292397800011,-8.715659978999952],[118.77472897500002,-8.712872984999933],[118.77502696400006,-8.71846099399994],[118.77348800800007,-8.717321015999971],[118.77343698100003,-8.717161982999926]]],[[[118.75036608500011,-8.71261259199997],[118.75232101200004,-8.712076021999962],[118.75032296600011,-8.712689959999977],[118.75036608500011,-8.71261259199997]]],[[[118.80793743400011,-8.704087699999945],[118.80353802000002,-8.70481603899998],[118.79635952500007,-8.708713431999968],[118.79329302800011,-8.70735702199994],[118.79119401000003,-8.708012038999925],[118.78800898200006,-8.70489396599993],[118.7825759750001,-8.703540990999954],[118.77517896300003,-8.709832981999966],[118.77252803500005,-8.708657957999947],[118.77033900000004,-8.70149596799996],[118.76546499900007,-8.699261959999944],[118.76805602600007,-8.694698031999962],[118.76553096700002,-8.69687004399998],[118.76464700000008,-8.693237006999937],[118.75970200200004,-8.69308398399994],[118.74830903500003,-8.701414961999944],[118.74372197200012,-8.712182010999982],[118.74262799000007,-8.713942022999959],[118.74132199700011,-8.713446956999974],[118.74166700400008,-8.71516900399996],[118.73781201200006,-8.716062030999979],[118.73584601400012,-8.718744964999928],[118.73359097000002,-8.718989023999939],[118.73137797900006,-8.723222968999949],[118.73267997900007,-8.726354969999932],[118.73112399900003,-8.729166007999936],[118.72686096900009,-8.727421030999949],[118.7248910080001,-8.727850958999966],[118.7216049860001,-8.730601042999979],[118.719711974,-8.734289960999945],[118.7199849860001,-8.73895398999997],[118.71712899900001,-8.738044011999932],[118.71593436900002,-8.740075614999967],[118.71357892000003,-8.738168801999961],[118.71475310500011,-8.734594381999955],[118.71422017500004,-8.728077131999953],[118.71566984200001,-8.725066099999935],[118.71465799400005,-8.72048181599996],[118.72067570500008,-8.71103814199995],[118.719569105,-8.70420400699993],[118.72011257200006,-8.697700569999938],[118.72182745300006,-8.690877889999967],[118.72482906500011,-8.686781792999966],[118.72450850700011,-8.679143393999937],[118.73117000500008,-8.673225746999947],[118.73145930400005,-8.668099965999943],[118.74334864500008,-8.667888841999968],[118.75058357300009,-8.663996461999943],[118.75603963000003,-8.664909383999941],[118.76421335400005,-8.662863439999967],[118.77113600000007,-8.663656164999963],[118.78652624500012,-8.656470441999943],[118.78087808600003,-8.64817874199997],[118.77383001600003,-8.643212511999934],[118.77202514100009,-8.63925833999997],[118.76143299500006,-8.629585928999973],[118.77104289500005,-8.625140047999935],[118.78328813300004,-8.617048714999953],[118.79125669400003,-8.626508335999972],[118.794193371,-8.63515969499997],[118.79887149600006,-8.641293790999953],[118.81081077400006,-8.649091023999972],[118.81999053700008,-8.652632892999975],[118.82288950400005,-8.652087406999954],[118.82663222500003,-8.648552750999954],[118.83477306400005,-8.636951076999935],[118.8490072400001,-8.635927006999964],[118.8691413570001,-8.62868053699998],[118.87155655800007,-8.635102315999973],[118.88919173400006,-8.64139036399996],[118.89646841600006,-8.652004193999971],[118.90144406500008,-8.655567228999928],[118.90557000700005,-8.672822398999926],[118.91584259100011,-8.671460207999928],[118.91746628800001,-8.669248226999969],[118.92082925800003,-8.667751161999945],[118.92516459000001,-8.668680440999935],[118.9353558150001,-8.675599794999926],[118.937155888,-8.67450776399994],[118.94093259200008,-8.674824300999944],[118.94471572700002,-8.681277567999928],[118.9531509420001,-8.69132041499995],[118.95670588200005,-8.701631593999934],[118.95634927600008,-8.707025698999928],[118.95222077300002,-8.720806897999978],[118.94619600700003,-8.717259989999945],[118.9428820390001,-8.710680170999979],[118.93824956000003,-8.705443828999933],[118.92979102200002,-8.699174034999942],[118.92878398700009,-8.694846004999931],[118.92373008900006,-8.690196242999946],[118.9078830310001,-8.68008102999994],[118.9033110370001,-8.680438030999937],[118.89240103300006,-8.683945001999973],[118.88583102700011,-8.688050032999968],[118.88244301600002,-8.688268980999965],[118.87637901700009,-8.694764028999941],[118.87518801700003,-8.700457976999928],[118.88070503000006,-8.70427202299993],[118.88267302300005,-8.707346020999978],[118.88628501100004,-8.707114987999944],[118.88791403400012,-8.708694998999931],[118.88122198100007,-8.708108025999934],[118.8760260360001,-8.714322970999945],[118.87558104200002,-8.716750908999927],[118.86988702000008,-8.721735008999929],[118.8646410120001,-8.72285802999994],[118.85979599400002,-8.720383020999975],[118.85578002800003,-8.72386002199994],[118.85159301800002,-8.724786976999951],[118.85003598500009,-8.728429997999967],[118.84616201300003,-8.730100995999976],[118.84375001700005,-8.728124987999934],[118.84641497400003,-8.72475200599996],[118.84611196700007,-8.723577974999955],[118.84332798300011,-8.71945802099998],[118.8416990070001,-8.719474963999971],[118.83934200200008,-8.715318003999926],[118.8353070170001,-8.712525958999947],[118.82112023500008,-8.712659385999928],[118.81487796500005,-8.703248965999933],[118.81137300000012,-8.702830982999956],[118.80816699700006,-8.704117035999957],[118.80793743400011,-8.704087699999945]]],[[[118.84392713400007,-8.846488371999953],[118.84386999700007,-8.846469007999929],[118.84382397900004,-8.846334012999932],[118.84386502500001,-8.846192985999949],[118.84393397800011,-8.846116991999963],[118.84403197600011,-8.846109006999939],[118.84423898700004,-8.84622802299998],[118.84431298300001,-8.84629201499996],[118.8443169950001,-8.846329958999945],[118.84434402900001,-8.84652099699997],[118.84434500300006,-8.846551000999966],[118.84422997800004,-8.846737043999951],[118.84407299000009,-8.84686499399993],[118.84394303700003,-8.84689799299997],[118.8438379700001,-8.846856027999934],[118.8437980220001,-8.84678102099997],[118.8439770010001,-8.846614005999982],[118.84404403000008,-8.846527987999934],[118.84393510100006,-8.846491071999935],[118.84392713400007,-8.846488371999953]]],[[[118.84358002800002,-8.845645008999952],[118.84358598600011,-8.845546998999964],[118.84366096500003,-8.845477030999973],[118.84377401200004,-8.845480993999956],[118.84390102000009,-8.845533968999973],[118.84391302400002,-8.845219990999965],[118.84393597000008,-8.84517703399996],[118.84404002200006,-8.845240967999928],[118.84418502000005,-8.845474992999925],[118.84421303600004,-8.845531979999976],[118.84424097400006,-8.845724007999934],[118.84423001500011,-8.845781006999971],[118.84411698000008,-8.84588496799995],[118.84397199800003,-8.845909995999932],[118.8437730060001,-8.845850957999971],[118.8436459830001,-8.845764990999953],[118.84358002800002,-8.845645008999952]]],[[[118.84065001800002,-8.84561901799998],[118.8409799960001,-8.844767020999939],[118.84077300400008,-8.84581301999998],[118.84065001800002,-8.84561901799998]]],[[[118.84387997900001,-8.84380602799996],[118.84392998900012,-8.84392997499998],[118.84394000800012,-8.844151015999955],[118.84388597100008,-8.844242031999954],[118.84381403200007,-8.84426001199995],[118.84370597300006,-8.844174041999963],[118.84366202600006,-8.844169015999967],[118.84363196600009,-8.844107970999971],[118.84364597700005,-8.843911035999952],[118.84372803200006,-8.843771975999971],[118.84380297900009,-8.843755969999961],[118.84387997900001,-8.84380602799996]]],[[[118.94533257600006,-8.833809311999971],[118.94618514000001,-8.832091827999932],[118.94550556000002,-8.834118211999964],[118.94533257600006,-8.833809311999971]]],[[[118.9503415160001,-8.824630379999974],[118.95032800800004,-8.824638038999979],[118.95016600400004,-8.82461402499996],[118.94987702600008,-8.824571961999936],[118.94984275200011,-8.824560218999977],[118.94980998100004,-8.824548990999972],[118.94980856600012,-8.824452191999967],[118.94980746700003,-8.824377031999973],[118.94980600400004,-8.824276958999974],[118.94983402000003,-8.824146028999962],[118.94991301900006,-8.824062013999935],[118.9500110250001,-8.82404397099998],[118.95014700800004,-8.824165009999945],[118.95018398400009,-8.824198982999974],[118.95029700000009,-8.82412798699994],[118.9503050300001,-8.824130023999942],[118.9504010280001,-8.824271968999938],[118.9504379980001,-8.824476042999947],[118.95041102300002,-8.824590969999974],[118.9503415160001,-8.824630379999974]]],[[[118.95415816500008,-8.820476078999945],[118.95422846300005,-8.82050419799998],[118.95424720900007,-8.820558092999931],[118.95423549300006,-8.820609644999934],[118.95420268700002,-8.820668225999952],[118.95414176200006,-8.820701031999931],[118.9540855240001,-8.820701031999931],[118.95403162900004,-8.820691658999976],[118.95401522600002,-8.820623703999956],[118.95397773400009,-8.820588554999972],[118.95397304800008,-8.820525286999953],[118.95401288300002,-8.820492481999963],[118.95410192700001,-8.820471392999934],[118.95415816500008,-8.820476078999945]]],[[[118.96232529500003,-8.81889876899993],[118.96235860800005,-8.818913045999977],[118.96243475000006,-8.818993946999967],[118.96247758100003,-8.81908436699996],[118.96250613400002,-8.81916050999996],[118.96251565200009,-8.81920809899998],[118.96249185800002,-8.819274723999968],[118.96242999200001,-8.819308035999939],[118.96235860800005,-8.81930327699996],[118.96227770600001,-8.819255687999942],[118.96226818800005,-8.81917954499994],[118.96223487600002,-8.819060571999955],[118.96220632200004,-8.81897491199993],[118.96221108100008,-8.81886069799998],[118.96225391100006,-8.818836902999976],[118.96232529500003,-8.81889876899993]]],[[[118.86153683200007,-8.762518885999953],[118.86149876100001,-8.762452261999954],[118.86156062700002,-8.762390395999944],[118.86163677000002,-8.762385636999966],[118.86171767100006,-8.76249033299996],[118.86178905500003,-8.762575993999974],[118.86183664400005,-8.762656894999964],[118.86189851000006,-8.762828215999946],[118.8619032690001,-8.76294718899993],[118.86196037600007,-8.76307092099995],[118.86196037600007,-8.763123269999937],[118.86190802800002,-8.763156581999965],[118.8618747160001,-8.763161340999943],[118.8617985730001,-8.76305664499995],[118.86176526100007,-8.762970983999935],[118.86172718900002,-8.762818698999979],[118.8616320110001,-8.762671171999955],[118.86157014500009,-8.762604546999967],[118.86153683200007,-8.762518885999953]]]]}},{"type":"Feature","properties":{"kode_kec":"52.06.12","kecamatan":"Lambu","kab_kota":"Bima"},"geometry":{"type":"MultiPolygon","coordinates":[[[[119.09245934800003,-8.751265032999981],[119.09213367600012,-8.752219760999935],[119.09233401800009,-8.75118443499997],[119.09245934800003,-8.751265032999981]]],[[[119.01168603500003,-8.74592297099997],[119.01167054200005,-8.74590921999993],[119.01165900800004,-8.745898982999961],[119.01170699700003,-8.745836003999955],[119.011743808,-8.745822825999937],[119.0117490240001,-8.745820958999957],[119.01174925600003,-8.745821011999965],[119.01179580500002,-8.745831717999977],[119.01179703500009,-8.74583200099994],[119.01191846500001,-8.745870565999951],[119.01236998900004,-8.746013963999928],[119.01232511800004,-8.746092664999935],[119.01230496700009,-8.746128007999971],[119.01225272200008,-8.746152868999957],[119.01217896500009,-8.746187966999969],[119.01203464800005,-8.746203076999961],[119.0119779800001,-8.746209009999973],[119.01188667200006,-8.746173312999929],[119.01182698900004,-8.746149979999927],[119.01181769400011,-8.746140951999962],[119.01168900700009,-8.74601595699994],[119.0116890270001,-8.745992642999965],[119.01168902800009,-8.745992005999938],[119.01168822700004,-8.745973530999947],[119.01168603500003,-8.74592297099997]]],[[[119.01202439200006,-8.745235857999944],[119.01206697300006,-8.74522899599998],[119.01213174800012,-8.745240060999947],[119.0121839630001,-8.745248980999975],[119.0122244590001,-8.745280600999934],[119.01224803600007,-8.74529900999994],[119.01230698100005,-8.745345033999968],[119.0123220160001,-8.745437954999943],[119.01229378400001,-8.745528118999971],[119.01225999300004,-8.74563603699994],[119.01213597700007,-8.745717043999946],[119.01203835900003,-8.74573141999997],[119.01198699500003,-8.745738984999946],[119.01198680200002,-8.745738821999964],[119.01192098500007,-8.745683028999963],[119.01191159600012,-8.745603287999927],[119.01190803200006,-8.745573013999945],[119.01194472500003,-8.745403205999935],[119.01197697300006,-8.74525396699994],[119.01197998600003,-8.745243014999971],[119.01202439200006,-8.745235857999944]]],[[[119.01187144400001,-8.744527887999936],[119.01185432800003,-8.744525703999955],[119.01180197400004,-8.744519021999963],[119.01170700800003,-8.744581978999975],[119.01160625600005,-8.744645748999972],[119.01155998100012,-8.744675037999968],[119.01134527800002,-8.744702124999947],[119.0112989700001,-8.744707966999954],[119.01125917400009,-8.74468259799994],[119.01120800000001,-8.744649974999959],[119.01120276400002,-8.744630628999971],[119.0111749780001,-8.744527955999956],[119.01119994300007,-8.744373321999944],[119.01119999500008,-8.744373001999975],[119.0112729980001,-8.74430799199996],[119.01128203100006,-8.744301978999943],[119.01134545500008,-8.744273734999979],[119.01136073900011,-8.744266928999934],[119.01154700600011,-8.744183980999935],[119.01172822800004,-8.744182032999959],[119.01173003600002,-8.744182013999932],[119.01191524000001,-8.74422097699994],[119.01195546300005,-8.74422943899998],[119.01195798900005,-8.744229969999935],[119.01201057100002,-8.74426256199996],[119.01214998600005,-8.74434897499998],[119.01218702000006,-8.74439723599994],[119.01222596600007,-8.74444798899998],[119.01220098600004,-8.744526029999975],[119.0121862310001,-8.74453865199996],[119.01212669200004,-8.744589584999972],[119.01210458300011,-8.744608497999934],[119.01210402900006,-8.74460897199998],[119.01199299600012,-8.744596004999948],[119.0119028680001,-8.74454531799995],[119.01187200200002,-8.744527958999981],[119.01187144400001,-8.744527887999936]]],[[[119.0105670050001,-8.74394895499995],[119.01147596300007,-8.743957955999974],[119.01057809200006,-8.743952432999947],[119.0105670050001,-8.74394895499995]]],[[[119.01097884100011,-8.74162010699996],[119.01097903400012,-8.741620017999935],[119.01104314700001,-8.741634224999927],[119.011101929,-8.741647249999971],[119.01117301800002,-8.741663002999928],[119.01129085600007,-8.741780844999937],[119.01129896700002,-8.741788956999926],[119.0113419700001,-8.74192800399993],[119.01129605900007,-8.74203334699996],[119.01126699500003,-8.742100034999964],[119.01124726100011,-8.742126730999928],[119.01119603200004,-8.74219603399996],[119.01117639000006,-8.742210688999933],[119.01116797300006,-8.742216969999959],[119.01109245200007,-8.74222392699994],[119.01109196200002,-8.742223971999977],[119.01088500300011,-8.741997040999934],[119.01084762000005,-8.741914404999932],[119.01084201200001,-8.741902007999954],[119.01084272800006,-8.741876943999955],[119.01084598600005,-8.741762981999955],[119.01089898800001,-8.741656955999929],[119.01097140600007,-8.741623537999942],[119.01097884100011,-8.74162010699996]]],[[[119.00287334300003,-8.741823412999963],[119.0029070060001,-8.741720991999955],[119.00296452300006,-8.741654753999967],[119.00301297100009,-8.741598959999976],[119.00309496600005,-8.74159003099993],[119.00309579700001,-8.741590680999934],[119.00315500700003,-8.741636982999978],[119.00324898200006,-8.74183703999995],[119.00326703700011,-8.741858219999926],[119.00328901800003,-8.741884006999953],[119.00328998000009,-8.741979985999933],[119.00325797000005,-8.742173027999968],[119.00325776400007,-8.74217314799995],[119.00324391000004,-8.742181229999971],[119.00317401600012,-8.742222006999953],[119.0031443580001,-8.742218802999957],[119.00304402200004,-8.742207961999952],[119.0029722910001,-8.742145063999942],[119.00292199800003,-8.742100963999974],[119.00288154200007,-8.741941785999927],[119.00286107400007,-8.741861250999932],[119.00286100100004,-8.741860963999954],[119.00287334300003,-8.741823412999963]]],[[[119.00378208100005,-8.741634175999934],[119.00380145300005,-8.741633265999951],[119.00382900000011,-8.741631970999947],[119.00394101200004,-8.741701965999937],[119.00393301000008,-8.741788954999947],[119.00387999500003,-8.741878982999935],[119.00376760400002,-8.741904838999972],[119.00376699800006,-8.74190497799998],[119.00365247000002,-8.741870647999974],[119.0036470020001,-8.74186900899997],[119.00364902000001,-8.74178403999997],[119.00366501200006,-8.741678028999956],[119.00375969200002,-8.741636890999928],[119.00376356900006,-8.741635205999955],[119.00376398200001,-8.741635026999973],[119.00378204600008,-8.74163417799997],[119.00378208100005,-8.741634175999934]]],[[[119.01672321000001,-8.742720060999943],[119.01366696600007,-8.741639990999943],[119.01165196400007,-8.74344203399994],[119.01124798300009,-8.741097998999976],[119.00747701400007,-8.739607021999973],[119.00372997200009,-8.741524038999955],[118.99811696500001,-8.740069001999927],[118.9962139800001,-8.741635033999955],[118.99110298500011,-8.742299032999938],[118.99020800800008,-8.744486988999938],[118.98855702100002,-8.745079978999968],[118.98617196600003,-8.742758031999927],[118.9757330000001,-8.745652980999978],[118.97088602600002,-8.74863599899993],[118.96577400000001,-8.743887043999962],[118.96300697400011,-8.734972029999938],[118.95746699500012,-8.72893298899993],[118.95446202400001,-8.721877979999931],[118.95222077300002,-8.720806897999978],[118.95634927600008,-8.707025698999928],[118.95654902400008,-8.699731090999933],[118.95300536400009,-8.69108296099995],[118.94471572700002,-8.681277567999928],[118.94093259200008,-8.674824300999944],[118.937155888,-8.67450776399994],[118.9353558150001,-8.675599794999926],[118.92516459000001,-8.668680440999935],[118.92082925800003,-8.667751161999945],[118.91746628800001,-8.669248226999969],[118.91584259100011,-8.671460207999928],[118.90557000700005,-8.672822398999926],[118.90144406500008,-8.655567228999928],[118.89646841600006,-8.652004193999971],[118.88919173400006,-8.64139036399996],[118.87148165400004,-8.635033629999953],[118.86852615900011,-8.62506680599995],[118.86495190100004,-8.618671908999943],[118.87844438000002,-8.611844261999977],[118.89009222400011,-8.60998953099994],[118.89313533400002,-8.60570663599998],[118.90966769600004,-8.60095825999997],[118.91241039400006,-8.598060214999975],[118.91482504200007,-8.598077760999956],[118.92585769200002,-8.592183445999979],[118.93384078300005,-8.593373176999933],[118.93801673700011,-8.590232287999982],[118.94382113500001,-8.58840010299997],[118.94789676500011,-8.593104101999927],[118.9514973790001,-8.592131045999963],[118.95668546500008,-8.587234594999927],[118.96373972900005,-8.573162845999946],[118.97620412600008,-8.566388721999942],[118.97614270600002,-8.56793744099997],[118.98034390900011,-8.568277553999962],[118.98047500000007,-8.571092499999963],[118.98247060000006,-8.571665399999972],[118.98211340000012,-8.576203199999952],[118.98370120000004,-8.579926799999953],[118.98349730000007,-8.58187879999997],[118.98217770000008,-8.581486299999938],[118.98326170000007,-8.585463199999936],[118.98177180000005,-8.590432299999975],[118.98620970000002,-8.592936399999928],[118.98971942200001,-8.588913268999931],[118.98966411000004,-8.587289005999935],[118.9966772900001,-8.590280760999974],[119.00007770100001,-8.59043134899997],[118.99838549800006,-8.587353356999927],[118.99589301300011,-8.586621672999968],[118.99679956300008,-8.584537481999973],[119.0000763700001,-8.582537706999972],[119.0018454530001,-8.583378103999962],[119.0053600540001,-8.581594921999965],[119.01249396300011,-8.584486239999933],[119.01146752700004,-8.582088484999929],[119.0126710830001,-8.581178241999964],[119.01396788900001,-8.58222520499993],[119.0158714580001,-8.580622240999958],[119.01876964200005,-8.58113620499995],[119.02020578600002,-8.577211839999961],[119.02307585000005,-8.577854564999939],[119.02337530200009,-8.579002314999968],[119.02690497200001,-8.578166042999953],[119.02462231700008,-8.58162674099998],[119.0269266030001,-8.582654091999927],[119.03014599900007,-8.587234981999927],[119.02933137200012,-8.594118742999967],[119.03225998200003,-8.59607798199994],[119.03700356000002,-8.59596952399994],[119.03699803300003,-8.603201955999964],[119.03460397800006,-8.602552956999943],[119.03360697200003,-8.60367604399994],[119.0343100340001,-8.607774021999944],[119.03699000400002,-8.609123026999953],[119.03712897200012,-8.614293979999957],[119.03535897400002,-8.614249042999973],[119.03191399600007,-8.620829021999953],[119.03331298900002,-8.62507695599993],[119.03194802400003,-8.633663018999925],[119.0357810160001,-8.641784960999928],[119.0548510210001,-8.652549036999972],[119.06622902100003,-8.650485974999981],[119.0779019900001,-8.65126001599998],[119.0840290320001,-8.64771501399997],[119.08626796900012,-8.64440099799998],[119.09057601100005,-8.64406497899995],[119.09136198800002,-8.641898975999936],[119.09623196600012,-8.639585024999974],[119.09899697100002,-8.636511022999969],[119.09970500100007,-8.632666982999979],[119.10132499000008,-8.633453955999926],[119.1019940110001,-8.635745018999955],[119.10794899400003,-8.636446974999956],[119.12311399800001,-8.629592034999973],[119.130125969,-8.629565985999932],[119.1306940290001,-8.626849978999928],[119.12766096300004,-8.622019041999977],[119.12408998800004,-8.619180993999976],[119.12115101200004,-8.618638000999965],[119.12052296800005,-8.616693984999927],[119.11602299000003,-8.617322959999967],[119.1160369910001,-8.614628983999978],[119.11340500500012,-8.613338001999978],[119.11396900000011,-8.611067024999954],[119.11067796200007,-8.611095957999964],[119.11056398300002,-8.605990013999929],[119.10672600200007,-8.606715988999952],[119.10924402600006,-8.596062007999933],[119.11187603300004,-8.594326017999947],[119.11572297500004,-8.594498030999944],[119.11599301100011,-8.59672203499997],[119.12065396300011,-8.600301980999973],[119.1211349670001,-8.59469798799995],[119.12212602900001,-8.597855010999979],[119.124991969,-8.597780003999958],[119.126501974,-8.600637982999956],[119.12988498100003,-8.603083959999935],[119.13303001500003,-8.60259902699994],[119.13411197100004,-8.601476996999963],[119.1343290100001,-8.595552042999941],[119.13729698400005,-8.59484800599995],[119.13972697000008,-8.591948970999965],[119.14603300800002,-8.589483019999932],[119.14725099100008,-8.592918012999974],[119.15064198200002,-8.592847035999966],[119.15193302400007,-8.591128970999932],[119.15122096300001,-8.58976903599995],[119.1525239660001,-8.588526989999934],[119.15102699500005,-8.585979958999928],[119.14688603100001,-8.58455201199996],[119.14739802400004,-8.579129014999978],[119.14974499300001,-8.578473024999937],[119.1509990290001,-8.576292015999968],[119.1505270240001,-8.574880034999978],[119.149235008,-8.576393032999931],[119.14733200700005,-8.57605596299993],[119.14777597300008,-8.572891957999957],[119.14650002700012,-8.569945017999942],[119.14804103200004,-8.56888603699997],[119.14708999000004,-8.567187966999938],[119.14797598500002,-8.566143022999938],[119.14973199500002,-8.566770024999926],[119.15099303500006,-8.565639031999979],[119.15363100100001,-8.56771403099998],[119.15633802400009,-8.566876983999975],[119.15789196300011,-8.564560994999965],[119.16129098700003,-8.56311003999997],[119.16233201300008,-8.560289016999945],[119.16131203000009,-8.559170033999976],[119.165030021,-8.556453958999953],[119.16696797200007,-8.557044983999958],[119.16604402400003,-8.559772992999967],[119.1698089790001,-8.563515969999969],[119.17206199400005,-8.564410013999975],[119.17398202800007,-8.562827013999936],[119.17569297400007,-8.563154018999967],[119.17456698600006,-8.564234969999973],[119.17479799600005,-8.566672987999937],[119.1736609720001,-8.566366972999958],[119.17225496700007,-8.569423040999936],[119.16997096300008,-8.568022010999925],[119.16953797200006,-8.569933014999947],[119.16809697700012,-8.569083023999951],[119.16760697100005,-8.570078966999972],[119.16628298100011,-8.568626973999926],[119.16718699000012,-8.570600964999926],[119.16510100200003,-8.571280973999933],[119.1640200270001,-8.569262961999925],[119.16383199000006,-8.571670996999956],[119.16160698300007,-8.57392398099995],[119.16850500100009,-8.57206599999995],[119.1691180360001,-8.574370028999965],[119.16408501700005,-8.578905974999941],[119.15965401800008,-8.579969011999935],[119.16241202700007,-8.579980036999928],[119.16456797000001,-8.581976017999978],[119.17648602600002,-8.58656397599998],[119.18334596600005,-8.585708033999936],[119.18446400800008,-8.588287039999955],[119.18032497500008,-8.593172017999962],[119.17983401700008,-8.599185043999967],[119.1841379980001,-8.603971008999963],[119.1913120050001,-8.60551603099998],[119.19229702200005,-8.609978977999958],[119.19032800000002,-8.610951026999942],[119.18807303400001,-8.607296978999955],[119.17417598400004,-8.609341042999972],[119.17244903500011,-8.61103795899993],[119.17305099700002,-8.613476040999956],[119.17455497600008,-8.61376702399997],[119.17338899100002,-8.614789038999959],[119.17640000900008,-8.614673034999953],[119.17871899800002,-8.617050034999977],[119.1778950260001,-8.61826396899994],[119.17525500500005,-8.61834201299996],[119.17993702900003,-8.620811971999956],[119.1814549930001,-8.61985399799994],[119.18251299400004,-8.621159000999967],[119.18284999000002,-8.623034004999965],[119.18141898400006,-8.622179998999968],[119.17719198100008,-8.623895030999961],[119.1815550010001,-8.627074999999934],[119.18266797500007,-8.633587955999928],[119.178312,-8.630803988999958],[119.17531203100009,-8.631758986999955],[119.17448498200008,-8.628177006999977],[119.17059098000004,-8.62480198299994],[119.16965403600011,-8.62562397299996],[119.17124898700001,-8.626413024999977],[119.17211396300002,-8.62949604299996],[119.17054996600007,-8.631990033999955],[119.17229603300007,-8.632821958999955],[119.17045703100007,-8.63529301999995],[119.16462301100012,-8.635619000999952],[119.16499502900001,-8.632297979999976],[119.16343099000005,-8.631561960999932],[119.16414798200003,-8.630330026999957],[119.16308602900006,-8.627985975999934],[119.16152001700004,-8.630110964999972],[119.16064696500007,-8.62760904299995],[119.15951998900005,-8.630369039999948],[119.16110502400011,-8.63215102099997],[119.16165899700002,-8.63751204099998],[119.15852301400002,-8.638304031999951],[119.15605500900006,-8.63596995499995],[119.1547079820001,-8.636970004999966],[119.15265299800001,-8.634215962999974],[119.15026498700001,-8.637940986999979],[119.15308496600005,-8.64017697099996],[119.15559897100002,-8.638805976999947],[119.15852298100003,-8.64069402499996],[119.15850896600011,-8.642442992999975],[119.15593297200007,-8.644241007999938],[119.15622899400012,-8.647089965999953],[119.16332198500004,-8.646439026999929],[119.16555299900006,-8.64737396299995],[119.16734398800008,-8.64646100899995],[119.1697980020001,-8.647857992999946],[119.17169700000011,-8.647406026999931],[119.16828803200008,-8.650000954999939],[119.16069502000005,-8.652642021999952],[119.15680999400001,-8.657064006999974],[119.1571809940001,-8.66358500399997],[119.15928701100006,-8.66480596799994],[119.15788003000011,-8.667545967999956],[119.15917496800012,-8.67006799099994],[119.15746597400005,-8.672285000999977],[119.16016198600005,-8.676976974999945],[119.16197798700011,-8.684658985999931],[119.16557397800011,-8.686550029999978],[119.1667429790001,-8.685339992999957],[119.1694599650001,-8.685654031999945],[119.16847697100002,-8.689848990999963],[119.16945699100006,-8.691623010999933],[119.17104400100004,-8.691863031999958],[119.1718209930001,-8.689753033999978],[119.17305702800002,-8.689767041999971],[119.17343499200001,-8.692403009999964],[119.17142300900002,-8.69286101299997],[119.17333600600011,-8.69628195699994],[119.1761469700001,-8.698146975999975],[119.17584801800001,-8.700663989999953],[119.17070398500005,-8.695151966999958],[119.16940303100012,-8.695146006999948],[119.16749001100004,-8.69735501699995],[119.16806503400005,-8.700289004999945],[119.17307297600007,-8.70644301699997],[119.17007497200007,-8.705603959999962],[119.1686130280001,-8.706695042999968],[119.16680199500001,-8.70558701699997],[119.16549303200009,-8.706747979999932],[119.16430398900002,-8.704234005999979],[119.16019398300011,-8.705420008999965],[119.15853496700004,-8.703568032999954],[119.1536540190001,-8.706559016999961],[119.15105996500006,-8.706721008999978],[119.14795596500005,-8.709871964999934],[119.14946199700012,-8.712714006999931],[119.15430703200002,-8.712895038999932],[119.15993200900004,-8.717422018999969],[119.16737500500005,-8.719333992999964],[119.17036899700008,-8.718926033999935],[119.16935701600005,-8.721730986999944],[119.17235202000006,-8.723841020999942],[119.16749103400002,-8.72435799699997],[119.16514096600008,-8.723014027999966],[119.16446203100008,-8.726252038999974],[119.15960098100004,-8.725231964999978],[119.15305598500004,-8.72847801599994],[119.14740301900008,-8.728946020999956],[119.14148399200008,-8.732223972999975],[119.1391599850001,-8.735845966999932],[119.13727302300003,-8.73523701299996],[119.13410298500003,-8.737094970999976],[119.13365698200005,-8.739238962999934],[119.13813497900003,-8.741090962999976],[119.13934996600005,-8.744431977999966],[119.13646098400011,-8.746199996999962],[119.13651799200011,-8.749365001999934],[119.13470500800008,-8.74993102999997],[119.13477850900006,-8.751610252999967],[119.13320261400008,-8.752694805999965],[119.12801160700008,-8.751874355999973],[119.12761598000009,-8.74993200299997],[119.12517100700006,-8.749441004999937],[119.1248739880001,-8.746964978999927],[119.1208370060001,-8.743062031999955],[119.11703903600005,-8.744918968999968],[119.11648103300001,-8.73704902299994],[119.11490300700007,-8.73280597799993],[119.11147498900004,-8.72967497999997],[119.10870400100009,-8.731270964999965],[119.10480198900007,-8.726046001999975],[119.09969602300009,-8.728871956999967],[119.09825200300008,-8.73143495599993],[119.10394299400002,-8.73923597199996],[119.10244098700002,-8.74111598299993],[119.10399301100006,-8.744663989999935],[119.10238897700003,-8.74449296299997],[119.10337401600009,-8.748453969999957],[119.10233501100004,-8.747400002999939],[119.1022800290001,-8.74863004499997],[119.10111399300001,-8.748022961999936],[119.10028100600005,-8.751093408999964],[119.09961896300001,-8.749724983999954],[119.09931861700011,-8.750785995999934],[119.09583702400005,-8.748968988999934],[119.09516002300006,-8.750832186999958],[119.0947639850001,-8.749838017999934],[119.09420980900006,-8.751075327999956],[119.09260026400011,-8.751056970999969],[119.08951400700005,-8.746365967999964],[119.08744599800002,-8.746549994999953],[119.08616900000004,-8.745534970999927],[119.08670100200004,-8.74405203899994],[119.08452002900003,-8.744103003999953],[119.08328401300002,-8.742519000999948],[119.08027699400009,-8.74431703199997],[119.07797998400008,-8.743561985999975],[119.07669611900008,-8.741273752999973],[119.07405967600005,-8.744110070999966],[119.06756850700003,-8.742492036999977],[119.06497013500007,-8.743044071999975],[119.06229098300003,-8.742174960999932],[119.05946598100002,-8.73815198699998],[119.05494997700009,-8.737459989999934],[119.05347199700009,-8.735967003999974],[119.04635200400003,-8.735005023999975],[119.04318000900003,-8.736040972999945],[119.04149913200001,-8.73439235199993],[119.03598805600006,-8.732980079999948],[119.02892198400002,-8.737160003999975],[119.02778400900002,-8.735680980999973],[119.02324628600002,-8.736866990999943],[119.02258698500009,-8.739064003999943],[119.01881335100006,-8.739443947999973],[119.01679537500002,-8.742727242999933],[119.01672321000001,-8.742720060999943]]],[[[119.03832201700004,-8.61159498099994],[119.03848298200012,-8.61161102799997],[119.03855202600005,-8.611678988999927],[119.03855333500007,-8.611701945999926],[119.03855698600012,-8.611765997999953],[119.03851891200009,-8.611835485999961],[119.03850603000001,-8.611858996999956],[119.03839198900005,-8.611933983999961],[119.03819911500011,-8.611927475999948],[119.03818598400005,-8.611927032999972],[119.03816761600001,-8.611903482999935],[119.03812203200005,-8.611845036999966],[119.03812801800007,-8.61178797599996],[119.03825997500007,-8.611603986999967],[119.03826797900001,-8.611601955999959],[119.03832201700004,-8.61159498099994]]],[[[119.04386097700001,-8.609020037999926],[119.04389488000004,-8.60906452699993],[119.04399199500006,-8.60919196499998],[119.0440169950001,-8.609495957999968],[119.04401399900007,-8.609511809999958],[119.04401003700002,-8.60953277799996],[119.04401000300004,-8.609532959999967],[119.04396851700005,-8.609537382999974],[119.04394398200009,-8.609539998999935],[119.0438079920001,-8.60954397599994],[119.04359301000011,-8.60941298399996],[119.04347096400011,-8.60926604399998],[119.04343896500006,-8.609164989999954],[119.04345401800003,-8.609053019999976],[119.04354497800011,-8.608975985999962],[119.0435480750001,-8.608975839999971],[119.04362360700009,-8.608972276999964],[119.04373501700002,-8.608967021999945],[119.04386097700001,-8.609020037999926]]],[[[119.03926003200002,-8.599157968999975],[119.0400249710001,-8.598130007999941],[119.03937822000012,-8.599323732999949],[119.03926003200002,-8.599157968999975]]],[[[119.04557398400004,-8.593569043999935],[119.04675401800012,-8.59434003299998],[119.04553798200004,-8.59483002199994],[119.04551798700004,-8.59371304399997],[119.04557398400004,-8.593569043999935]]],[[[119.04019497000002,-8.59329797099997],[119.04100996500006,-8.59334101199994],[119.04017698000007,-8.59342098299993],[119.04019497000002,-8.59329797099997]]],[[[119.09544673300002,-8.752438084999937],[119.09526717400001,-8.752355329999943],[119.09520701500003,-8.752283772999931],[119.09521068700008,-8.752185041999951],[119.0953215180001,-8.752014233999944],[119.09544092200008,-8.751904557999978],[119.09556350700007,-8.751887562999968],[119.09562813200012,-8.751946873999941],[119.09561107100001,-8.752095150999935],[119.09555145900003,-8.75226429199995],[119.09549976000005,-8.752376494999965],[119.09544673300002,-8.752438084999937]]],[[[119.09888242400007,-8.751769947999946],[119.09898876200009,-8.751970122999978],[119.09900906100006,-8.752067527999941],[119.09886243100004,-8.752211822999925],[119.09879272100011,-8.752224566999928],[119.09864984100011,-8.752039400999934],[119.09854653600007,-8.751884496999935],[119.09843477400011,-8.751828746999934],[119.09819605100006,-8.751777569999945],[119.09808830400004,-8.751671375999933],[119.09806638100008,-8.751613265999936],[119.09812595900007,-8.751563028999954],[119.09824379200006,-8.751593232999937],[119.09880050400011,-8.751735935999932],[119.0988264990001,-8.751745625999945],[119.09888242400007,-8.751769947999946]]],[[[119.11051504400007,-8.751978982999958],[119.11047692900001,-8.752017756999976],[119.11019865000003,-8.751878702999932],[119.11017424200008,-8.751849080999932],[119.11015736900004,-8.751562049999961],[119.11019412100006,-8.751479722999932],[119.11028526400003,-8.751434876999951],[119.11051461900001,-8.751563320999935],[119.11059178400001,-8.751640429999952],[119.11062733000006,-8.751779201999966],[119.11059428100009,-8.751838003999978],[119.11051504400007,-8.751978982999958]]],[[[119.09917557800009,-8.750779874999978],[119.09826068500001,-8.751416838999944],[119.09844679800005,-8.750510918999964],[119.09917557800009,-8.750779874999978]]],[[[119.09626002400012,-8.749918029999947],[119.09625096800005,-8.749999960999958],[119.09625096000002,-8.750000022999927],[119.09625091700002,-8.750000022999927],[119.09625079900002,-8.750000489999934],[119.09625013100003,-8.750006252999981],[119.09617632800007,-8.750642958999947],[119.09609180000007,-8.750655765999966],[119.09605295900008,-8.750659406999944],[119.096058588,-8.750603430999945],[119.09605874600004,-8.750000485999976],[119.0960586430001,-8.750000027999931],[119.096059018,-8.750000026999942],[119.09605903400006,-8.749975989999939],[119.09606600600011,-8.74929397699998],[119.09612997800002,-8.749291995999954],[119.09618401000012,-8.74934800099993],[119.0962180350001,-8.749456985999927],[119.09626002400012,-8.749918029999947]]],[[[119.10240048300011,-8.748760682999944],[119.10245201900011,-8.748784986999965],[119.10246799900005,-8.748908982999978],[119.10245103500006,-8.748969989999978],[119.10243177400002,-8.749053960999959],[119.10242602400001,-8.749079030999951],[119.10232597800007,-8.749167973999931],[119.10219912600007,-8.749193526999932],[119.10214935900001,-8.749203551999926],[119.10214696800006,-8.749204033999945],[119.10207509600002,-8.749187571999926],[119.10201598700007,-8.749174033999964],[119.1019620290001,-8.749118029999977],[119.10194700800002,-8.749017977999927],[119.10196193500008,-8.748970006999969],[119.10196599500011,-8.74895695899994],[119.10209001100009,-8.748894001999929],[119.10233102100005,-8.74878502599995],[119.10239898400005,-8.748759975999974],[119.10240048300011,-8.748760682999944]]],[[[119.19461403200012,-8.708041170999934],[119.1954889860001,-8.708494968999958],[119.19463697800006,-8.708252003999974],[119.19461403200012,-8.708041170999934]]],[[[119.20000797500006,-8.695523986999945],[119.19917803200008,-8.697798966999926],[119.19929897200007,-8.694109003999927],[119.20004774400002,-8.695482738999942],[119.20000797500006,-8.695523986999945]]],[[[119.2006385300001,-8.692464411999936],[119.20067752200009,-8.692462912999929],[119.20071201500002,-8.692485407999925],[119.20071651400008,-8.692516900999976],[119.20069701800003,-8.692533397999966],[119.20067002300004,-8.692534897999963],[119.2006355310001,-8.69251090299997],[119.20062353300011,-8.69247341099998],[119.2006385300001,-8.692464411999936]]],[[[119.17519633500001,-8.689784312999961],[119.17418149800005,-8.690864596999972],[119.17341037500012,-8.689676583999926],[119.17512750500009,-8.689746792999927],[119.17519633500001,-8.689784312999961]]],[[[119.18671821300006,-8.63480988699996],[119.18692496300002,-8.634976490999975],[119.18693006100011,-8.634987016999958],[119.18696644600004,-8.635062134999941],[119.18695975600008,-8.635076185999935],[119.18684601000007,-8.63502667299997],[119.18683459900001,-8.635010188999956],[119.18682192300002,-8.634991879999973],[119.18680318800011,-8.634954410999967],[119.18675099900008,-8.634920956999963],[119.1866780680001,-8.634910919999982],[119.18661383500012,-8.63487478899998],[119.186642129,-8.634800301999974],[119.18671821300006,-8.63480988699996]]],[[[119.18617491900011,-8.624222660999976],[119.18614185100012,-8.624182076999944],[119.18618706100006,-8.624155902999973],[119.18628461900005,-8.62415352399995],[119.18639883300011,-8.624155902999973],[119.18652256500002,-8.624189215999934],[119.18658681000011,-8.624222527999962],[119.18660822600009,-8.624274875999959],[119.18664189800006,-8.624298025999963],[119.1866843680001,-8.624327224999945],[119.186724819,-8.624360536999973],[119.18672006000008,-8.624408125999935],[119.18668198900002,-8.624434299999962],[119.18666295300011,-8.624443817999975],[119.18662250200009,-8.624429540999927],[119.18661990700002,-8.624428483999964],[119.18655825700012,-8.624403366999957],[119.18647735500008,-8.62435815799995],[119.18640835100007,-8.624322465999967],[119.18634886400002,-8.624274875999959],[119.18628461900005,-8.62427011699998],[119.18619419900006,-8.624246322999966],[119.18617491900011,-8.624222660999976]]],[[[119.12977976900004,-8.594165329999953],[119.12993699000003,-8.596067008999967],[119.12812500400003,-8.59391500199996],[119.12950796700011,-8.593803967999975],[119.12977976900004,-8.594165329999953]]],[[[119.12780800200005,-8.593258013999957],[119.12801599400007,-8.593504038999981],[119.12803033400007,-8.59362931399994],[119.1280419740001,-8.593731005999928],[119.12796044400011,-8.593747571999927],[119.12792400700005,-8.593754974999968],[119.12792356400007,-8.593754488999934],[119.12780971300003,-8.59362953699997],[119.12763699600009,-8.593439978999982],[119.12763315600012,-8.593423883999947],[119.1276219660001,-8.593376980999949],[119.12768299900006,-8.593296029999976],[119.12778035600002,-8.593266421999942],[119.12780777000012,-8.593258084999945],[119.12780800200005,-8.593258013999957]]],[[[119.15065132300003,-8.590297427999928],[119.15067395300002,-8.590339860999961],[119.15067664800006,-8.590344913999957],[119.15061597200008,-8.59038060599994],[119.15051603400002,-8.59038060599994],[119.15040895900006,-8.590319929999964],[119.1503232980001,-8.590309221999973],[119.15024120700002,-8.59028066899998],[119.15018527200004,-8.590214078999963],[119.15022693000003,-8.590130762999934],[119.15038754400007,-8.590127193999933],[119.15056243400011,-8.59023426899995],[119.15064809500007,-8.590291375999925],[119.15065132300003,-8.590297427999928]]],[[[119.14640508600007,-8.588419447999968],[119.14709198800006,-8.589109028999928],[119.14638901700005,-8.588522987999966],[119.14640508600007,-8.588419447999968]]],[[[119.20047695400001,-8.581024868999975],[119.20045220800012,-8.58108197699994],[119.20038939000005,-8.581156215999954],[119.20030944100006,-8.581213322999929],[119.2002523330001,-8.581213322999929],[119.20026185100005,-8.581160022999939],[119.20030373000009,-8.581078168999966],[119.200316326,-8.58106311399996],[119.20031701000005,-8.58106229699996],[119.20032618500011,-8.581051331999959],[119.20035905100008,-8.581012053999928],[119.20038177600009,-8.580984894999972],[119.2004274620001,-8.580971569999974],[119.20046934000004,-8.58098679799997],[119.20047695400001,-8.581024868999975]]],[[[119.18717499900004,-8.566195978999929],[119.18800296600011,-8.568383962999974],[119.1953079760001,-8.56931498299997],[119.1979620080001,-8.571401993999928],[119.19855698000003,-8.57334898199997],[119.1950129920001,-8.575793980999947],[119.19958600300004,-8.582805985999926],[119.19832402800012,-8.584869021999964],[119.18899102300009,-8.583904018999931],[119.18815403400004,-8.582688037999958],[119.19071498100004,-8.574467994999964],[119.18606401200009,-8.568442027999936],[119.18582299800005,-8.566350031999946],[119.18713473500009,-8.566152074999934],[119.18717499900004,-8.566195978999929]]],[[[119.19676721600001,-8.570187660999977],[119.19664871900011,-8.570189088999939],[119.1966258760001,-8.570150540999975],[119.19662444900007,-8.570022050999967],[119.19668048500012,-8.56999302099996],[119.19677199300008,-8.569984164999937],[119.19681861300012,-8.570016339999938],[119.19682860600005,-8.570067735999942],[119.19681729600006,-8.570086363999962],[119.1967800650001,-8.570147685999927],[119.19676721600001,-8.570187660999977]]],[[[119.17747802100007,-8.562329984999963],[119.1775279420001,-8.562294669999972],[119.17753597100011,-8.562288990999946],[119.17756012300003,-8.562280209999926],[119.17766634200007,-8.562241589999928],[119.17766801200003,-8.562240982999981],[119.17771199100002,-8.562311043999955],[119.17771619700011,-8.562334926999938],[119.17774402700002,-8.562492962999954],[119.17772517800006,-8.562547623999933],[119.17769297600012,-8.562641007999957],[119.17761785900007,-8.56267580399998],[119.17759797800011,-8.562685012999964],[119.17747229800011,-8.56268853499995],[119.17747221100001,-8.562688536999929],[119.17738400200005,-8.562691007999945],[119.17738346300007,-8.562690735999979],[119.17737756300005,-8.56268776099995],[119.17737489900003,-8.562686416999952],[119.17725303400005,-8.562624960999926],[119.17725102100007,-8.562613903999932],[119.17724827200004,-8.562598803999947],[119.17723301500007,-8.562515000999952],[119.17729502200007,-8.562437021999926],[119.17747802100007,-8.562329984999963]]],[[[119.17897898400008,-8.547208030999968],[119.18009097600009,-8.548456037999927],[119.17700903000002,-8.550915955999926],[119.17631998200011,-8.547601007999958],[119.17897799200011,-8.547207869999966],[119.17897898400008,-8.547208030999968]]],[[[119.17491985000004,-8.54822199399996],[119.17314897900008,-8.54826499099994],[119.17495599400002,-8.548141966999935],[119.17491985000004,-8.54822199399996]]],[[[119.18437326100002,-8.54659092299994],[119.18445892200009,-8.546673014999953],[119.18446962900009,-8.546722983999928],[119.18446962900009,-8.546794366999961],[119.18446601500011,-8.546820872999945],[119.18445892200009,-8.546872889999975],[119.18440895300012,-8.54692285799996],[119.18434114000002,-8.54693356599995],[119.18430992700007,-8.54693356599995],[119.18430187700005,-8.54693356599995],[119.18425547800007,-8.546919288999959],[119.18423406300008,-8.546830058999944],[119.18423049400008,-8.546747967999977],[119.1842019400001,-8.546676583999954],[119.1841912320001,-8.54659092299994],[119.18421621700008,-8.546555231999946],[119.18429182900002,-8.54654359899996],[119.18430901600004,-8.546540954999955],[119.18437326100002,-8.54659092299994]]],[[[119.20135687900006,-8.69263987599993],[119.20135388000006,-8.69269236499997],[119.20133588400006,-8.69271785899997],[119.20131488800007,-8.692744853999955],[119.20125790000009,-8.692749352999954],[119.20119641300005,-8.692716359999963],[119.20110943100008,-8.692666869999925],[119.20108843600008,-8.692620379999937],[119.20106594000003,-8.69258588699995],[119.20106894000003,-8.692551393999963],[119.20111393000002,-8.692522899999972],[119.20117241800006,-8.69253189799997],[119.20124590300009,-8.692560391999962],[119.20134038300012,-8.692603882999947],[119.20135687900006,-8.69263987599993]]],[[[119.20077950000007,-8.69247490999993],[119.20082749000005,-8.692462912999929],[119.20086498300009,-8.692506403999971],[119.20090997300008,-8.692543895999961],[119.20095646300001,-8.692576888999952],[119.20098495700006,-8.692624878999936],[119.20095946300012,-8.692635376999931],[119.20088447800003,-8.692620379999937],[119.2008559840001,-8.69261887999994],[119.20083198900011,-8.692620379999937],[119.20079599700011,-8.69261887999994],[119.20077650100006,-8.692617379999945],[119.20075400600001,-8.692593384999952],[119.20074650700008,-8.692575388999956],[119.20074650700008,-8.692522899999972],[119.20077950000007,-8.69247490999993]]],[[[119.22168542000009,-8.688925758999972],[119.22150898000007,-8.689753974999974],[119.22165800900007,-8.688909965999926],[119.22168542000009,-8.688925758999972]]],[[[119.24306891600008,-8.674489265999966],[119.24312897900006,-8.674442022999926],[119.2432779830001,-8.674471961999927],[119.24342299700004,-8.674611992999928],[119.24345799600007,-8.674728993999963],[119.24345697700005,-8.674835000999963],[119.24343465200002,-8.674880496999947],[119.24340103000009,-8.674949011999956],[119.24339557700011,-8.67495303499993],[119.24327902800007,-8.675039011999957],[119.24317028200005,-8.675068685999975],[119.24316902800001,-8.675069027999939],[119.24311130000001,-8.675044451999952],[119.24307501600003,-8.675029005999932],[119.24296602900006,-8.674889034999978],[119.24295805600002,-8.674799561999976],[119.2429580050001,-8.674798985999928],[119.24296473400011,-8.674777481999968],[119.24302996600011,-8.67456902899994],[119.24303614300004,-8.67453381799993],[119.2430399640001,-8.674512038999978],[119.24303999800009,-8.67451201199998],[119.24306891600008,-8.674489265999966]]],[[[119.24346923300004,-8.673908229999938],[119.24351503300011,-8.673902970999961],[119.24361203500007,-8.673941980999928],[119.24370899400003,-8.674112701999945],[119.24373700100011,-8.674162013999933],[119.24376199300002,-8.674245998999936],[119.24372198600008,-8.674319974999946],[119.24366648400007,-8.674342795999962],[119.24366602200007,-8.674342985999942],[119.24352302700004,-8.674278038999944],[119.24352300500004,-8.674278001999937],[119.24342196300006,-8.674110007999957],[119.24341875800008,-8.674096512999938],[119.24341197700005,-8.674067954999941],[119.2433728090001,-8.674022527999966],[119.243362004,-8.674009996999928],[119.2433619740001,-8.674009961999957],[119.24338397300005,-8.673918018999927],[119.24346923300004,-8.673908229999938]]],[[[119.24277852600005,-8.673369915999956],[119.2428089660001,-8.673412991999953],[119.24281598200002,-8.673535036999965],[119.24274701800005,-8.67365201399997],[119.24263201600002,-8.673735016999956],[119.24255754600006,-8.673737867999932],[119.24255685500009,-8.673737894999931],[119.24250097200002,-8.673740033999934],[119.24241701200003,-8.673690011999952],[119.24240198200005,-8.673605968999937],[119.24242638200008,-8.67357203499995],[119.24251200100002,-8.673452961999942],[119.24265697700002,-8.673333998999965],[119.24271202200009,-8.67330801199995],[119.24271294200003,-8.67330855399996],[119.24275103100001,-8.673331006999945],[119.24277024900005,-8.673358202999964],[119.24277852600005,-8.673369915999956]]],[[[119.2423499140001,-8.672756078999953],[119.24238681600002,-8.67271917499994],[119.24238698200008,-8.672719008999934],[119.24241159300004,-8.672726349999948],[119.2424909770001,-8.67275002699995],[119.24255078300007,-8.67282759799997],[119.24258502600003,-8.67287201199997],[119.24259009100001,-8.672954583999967],[119.24259398100003,-8.673017993999963],[119.24252801700004,-8.673147967999967],[119.24219003300004,-8.673369004999927],[119.24208614700001,-8.673397673999943],[119.24208497100005,-8.673397997999928],[119.24195485400003,-8.67335682099997],[119.24194899700001,-8.673354967999956],[119.2419097930001,-8.67331067899994],[119.24188000200002,-8.673277022999969],[119.24188983200008,-8.673182032999932],[119.2418999780001,-8.673083972999962],[119.24218702700011,-8.672874982999929],[119.24222874800012,-8.672846660999937],[119.24232399200002,-8.672782003999941],[119.2423499140001,-8.672756078999953]]],[[[119.2472100010001,-8.672847969999964],[119.24788197500004,-8.673649997999973],[119.24567298600005,-8.672027987999968],[119.247262008,-8.672776996999971],[119.2472100010001,-8.672847969999964]]],[[[119.24005798900009,-8.673024030999954],[119.2407879860001,-8.672005007999928],[119.24019233900003,-8.673048771999959],[119.24005798900009,-8.673024030999954]]],[[[119.25050603700004,-8.67258699699994],[119.24712001400007,-8.671671014999959],[119.24965102100009,-8.671006998999928],[119.25074978200007,-8.672598538999978],[119.25050603700004,-8.67258699699994]]],[[[119.23760701200001,-8.671715966999955],[119.23763111200003,-8.671671015999948],[119.23765901700006,-8.671618968999951],[119.23781599100005,-8.67155298299997],[119.2380005550001,-8.671537023999974],[119.23800097300011,-8.671536987999957],[119.23810903100002,-8.671583977999944],[119.23817501600001,-8.671684984999956],[119.23817444200006,-8.671750341999939],[119.23817403200007,-8.67179695599998],[119.23811099000011,-8.671977970999933],[119.23809801000004,-8.672088023999947],[119.23802600200008,-8.672159023999939],[119.23792901200011,-8.672185698999954],[119.23792796900011,-8.672185985999931],[119.23773719000008,-8.672098713999958],[119.23772902100006,-8.672094976999972],[119.23762463500009,-8.671976615999938],[119.23760081300009,-8.671949604999952],[119.23759502400003,-8.671943040999963],[119.2375719900001,-8.67191100499997],[119.23757461500009,-8.671896386999947],[119.23757471500005,-8.671895831999962],[119.23760700600008,-8.671716000999936],[119.23760701200001,-8.671715966999955]]],[[[119.24092102500003,-8.671250018999956],[119.24202097400007,-8.671183012999961],[119.24086896600011,-8.671464043999947],[119.24092102500003,-8.671250018999956]]],[[[119.2289529840001,-8.65597400799993],[119.23512997500006,-8.66350003599996],[119.23911698500001,-8.66360799399996],[119.23845601800008,-8.669176985999968],[119.23489999100002,-8.668561988999954],[119.2325509740001,-8.67095403899998],[119.23196102300005,-8.67642503299993],[119.23346403000005,-8.679130981999947],[119.2312149710001,-8.678598955999973],[119.22905903500009,-8.674694005999982],[119.22215602100005,-8.678805017999935],[119.2224729720001,-8.68297296299994],[119.22366903700004,-8.683129012999927],[119.2232779950001,-8.690353009999967],[119.22186198600002,-8.688873985999976],[119.221909976,-8.683757029999981],[119.21856497100009,-8.684458978999942],[119.21697697400009,-8.682715963999954],[119.21455997600003,-8.683502035999936],[119.21517301500012,-8.67707295899993],[119.21145999800001,-8.674325043999943],[119.20969702100001,-8.67625497499995],[119.20792596900003,-8.672859019999976],[119.2104749770001,-8.671650032999935],[119.21231900600003,-8.672322993999956],[119.21656396600008,-8.669913976999965],[119.21711900800005,-8.664080956999953],[119.21384697000008,-8.662879043999965],[119.21433298600004,-8.659844972999963],[119.2170210050001,-8.658513977999974],[119.2157799790001,-8.654385970999954],[119.21767200300008,-8.655775000999938],[119.21927101300003,-8.66081301099996],[119.22353698800009,-8.655813958999943],[119.22284902900003,-8.65347397499994],[119.22668901300005,-8.652587985999958],[119.22872361200007,-8.655740077999951],[119.2289529840001,-8.65597400799993]]],[[[119.23741697300011,-8.67068797199994],[119.23760659300001,-8.670699431999935],[119.23761597700002,-8.670699998999964],[119.23768358900008,-8.670723474999932],[119.23775700300007,-8.670748964999973],[119.23787201300001,-8.67085700299998],[119.23787594700002,-8.670960924999974],[119.23788098200009,-8.67109398599996],[119.2378259830001,-8.671241968999936],[119.23769897800003,-8.671360010999933],[119.23762157800002,-8.671391681999978],[119.2375280220001,-8.67142996399997],[119.23734197800002,-8.671430963999967],[119.23725412900001,-8.67139100399993],[119.23719703100005,-8.671365031999926],[119.23719699900005,-8.671365001999959],[119.23716677200002,-8.671336402999941],[119.2371229900001,-8.671294978999981],[119.2371150140001,-8.670947018999925],[119.23722296800008,-8.670773964999967],[119.23725399700004,-8.67075200399995],[119.2374023960001,-8.670693698999969],[119.23741697300011,-8.67068797199994]]],[[[119.24478010200005,-8.67067138799996],[119.24491302700005,-8.670724028999928],[119.2450349820001,-8.670866001999968],[119.2450349820001,-8.670928987999957],[119.24494015900007,-8.67104145199994],[119.24489500800007,-8.671095002999948],[119.2448830190001,-8.671117699999968],[119.24483797700009,-8.671202965999953],[119.24483634300009,-8.671205319999956],[119.24480913500008,-8.671244514999955],[119.24480396400008,-8.671251963999964],[119.24479579600006,-8.671268650999934],[119.24475401300003,-8.671354010999949],[119.24470473500003,-8.671375104999981],[119.244635001,-8.671404955999947],[119.2445250290001,-8.671388974999957],[119.2444289880001,-8.67129700299995],[119.24438100100008,-8.671136974999968],[119.24442021400012,-8.670993063999958],[119.24445701400009,-8.670858013999975],[119.24451701900011,-8.67075897999996],[119.24464003700007,-8.670689034999953],[119.24471014700009,-8.670679915999926],[119.24477901700004,-8.67067095799996],[119.24478010200005,-8.67067138799996]]],[[[119.23752703500008,-8.669846002999975],[119.237664988,-8.669880985999953],[119.23777096300012,-8.669982021999942],[119.23783497900001,-8.670167985999967],[119.2378559660001,-8.67029699799997],[119.23785264600008,-8.670299874999955],[119.23784903600006,-8.670303002999958],[119.2378255960001,-8.670320457999935],[119.23779803000002,-8.670340984999939],[119.23775677600008,-8.67036117899994],[119.23770198700004,-8.670387996999978],[119.23764763000008,-8.670372142999952],[119.23758201600003,-8.670353004999981],[119.23743465500002,-8.670153978999963],[119.23741100200004,-8.670122032999927],[119.23739400500006,-8.669982998999956],[119.2373940010001,-8.669982966999953],[119.23741151800004,-8.669947202999936],[119.23744003200011,-8.669888984999943],[119.23752617500008,-8.669846427999971],[119.23752703500008,-8.669846002999975]]],[[[119.24492403600004,-8.665905031999955],[119.24503799500008,-8.666062956999951],[119.24507645500012,-8.666237791999947],[119.24508002400012,-8.666254017999961],[119.24506797800007,-8.666297077999957],[119.24505598300004,-8.666339954999955],[119.24505596800009,-8.666340008999953],[119.24499257200011,-8.666359117999946],[119.24467253400007,-8.666455582999959],[119.2446710050001,-8.666456043999972],[119.24461448300008,-8.666460130999951],[119.2445204920001,-8.666466925999941],[119.24452000100007,-8.666466961999959],[119.24450227500006,-8.666456487999938],[119.24442702500005,-8.666412022999964],[119.24435498900004,-8.666238036999971],[119.24442197000008,-8.666001964999964],[119.24446502900003,-8.66592498999995],[119.24448496900004,-8.665904198999954],[119.2445129670001,-8.665875005999965],[119.24459797500003,-8.665798959999961],[119.24470343000007,-8.665802562999943],[119.24477402100001,-8.665804972999979],[119.24492403600004,-8.665905031999955]]],[[[119.2445249860001,-8.665010028999973],[119.24461925900005,-8.665037630999961],[119.24468202000003,-8.665056006999976],[119.24474100300006,-8.665176029999941],[119.24467646400001,-8.665238637999948],[119.24467502300001,-8.665240035999943],[119.24463800600006,-8.665338030999976],[119.24459097500005,-8.665465002999952],[119.244590904,-8.665465032999975],[119.24448767000001,-8.665508312999975],[119.24445499800004,-8.665522009999961],[119.24445495400005,-8.66552196899994],[119.24436402300012,-8.665437960999952],[119.24437002400009,-8.665389036999954],[119.24434201300005,-8.665326034999964],[119.2443322360001,-8.665200166999966],[119.24433098400004,-8.665184041999964],[119.24433100100009,-8.665184013999976],[119.24437424000007,-8.66511378599995],[119.24440798600006,-8.66505897299993],[119.2445238250001,-8.665010514999949],[119.2445249860001,-8.665010028999973]]],[[[119.21782200900009,-8.65448104099994],[119.21784887800004,-8.65448992399996],[119.21795498400002,-8.654525001999957],[119.21795512900007,-8.654525195999952],[119.21803696600011,-8.654634957999974],[119.21803573500006,-8.65466794899993],[119.21803502400007,-8.654687021999962],[119.21803358000011,-8.65468741099994],[119.2179865490001,-8.654700092999974],[119.21789802900003,-8.65472396399997],[119.21789748600008,-8.654723773999933],[119.21763797800008,-8.654633023999963],[119.21757409800011,-8.654585586999929],[119.21754500000009,-8.654563978999931],[119.21754442800011,-8.654563103999976],[119.21752603100003,-8.654534989999945],[119.21763755900008,-8.65447323199993],[119.21763801400004,-8.65447297999998],[119.21779855700004,-8.654480013999944],[119.21782200900009,-8.65448104099994]]],[[[119.22654599700002,-8.65166398699995],[119.22663587700004,-8.651619060999963],[119.22696960100006,-8.651452250999967],[119.22697001200004,-8.651452044999928],[119.22699799500003,-8.651455639999938],[119.2270009670001,-8.651456021999934],[119.2270399790001,-8.65153098099995],[119.22708501200009,-8.651699978999943],[119.22706097000003,-8.65194203599998],[119.22692399000005,-8.652185019999934],[119.22677003500007,-8.65230502299994],[119.22670423900001,-8.652324538999949],[119.22670180500006,-8.652325261999977],[119.22660614900008,-8.65235363599993],[119.226605027,-8.652353968999932],[119.22655222900005,-8.652326223999978],[119.22648902800006,-8.652293012999962],[119.22644443600007,-8.652234563999968],[119.22644440900001,-8.65223452899994],[119.22638298400011,-8.652154009999947],[119.22637355800009,-8.652059160999954],[119.22636698200006,-8.651992976999964],[119.22638921900011,-8.651857296999935],[119.22639402300001,-8.651827986999933],[119.22654599700002,-8.65166398699995]]],[[[119.2436399930001,-8.548522025999944],[119.24459598200008,-8.548173988999963],[119.24370700100008,-8.548661978999974],[119.2436399930001,-8.548522025999944]]],[[[119.24271198400004,-8.54680499099993],[119.24458796800002,-8.547226978999959],[119.24304199700009,-8.547055023999974],[119.24271198400004,-8.54680499099993]]],[[[119.23082402300008,-8.537921032999975],[119.23218299900009,-8.537242038999977],[119.2315640280001,-8.538930979999975],[119.23079932200005,-8.53799110999995],[119.23082402300008,-8.537921032999975]]]]}},{"type":"Feature","properties":{"kode_kec":"52.06.17","kecamatan":"Lambitu","kab_kota":"Bima"},"geometry":{"type":"Polygon","coordinates":[[[118.79755042200009,-8.59708496899998],[118.79134596000006,-8.60966680699994],[118.78851551000002,-8.611025247999976],[118.78194844200004,-8.618336557999953],[118.76143299500006,-8.629585928999973],[118.75758747600003,-8.623544803999948],[118.75801359500008,-8.616617037999958],[118.7500101070001,-8.611245743999973],[118.75745935400005,-8.605351376999977],[118.75687638600004,-8.601058828999953],[118.75950879600009,-8.597220758999981],[118.75906414200006,-8.578672075999975],[118.75237276000007,-8.573300758999949],[118.74687408800003,-8.570707244999937],[118.74079656800006,-8.557799328999977],[118.74999897600003,-8.555251876999932],[118.75826823900002,-8.54870782699993],[118.78963596300002,-8.547432252999954],[118.79026979100001,-8.544328665999956],[118.78844236500004,-8.54061670699997],[118.78896822600007,-8.538291972999957],[118.79203059300005,-8.536626350999938],[118.79787216900002,-8.537756593999973],[118.80162328000006,-8.532198751999942],[118.80927351300011,-8.52921407499997],[118.81829512700006,-8.523256970999967],[118.8231237550001,-8.52560395599994],[118.82377829400002,-8.528087264999954],[118.82692690400006,-8.526919173999943],[118.83079418400007,-8.531477674999962],[118.83205508500009,-8.53922397599996],[118.830795738,-8.55327264999994],[118.81646505300012,-8.569537201999935],[118.8074845750001,-8.592472953999959],[118.7981562980001,-8.596406686999956],[118.79755042200009,-8.59708496899998]]]}},{"type":"Feature","properties":{"kode_kec":"52.06.18","kecamatan":"Palibelo","kab_kota":"Bima"},"geometry":{"type":"Polygon","coordinates":[[[118.70724062900001,-8.569760384999938],[118.70433578300003,-8.570950115999949],[118.7043595780001,-8.572092256999952],[118.70337585700008,-8.57112679599993],[118.70252319800011,-8.573408613999959],[118.6994533730001,-8.572376395999981],[118.70025631400006,-8.568957112999954],[118.69918562100008,-8.568243271999961],[118.69844113600004,-8.56127209999994],[118.70047319600008,-8.561386313999947],[118.69774633400004,-8.556065838999928],[118.69597588200008,-8.556026814999939],[118.69465167800001,-8.54716009799995],[118.69078646900005,-8.546815201999948],[118.68097557500005,-8.54139007699996],[118.68120796900007,-8.531422038999949],[118.67680538800005,-8.526543927999967],[118.67732503700006,-8.525406012999952],[118.67959600100005,-8.525337976999936],[118.67888100800008,-8.524109043999943],[118.68093191000003,-8.52420202899998],[118.6748550320001,-8.51906398899996],[118.67552698800012,-8.516587993999963],[118.67782097500003,-8.515541957999972],[118.68691903000001,-8.51826103299993],[118.68880699100009,-8.51692498899996],[118.69484200600004,-8.51623004299995],[118.69492800100011,-8.511536992999936],[118.70648997800004,-8.506792043999951],[118.70680499700006,-8.503990999999928],[118.7128239860001,-8.498519999999928],[118.71342276900009,-8.49538628299996],[118.71609035000006,-8.49919234899994],[118.71750704300007,-8.49905995599994],[118.72062421100009,-8.502019211999936],[118.72526103100006,-8.502568407999945],[118.72747527900003,-8.501612404999946],[118.72892249900008,-8.504361752999955],[118.72872675500003,-8.51065756099996],[118.72967075400004,-8.511960532999979],[118.73253491700007,-8.514384961999951],[118.73941744700005,-8.51689642699995],[118.75795794800001,-8.52051763999998],[118.76021380100008,-8.514395571999955],[118.76515970100002,-8.512814464999963],[118.76964351100003,-8.515227424999978],[118.77404735000005,-8.51450841899998],[118.77618920000009,-8.516930639999941],[118.77847558200006,-8.515153921999968],[118.778356658,-8.513062128999934],[118.78060511000001,-8.51195132099997],[118.78378699500001,-8.514272440999946],[118.79011846900005,-8.513843187999953],[118.79505182600008,-8.517546997999943],[118.79653007200011,-8.524369175999936],[118.80162328000006,-8.532198751999942],[118.79787216900002,-8.537756593999973],[118.79203059300005,-8.536626350999938],[118.78886115000012,-8.538427601999956],[118.78844236500004,-8.54061670699997],[118.79026979100001,-8.544328665999956],[118.78963596300002,-8.547432252999954],[118.75826823900002,-8.54870782699993],[118.74999897600003,-8.555251876999932],[118.74079656800006,-8.557799328999977],[118.7457711190001,-8.56810332799995],[118.74174070900006,-8.571671699999968],[118.73987687700003,-8.580918046999955],[118.7228899050001,-8.578712286999973],[118.71956270500004,-8.576647866999963],[118.71230336600001,-8.576284680999947],[118.71000837500003,-8.575256753999952],[118.70962250600007,-8.57063554399997],[118.70749660700005,-8.570863153999937],[118.7074016680001,-8.56978871299998],[118.70724062900001,-8.569760384999938]]]}},{"type":"Feature","properties":{"kode_kec":"52.06.15","kecamatan":"Soromandi","kab_kota":"Bima"},"geometry":{"type":"MultiPolygon","coordinates":[[[[118.67947997800002,-8.468640083999958],[118.67778831900011,-8.475908864999951],[118.67191914000011,-8.480313484999954],[118.67056284700004,-8.48319263299993],[118.66268222000008,-8.479433911999934],[118.66038132300002,-8.476392413999974],[118.65629058500008,-8.474389950999978],[118.63714556700006,-8.453747944999975],[118.62500000000011,-8.454939555999943],[118.61956773000009,-8.456944628999963],[118.61940902700007,-8.451809539999942],[118.62698023400003,-8.421427622999943],[118.63072251100004,-8.41384403099994],[118.6377642970001,-8.412222450999934],[118.63588101300002,-8.408473725999954],[118.63055592400008,-8.406114032999938],[118.6153322240001,-8.403807879999931],[118.6130157,-8.405569296999943],[118.60353341100006,-8.406065781999928],[118.59384298700002,-8.404598963999945],[118.58825081700002,-8.408958414999972],[118.58161360800011,-8.402560192999943],[118.57323715300004,-8.398126613999978],[118.57444931500004,-8.389551987999937],[118.57174074000011,-8.355228659999966],[118.55593681500011,-8.36392925499996],[118.55009773600011,-8.365826545999937],[118.53345228600006,-8.37904535299998],[118.52694580400009,-8.365629869999964],[118.51834185100006,-8.360391826999944],[118.50819774600006,-8.356254745999934],[118.49999941300007,-8.348830934999967],[118.47972744000003,-8.310473490999925],[118.47357628200007,-8.302020307999953],[118.46557649600004,-8.29561718499997],[118.45438196900011,-8.283311742999956],[118.45165328400003,-8.275407793999932],[118.44787365100001,-8.27334344999997],[118.44469746100003,-8.26835235599998],[118.4471299810001,-8.26678602499993],[118.44737197900008,-8.26265901399995],[118.45142898600011,-8.260736981999969],[118.453443031,-8.256340006999949],[118.45948596700009,-8.255116961999931],[118.46356600500008,-8.245927966999943],[118.46969098600005,-8.245777996999948],[118.47588598300001,-8.250000032999935],[118.4804749970001,-8.25115197599996],[118.48667399200008,-8.24964997099994],[118.49494101000005,-8.243175957999938],[118.49999990600008,-8.247067947999938],[118.50657697100007,-8.255828018999978],[118.51354598800003,-8.260909019999929],[118.52025696800001,-8.26019198299997],[118.52411896700005,-8.262373958999945],[118.52834501500001,-8.262459995999961],[118.53194802200005,-8.26487702199995],[118.53612199300005,-8.26314604099997],[118.54153997600008,-8.264882030999956],[118.56342903400002,-8.264437997999948],[118.56947200800005,-8.270016982999948],[118.57346296600008,-8.271406971999966],[118.57759398100006,-8.27061195899995],[118.58441296500007,-8.266389044999926],[118.58892003300002,-8.272890983999957],[118.59186898000007,-8.275060021999934],[118.59719197300001,-8.273809038999957],[118.60175802000003,-8.276220039999941],[118.6059850260001,-8.274673021999945],[118.60744602700004,-8.27740902599993],[118.61043099900007,-8.27830300599993],[118.6223950000001,-8.288361041999963],[118.62621598700002,-8.288575010999978],[118.62908100700008,-8.291997005999974],[118.63276598200002,-8.29196701799998],[118.63862099400001,-8.288111026999957],[118.64497402600011,-8.289212980999935],[118.64911301600011,-8.291686039999945],[118.64898003200005,-8.296395961999963],[118.65080500600004,-8.29874702199993],[118.65750698000011,-8.300053038999977],[118.66012701000011,-8.308222981999961],[118.65942501000006,-8.310532986999931],[118.66146600900004,-8.313846001999934],[118.66752998200002,-8.316148030999955],[118.66935637600011,-8.31806447899993],[118.66861797500007,-8.325339003999943],[118.67589002900002,-8.33018700599996],[118.67963302900012,-8.338585989999956],[118.68317001800006,-8.340297955999972],[118.68579996300002,-8.344890022999948],[118.68774600300003,-8.354331014999957],[118.69064797900012,-8.35840903199994],[118.69108398200001,-8.365043974999935],[118.68822001900003,-8.365672996999933],[118.687798971,-8.368156031999945],[118.68920399600006,-8.368602016999944],[118.68966802000011,-8.367424954999933],[118.69190001400011,-8.368309979999935],[118.69162296800005,-8.372373989999971],[118.69553004800002,-8.377114864999953],[118.69342000500001,-8.382738032999953],[118.69107200700012,-8.38371897299993],[118.69005802100003,-8.389819994999925],[118.68517701600001,-8.393370015999949],[118.6868350200001,-8.394452031999947],[118.69298998600004,-8.393323960999965],[118.69251800600011,-8.39674400299998],[118.6968560140001,-8.395951991999937],[118.69803902400008,-8.396813982999959],[118.69168897100008,-8.397364977999928],[118.69088794800007,-8.400555056999963],[118.69373296700007,-8.401520975999972],[118.69382599300002,-8.403409968999938],[118.69021301900011,-8.404530970999929],[118.6909990370001,-8.405849022999973],[118.689390032,-8.411272004999944],[118.68328703200007,-8.411636986999952],[118.68501802300011,-8.41311200399997],[118.69173903600006,-8.414386036999929],[118.69031603600001,-8.416983036999966],[118.68576416500002,-8.418116977999944],[118.68708767800001,-8.419818976999977],[118.69279302500001,-8.419832994999979],[118.68887501600011,-8.421959047999962],[118.69058100500001,-8.424001971999928],[118.68940187300007,-8.42605915699994],[118.69243211700007,-8.42897994499998],[118.68990399200004,-8.433846984999946],[118.68976097300003,-8.438806976999956],[118.68707601000006,-8.44068696499994],[118.68668697800001,-8.443436991999931],[118.68933997400006,-8.445134973999927],[118.68687101800003,-8.448070963999953],[118.68536702300003,-8.453855008999938],[118.68649802200002,-8.459761039999933],[118.67953101800003,-8.468538983999963],[118.67947997800002,-8.468640083999958]]],[[[118.69663232900007,-8.451722588999928],[118.69322398400004,-8.450810960999945],[118.69233503700002,-8.448824982999952],[118.69723603700004,-8.447591004999936],[118.69844699600003,-8.446053979999931],[118.69579639800008,-8.449756623999974],[118.69870002500011,-8.450677041999938],[118.69674382800008,-8.451730870999938],[118.69663232900007,-8.451722588999928]]]]}},{"type":"Feature","properties":{"kode_kec":"52.06.16","kecamatan":"Parado","kab_kota":"Bima"},"geometry":{"type":"MultiPolygon","coordinates":[[[[118.50225701600004,-8.884297017999927],[118.50213402800011,-8.88281598499998],[118.5023106210001,-8.884302585999933],[118.50225701600004,-8.884297017999927]]],[[[118.5718844380001,-8.85243393299993],[118.57170597900006,-8.85155591199998],[118.57194154500007,-8.852512454999953],[118.5718844380001,-8.85243393299993]]],[[[118.5882351030001,-8.841674571999931],[118.58180498600007,-8.845027003999974],[118.57572699700006,-8.84601403399995],[118.57388100900005,-8.847344987999975],[118.5736859750001,-8.850383988999965],[118.5657360240001,-8.846976036999934],[118.55852501700008,-8.847932004999961],[118.55413697300003,-8.852934974999926],[118.53177002600012,-8.863958989999958],[118.52806297400002,-8.868259955999974],[118.523213983,-8.871071023999946],[118.51928603600004,-8.878465955999957],[118.51721728600012,-8.876366663999931],[118.50898700500011,-8.876435975999925],[118.50686798800007,-8.88189701899995],[118.50421599700007,-8.881159001999947],[118.50308799600009,-8.883226006999962],[118.50128679500006,-8.879311246999976],[118.49667499500003,-8.878748977999976],[118.49487896400001,-8.879616005999935],[118.49387099800003,-8.883327041999962],[118.49193397800002,-8.883227033999958],[118.49047997100001,-8.88636596899994],[118.48906998200005,-8.884498977999954],[118.48328600200011,-8.885374985999931],[118.47729468200009,-8.883309999999938],[118.4737756830001,-8.866863902999967],[118.47821682400001,-8.85130819099993],[118.47740425600011,-8.848677753999937],[118.47854612700007,-8.838043804999927],[118.48064291900005,-8.834457129999976],[118.48351618900006,-8.820463202999974],[118.49191648100009,-8.815283935999958],[118.49388491000002,-8.806179683999972],[118.50000021500011,-8.796504476999928],[118.4999993020001,-8.78370492299996],[118.49521149300006,-8.77844552099998],[118.49480871900005,-8.776146145999974],[118.49753540000006,-8.769094382999981],[118.50127840400012,-8.765218983999944],[118.50787695500003,-8.76131643399998],[118.51306815600003,-8.74819501099995],[118.50970480800004,-8.731264907999957],[118.54235204600002,-8.723057369999935],[118.55463590400007,-8.71768060599993],[118.56409246900012,-8.709915003999981],[118.59393601200009,-8.705180304999942],[118.60435587000006,-8.699119396999947],[118.60385078500008,-8.70484808699996],[118.6058040150001,-8.71168254099996],[118.60506670600012,-8.719016157999931],[118.60950313100011,-8.724676870999929],[118.6133411510001,-8.73986188899994],[118.61807672200007,-8.747589327999947],[118.61727428300003,-8.753505673999939],[118.61813140000004,-8.759191056999953],[118.6209953340001,-8.768339598999944],[118.63081748700006,-8.789540460999945],[118.63385130000006,-8.803043902999946],[118.63388496700009,-8.816607021999971],[118.63227099500011,-8.816303971999957],[118.62550499700001,-8.820686983999963],[118.6271759650001,-8.823165974999938],[118.62674997800002,-8.825267955999948],[118.61691603400004,-8.827290992999963],[118.61066297600007,-8.830075959999931],[118.6102740120001,-8.83359803999997],[118.60505997000007,-8.838605006999956],[118.60251397600007,-8.83996104399995],[118.59542299700001,-8.839950980999959],[118.58839022400002,-8.841674860999944],[118.5882351030001,-8.841674571999931]]]]}},{"type":"Feature","properties":{"kode_kec":"52.03.07","kecamatan":"Selong","kab_kota":"Lombok Timur"},"geometry":{"type":"Polygon","coordinates":[[[116.53592799400008,-8.685839958999964],[116.5304073530001,-8.688164127999926],[116.52793619700003,-8.686369515999957],[116.52396200500004,-8.688425007999967],[116.5170821800001,-8.681685100999971],[116.51632400400001,-8.68238301699995],[116.51105164900002,-8.678821340999946],[116.51199776900012,-8.676226589999942],[116.50931602100002,-8.671476965999943],[116.50918000000001,-8.668576039999948],[116.50660609900001,-8.66644918999998],[116.50666275900005,-8.661718597999936],[116.50840179700003,-8.658024827999952],[116.50554602400007,-8.651790001999927],[116.50875796500009,-8.649597201999939],[116.50725304200012,-8.649174903999949],[116.5069610700001,-8.644487625999943],[116.5081897880001,-8.642737422999971],[116.51014828900009,-8.643390421999982],[116.51402498000004,-8.639548987999945],[116.51541594700006,-8.637407907999943],[116.51414844300007,-8.634680319999973],[116.52210023800001,-8.629960607999976],[116.52413705600009,-8.63033180399998],[116.53110403700009,-8.637434004999932],[116.534248993,-8.636619976999953],[116.53590099100006,-8.634182955999961],[116.54576797900006,-8.637707038999963],[116.54835601700006,-8.640966988999935],[116.55649299900006,-8.639176993999968],[116.55753502700009,-8.642152041999964],[116.56348701200011,-8.643429976999926],[116.56469497400008,-8.646265028999949],[116.55965601800006,-8.658472959999926],[116.55542221400003,-8.662503654999966],[116.55421738400003,-8.66563726399994],[116.55483538200008,-8.66853505399996],[116.55225876600002,-8.671184043999972],[116.55618599400009,-8.675468984999952],[116.5544950200001,-8.678103000999954],[116.5568467280001,-8.682842592999975],[116.55505398700006,-8.686785971999939],[116.54491099100005,-8.686450978999972],[116.54361903400002,-8.685049015999937],[116.54032502400003,-8.684591998999963],[116.53607300500005,-8.685800978999964],[116.53592799400008,-8.685839958999964]]]}},{"type":"Feature","properties":{"kode_kec":"52.03.08","kecamatan":"Pringgabaya","kab_kota":"Lombok Timur"},"geometry":{"type":"Polygon","coordinates":[[[116.628474546,-8.598079970999947],[116.62184008600002,-8.607422413999927],[116.61743808300002,-8.60846937599996],[116.60686300900011,-8.596532060999948],[116.60239653800011,-8.595037289999937],[116.59957732100008,-8.598374779999972],[116.59283101900007,-8.595725971999968],[116.59107203600001,-8.589549576999957],[116.58744038000009,-8.588796220999939],[116.58946601900004,-8.575852987999951],[116.58846250700003,-8.570238089999975],[116.5853347210001,-8.56985700499996],[116.58555601100011,-8.565556129999948],[116.58364196800005,-8.561225027999967],[116.57859101600002,-8.552656987999967],[116.57470696300004,-8.549633015999973],[116.581865719,-8.545109133999972],[116.58824681600004,-8.552113781999935],[116.59154399700003,-8.553100960999927],[116.59764296900005,-8.550296978999938],[116.601920715,-8.555753719999927],[116.60766610500002,-8.551234745999977],[116.61522166300006,-8.550761747999957],[116.61938047500007,-8.549151430999927],[116.62227952800004,-8.545896834999951],[116.62033569200003,-8.537413460999971],[116.6231915410001,-8.529542637999953],[116.62690098100006,-8.52469760799994],[116.62505428300005,-8.523860629999945],[116.62836195000011,-8.52005885899996],[116.63709460200005,-8.50442544799995],[116.63300704200003,-8.500971141999969],[116.63307098000007,-8.499464982999939],[116.63573198400002,-8.478621006999958],[116.64033247000009,-8.462238003999971],[116.63982503000011,-8.45919784299997],[116.63513618500008,-8.456157847999975],[116.62935921100006,-8.455423233999966],[116.62863519700011,-8.452369703999977],[116.62615351000011,-8.451535729999932],[116.62526356900003,-8.449313250999978],[116.61767348000001,-8.448093962999963],[116.61508987800005,-8.445495725999933],[116.6129017830001,-8.446311314999946],[116.6066736030001,-8.443585688999974],[116.60690843600003,-8.441360390999932],[116.59897512100008,-8.43125688799995],[116.59521152700006,-8.428194842999972],[116.58775900900002,-8.427148017999968],[116.58466699200005,-8.423935022999956],[116.58989996300011,-8.421793008999941],[116.59416201200008,-8.416382031999945],[116.60003296500008,-8.412889008999969],[116.60322802300004,-8.41359898099995],[116.60520698500011,-8.41267204299993],[116.61251197000001,-8.41584899399993],[116.61673897200001,-8.413864960999945],[116.61930803300004,-8.414041992999955],[116.62140798000007,-8.416071988999931],[116.6216990150001,-8.418195010999966],[116.62593299600007,-8.421563999999933],[116.6321880160001,-8.422598043999926],[116.63595598400002,-8.426148986999976],[116.64235099600012,-8.42787698899997],[116.64885596500005,-8.431669043999932],[116.64864300400006,-8.433828043999938],[116.65353496700004,-8.435391017999962],[116.65577900400001,-8.434830043999966],[116.6607264160001,-8.43641482299995],[116.66031031300008,-8.435019307999937],[116.66168742600007,-8.433921780999981],[116.66002180300006,-8.431854623999925],[116.66616081300003,-8.425340849999941],[116.66717803300003,-8.426750679999941],[116.67112942500012,-8.427697259999945],[116.67889241600005,-8.438797444999977],[116.68271199500009,-8.439584974999946],[116.68674702700002,-8.442516014999967],[116.69232897000006,-8.442453967999938],[116.6904659920001,-8.443582019999951],[116.69693700700009,-8.44654498999995],[116.69676496900001,-8.45044102099996],[116.69782361400007,-8.451283071999967],[116.69417397000007,-8.456623957999966],[116.6903630270001,-8.459033011999963],[116.67704498500007,-8.473407976999965],[116.67021497400003,-8.477866973999937],[116.66809601200009,-8.481861977999927],[116.661532007,-8.487605009999982],[116.66173201200002,-8.491054042999963],[116.66329500600011,-8.492448975999935],[116.66311499100004,-8.49380902799993],[116.66140397700008,-8.494353039999964],[116.663569972,-8.497330988999977],[116.66779393900003,-8.49758415399998],[116.66572380800005,-8.49948772199997],[116.6706080030001,-8.501744006999957],[116.66947859700008,-8.502466807999951],[116.6714240020001,-8.503630954999949],[116.671836041,-8.49975196899993],[116.67599374400004,-8.49862148699998],[116.67594903700001,-8.493548974999953],[116.66855176500007,-8.483406283999955],[116.67369000000008,-8.486389999999972],[116.67581831400003,-8.484223677999978],[116.67656784400003,-8.480211906999955],[116.67798124400008,-8.480668763999972],[116.67561700600004,-8.487739972999975],[116.67853198300008,-8.496990030999939],[116.67771502300002,-8.504215986999952],[116.66587196400008,-8.513555994999933],[116.66194400100005,-8.524920964999978],[116.65894498500006,-8.528658028999928],[116.65768197300008,-8.532948965999935],[116.65733096700001,-8.539308999999946],[116.65916502400012,-8.546496977999936],[116.66715502800002,-8.555662998999935],[116.66642602000002,-8.55980601799996],[116.65824400600002,-8.571948007999936],[116.62851721800007,-8.598011926999959],[116.628474546,-8.598079970999947]]]}},{"type":"Feature","properties":{"kode_kec":"52.03.05","kecamatan":"Masbagik","kab_kota":"Lombok Timur"},"geometry":{"type":"Polygon","coordinates":[[[116.48300203300005,-8.63336299599996],[116.4696670080001,-8.638211035999973],[116.45643402500002,-8.631606999999974],[116.45275000800007,-8.630898033999927],[116.45240097400006,-8.629353980999952],[116.44324103500003,-8.630107013999975],[116.44010096700003,-8.625501991999954],[116.43772399000011,-8.62583600299996],[116.43423303000009,-8.622923003999972],[116.43585599900007,-8.617388989999938],[116.43158963100007,-8.612084547999928],[116.4366429800001,-8.607945980999943],[116.43716998000002,-8.601428000999931],[116.43565996600012,-8.599170008999977],[116.42953097200007,-8.596462993999978],[116.4293469810001,-8.592169007999928],[116.42613202000007,-8.586444981999932],[116.4231560290001,-8.573823009999956],[116.42324498000005,-8.57023903399994],[116.42671703000008,-8.566702955999972],[116.42862800500006,-8.559902988999966],[116.42778298100006,-8.554165023999929],[116.42960897600005,-8.551542979999965],[116.43111298200006,-8.542857003999927],[116.43207698000003,-8.542398036999941],[116.43401701500011,-8.545302968999977],[116.43121482100003,-8.554998931999933],[116.43376401400008,-8.553893628999958],[116.43373843300003,-8.558543979999968],[116.43535836000001,-8.56167273799997],[116.44515089000004,-8.558737410999981],[116.44421400800002,-8.562526032999926],[116.44683897900006,-8.568829006999977],[116.44896297200012,-8.570128996999927],[116.45098202100007,-8.577888008999935],[116.45154802500008,-8.58971196999994],[116.45297600200001,-8.59278700799996],[116.45699500900002,-8.594275030999938],[116.46144602400011,-8.599767973999974],[116.46164602100009,-8.603648990999943],[116.46401201300012,-8.605904015999954],[116.46946397700003,-8.602049007999938],[116.47045598600005,-8.603193959999942],[116.4710498710001,-8.602347527999939],[116.47333403100004,-8.603535035999926],[116.47451497000009,-8.607236984999929],[116.47833299900003,-8.608680031999938],[116.48487383800011,-8.604009493999968],[116.4881574630001,-8.60897145599995],[116.49046603600004,-8.609008012999936],[116.49334301700003,-8.618929014999935],[116.49971703400001,-8.625284990999944],[116.499297006,-8.627599023999949],[116.4975229900001,-8.627402007999933],[116.4986210300001,-8.631396964999965],[116.49010203400007,-8.636859965999975],[116.48558401600008,-8.63291196299997],[116.48307496900009,-8.633296989999963],[116.48300203300005,-8.63336299599996]]]}},{"type":"Feature","properties":{"kode_kec":"52.03.06","kecamatan":"Sukamulia","kab_kota":"Lombok Timur"},"geometry":{"type":"Polygon","coordinates":[[[116.4879146290001,-8.655475131999935],[116.48678248400006,-8.65867257399998],[116.48600660200009,-8.657961434999947],[116.48559518900004,-8.660093578999977],[116.48363455700007,-8.660919074999981],[116.48199203700005,-8.660779027999979],[116.48082796800009,-8.657619352999973],[116.47780282500003,-8.658718117999967],[116.47584452900003,-8.65675982099998],[116.47287472400001,-8.656982564999964],[116.4712539840001,-8.655345013999977],[116.46724799300011,-8.655938015999936],[116.465985036,-8.652803022999933],[116.46239700000001,-8.649468986999977],[116.46292202500001,-8.642203008999957],[116.4604560040001,-8.63419799299993],[116.47019601800002,-8.63817595699993],[116.48463202100004,-8.632566957999927],[116.49025399300001,-8.636825984999973],[116.4986210300001,-8.631396964999965],[116.4975229900001,-8.627402007999933],[116.499297006,-8.627599023999949],[116.49971703400001,-8.625284990999944],[116.49573771500002,-8.621295786999951],[116.49560166300012,-8.61962519399998],[116.50421081000002,-8.614606005999974],[116.50672098900009,-8.614560968999967],[116.51210700700005,-8.622246987999972],[116.52386148200003,-8.629627097999958],[116.526662181,-8.634015408999971],[116.52413705600009,-8.63033180399998],[116.52248095200002,-8.629893982999931],[116.51872140300009,-8.631083712999953],[116.51414844300007,-8.634680319999973],[116.51541594700006,-8.637407907999943],[116.51402498000004,-8.639548987999945],[116.51014828900009,-8.643390421999982],[116.5081897880001,-8.642737422999971],[116.5069610700001,-8.644487625999943],[116.50725304200012,-8.649174903999949],[116.50875796500009,-8.649597201999939],[116.50578596300011,-8.651248991999978],[116.50577200400005,-8.653159959999925],[116.50350202200002,-8.653810022999949],[116.50156100800007,-8.651019967999957],[116.49982001100011,-8.651104962999966],[116.49794620000011,-8.653417931999968],[116.49195055100006,-8.656671561999929],[116.48806867000008,-8.655379613999969],[116.4879146290001,-8.655475131999935]]]}},{"type":"Feature","properties":{"kode_kec":"52.03.09","kecamatan":"Aikmel","kab_kota":"Lombok Timur"},"geometry":{"type":"Polygon","coordinates":[[[116.52737241800003,-8.58295447599994],[116.52188074100002,-8.579080713999929],[116.52005638800006,-8.574620582999955],[116.51497814200002,-8.57034945099997],[116.5110670040001,-8.564951029999975],[116.50283399500006,-8.560667014999979],[116.50009299500005,-8.557096960999957],[116.49659998900006,-8.545188960999951],[116.49037999100005,-8.53216098699994],[116.48399500500011,-8.524525034999954],[116.48302601700004,-8.51772901399994],[116.47802598700002,-8.507170001999953],[116.47625001900008,-8.475237956999933],[116.47487198600004,-8.46850502899997],[116.46556499300004,-8.456148994999978],[116.45094100300003,-8.441904024999928],[116.45036197600007,-8.436342963999948],[116.45248703200002,-8.423089983999944],[116.45562000300004,-8.422542978999957],[116.45903592200011,-8.419062604999965],[116.46259499100006,-8.41875798999996],[116.4657179830001,-8.415951004999954],[116.47477302700008,-8.421082990999935],[116.48397299300007,-8.423361038999928],[116.49028102600005,-8.429776004999951],[116.49572803300009,-8.444883974999925],[116.49525800200001,-8.45864101899997],[116.49722398900008,-8.462879009999938],[116.49718102000008,-8.466665962999969],[116.50046602000009,-8.468196029999945],[116.50427300700005,-8.485535011999957],[116.50971100800007,-8.49134597699998],[116.51279796600011,-8.499878014999979],[116.51457996500005,-8.500000966999949],[116.51787200900003,-8.506066970999939],[116.52463497000008,-8.51337504099996],[116.52430698800003,-8.51766499599995],[116.52591125100003,-8.522821232999945],[116.53330700000004,-8.528270004999968],[116.53792960100009,-8.533612692999952],[116.53915872200002,-8.537655221999955],[116.54225998400011,-8.53993238299995],[116.54623900000001,-8.553916018999928],[116.54871903500009,-8.558280992999926],[116.55429303300002,-8.560959991999937],[116.54588903500007,-8.57240901299997],[116.54522596400011,-8.574104009999928],[116.54689800100005,-8.576902036999968],[116.5522319700001,-8.577375974999939],[116.55626102100007,-8.575750954999933],[116.56408003700005,-8.586388967999937],[116.56774020000012,-8.587140911999938],[116.56920020500002,-8.592405816999928],[116.57541416800007,-8.596032115999947],[116.57465393000007,-8.601382332999947],[116.58082796200006,-8.607772108999939],[116.58485431200006,-8.608494636999978],[116.5793415930001,-8.608229758999926],[116.57687327800011,-8.60509886099993],[116.57468622400006,-8.604788305999932],[116.5746077020001,-8.603317799999957],[116.5730800880001,-8.602939465999953],[116.57250187900001,-8.604110160999937],[116.57070300600003,-8.603089371999943],[116.56966794100003,-8.60413157499994],[116.56769774700001,-8.60145468199994],[116.56543488000011,-8.60081936599994],[116.56260094200002,-8.595458440999948],[116.55885997400003,-8.599320736999971],[116.55821800100011,-8.598546442999975],[116.5571815830001,-8.59946191499995],[116.5569686980001,-8.59808101599998],[116.55370247100007,-8.596837866999977],[116.55215582100004,-8.596754585999975],[116.55100178300006,-8.598693846999936],[116.54902683000012,-8.595897979999961],[116.54996671700007,-8.594232356999953],[116.54660177200003,-8.59162007599997],[116.54501939300008,-8.594234547999974],[116.54360168700009,-8.594092994999926],[116.54064438700004,-8.591406933999963],[116.53558089400008,-8.589422463999938],[116.53639982600009,-8.586877629999947],[116.53205456700005,-8.587841569999966],[116.52746351700011,-8.58303263199997],[116.52737241800003,-8.58295447599994]]]}},{"type":"Feature","properties":{"kode_kec":"52.03.03","kecamatan":"Terara","kab_kota":"Lombok Timur"},"geometry":{"type":"Polygon","coordinates":[[[116.40069407500005,-8.681738286999973],[116.39748765700006,-8.68420197699993],[116.39415246200008,-8.68365018999998],[116.39220367300004,-8.680050026999936],[116.38520231300004,-8.674528658999975],[116.37823839900011,-8.66306274599998],[116.38198317100012,-8.660031396999955],[116.38434150700004,-8.652629505999926],[116.38437532600005,-8.646081110999944],[116.38280520800004,-8.642394581999952],[116.37617452800009,-8.637534862999928],[116.37777467300009,-8.627748126999961],[116.3769034390001,-8.617958124999973],[116.37788038300005,-8.61507157099993],[116.37662089700007,-8.611104161999947],[116.37847993800005,-8.60366795899995],[116.37684520200003,-8.600999098999978],[116.3779034160001,-8.596746377999978],[116.38269755500005,-8.597554655999943],[116.38465347200008,-8.593928356999982],[116.38909108500002,-8.592193746999953],[116.38882228800003,-8.603828104999934],[116.39166097600003,-8.611842235999973],[116.39200048900011,-8.61648731899993],[116.39430887000003,-8.616803968999932],[116.3976447770001,-8.613816747999977],[116.39721818100008,-8.616859085999977],[116.39829931200006,-8.617449484999952],[116.3986999550001,-8.616512013999966],[116.39960555500011,-8.618624150999949],[116.40465982900002,-8.620591493999939],[116.40576806500007,-8.622316249999926],[116.40604496000003,-8.620543383999973],[116.40915997100001,-8.621424066999964],[116.4163459670001,-8.62024202699996],[116.41704999500007,-8.623153036999952],[116.41430197300008,-8.623496014999944],[116.41325002500002,-8.624999972999944],[116.41833801000007,-8.64233803999997],[116.42255901800002,-8.646257954999953],[116.42684100500003,-8.645147036999958],[116.42946301500001,-8.64611999799996],[116.43275700600009,-8.656557970999927],[116.43778801300004,-8.66197898799993],[116.44115400800001,-8.662518001999956],[116.44143797200002,-8.666237982999974],[116.44896597900004,-8.673990992999961],[116.43492501500009,-8.679195956999934],[116.43502267800011,-8.687273927999968],[116.43813701600004,-8.68792003599998],[116.43735296600005,-8.690150958999936],[116.43866789700007,-8.691606843999978],[116.43654034200006,-8.692181073999961],[116.43655461900005,-8.694479633999947],[116.4336564350001,-8.694379695999942],[116.43345656100007,-8.69153861999996],[116.43029596500003,-8.694531016999974],[116.42805171600003,-8.690619806999962],[116.41978543200003,-8.689013201999956],[116.41650058000005,-8.682139382999935],[116.40758623900001,-8.68101919399993],[116.40367304800009,-8.67787379999993],[116.40092012600007,-8.681477424999969],[116.40069407500005,-8.681738286999973]]]}},{"type":"Feature","properties":{"kode_kec":"52.03.04","kecamatan":"Sikur","kab_kota":"Lombok Timur"},"geometry":{"type":"Polygon","coordinates":[[[116.4169572190001,-8.63923729499993],[116.4161450040001,-8.63222800699998],[116.41330996500005,-8.624717019999935],[116.41529301000003,-8.623194042999955],[116.42147608500011,-8.623278839999955],[116.42526200300006,-8.620361997999964],[116.41779799200003,-8.598980005999977],[116.41475113100012,-8.592690427999969],[116.4126927740001,-8.593361628999958],[116.41139296500012,-8.591540007999981],[116.40980003600009,-8.58531002899997],[116.41107998700011,-8.584513328999947],[116.41238670400003,-8.585338554999964],[116.41252317600004,-8.584151776999931],[116.41589955800009,-8.585016590999942],[116.41130733600005,-8.576532337999936],[116.412262811,-8.573275635999948],[116.41086302100007,-8.569180040999981],[116.4125870360001,-8.566339004999975],[116.41165000100011,-8.560362959999964],[116.40616003200012,-8.547745014999975],[116.40751161200001,-8.54148478199994],[116.4064559730001,-8.527049016999968],[116.40937003500005,-8.516137999999955],[116.40231601300002,-8.493317030999947],[116.40144802500004,-8.485879986999976],[116.4032540290001,-8.480120991999968],[116.40349801000002,-8.46807198199997],[116.40681587400002,-8.459388714999932],[116.40660984400006,-8.453909347999968],[116.40357740500008,-8.45077398999996],[116.40266365500008,-8.443026280999959],[116.40626734700004,-8.434531078999953],[116.41037199700008,-8.435810032999939],[116.41625797500001,-8.435131020999961],[116.41494101600006,-8.447561006999933],[116.41635300000007,-8.45190396299995],[116.41984297700003,-8.457500023999955],[116.42133900500005,-8.457685993999974],[116.42854698100007,-8.471803960999978],[116.42920102700009,-8.490387962999932],[116.42629602700003,-8.497905981999963],[116.42543800200008,-8.509526028999971],[116.42694702900008,-8.519492968999941],[116.43193196600009,-8.530562017999955],[116.43208699800005,-8.542665996999972],[116.42997599600005,-8.54517098399998],[116.42960897600005,-8.551542979999965],[116.42778298100006,-8.554165023999929],[116.42870096800004,-8.55890999199994],[116.42704201400011,-8.565944004999949],[116.4233459840001,-8.569992039999931],[116.4231560290001,-8.573823009999956],[116.42613202000007,-8.586444981999932],[116.4293469810001,-8.592169007999928],[116.42953097200007,-8.596462993999978],[116.43565996600012,-8.599170008999977],[116.43716998000002,-8.601428000999931],[116.4366429800001,-8.607945980999943],[116.43158963100007,-8.612084547999928],[116.43585599900007,-8.617388989999938],[116.43423303000009,-8.622923003999972],[116.43772399000011,-8.62583600299996],[116.44010096700003,-8.625501991999954],[116.44324103500003,-8.630107013999975],[116.45240097400006,-8.629353980999952],[116.45275000800007,-8.630898033999927],[116.4602929880001,-8.633520982999926],[116.46292202500001,-8.642203008999957],[116.46239700000001,-8.649468986999977],[116.46774700700007,-8.656306037999968],[116.46542899700012,-8.658170011999971],[116.46611098500011,-8.661338016999935],[116.4677649780001,-8.663515987999972],[116.47077702500007,-8.662845015999949],[116.47195398200006,-8.667288042999928],[116.45462196800008,-8.674883972999964],[116.44896597900004,-8.673990992999961],[116.44143797200002,-8.666237982999974],[116.44115400800001,-8.662518001999956],[116.43778801300004,-8.66197898799993],[116.43275700600009,-8.656557970999927],[116.42946301500001,-8.64611999799996],[116.42684100500003,-8.645147036999958],[116.42255901800002,-8.646257954999953],[116.41956599100001,-8.643999016999942],[116.41698977800002,-8.639323502999957],[116.4169572190001,-8.63923729499993]]]}},{"type":"Feature","properties":{"kode_kec":"52.03.01","kecamatan":"Keruak","kab_kota":"Lombok Timur"},"geometry":{"type":"MultiPolygon","coordinates":[[[[116.50159925500009,-8.783552120999957],[116.49354314300001,-8.782629204999978],[116.49199418600006,-8.78341047799995],[116.48688226200011,-8.776204220999944],[116.4829818930001,-8.774890984999956],[116.48029001500004,-8.768874024999946],[116.47463205800011,-8.765563684999961],[116.47420894000004,-8.76708870899995],[116.4707430200001,-8.768381039999952],[116.47099300700006,-8.771059019999939],[116.46826796300002,-8.773790967999958],[116.4461440230001,-8.775176012999964],[116.44619097300006,-8.772888033999948],[116.44301503500003,-8.770776987999966],[116.4412559970001,-8.764251981999962],[116.43797297100002,-8.763127958999974],[116.43459203400005,-8.756659021999951],[116.44577468400007,-8.745901025999956],[116.44636152900011,-8.740613149999945],[116.44301021900003,-8.73420118699994],[116.44419700300011,-8.729046995999965],[116.4640929950001,-8.732012048999934],[116.46258564400011,-8.74126939599995],[116.47114631500006,-8.747511735999979],[116.48250872300002,-8.74608601899996],[116.48247986600006,-8.747356176999972],[116.4848307850001,-8.748302988999967],[116.49449133000007,-8.74737754399996],[116.49364051400005,-8.748408880999932],[116.49435494700003,-8.750493646999928],[116.49712226000008,-8.750415123999971],[116.49798838400011,-8.753536976999953],[116.50216671800001,-8.754207984999937],[116.50435106300006,-8.756359017999955],[116.50586402200008,-8.75369902899996],[116.50383602800002,-8.748400044999926],[116.50901515200007,-8.744420098999967],[116.5124150050001,-8.743760977999955],[116.52196199000002,-8.747093036999956],[116.52392997700008,-8.74695399199993],[116.52687102000004,-8.74433102599994],[116.52728200500007,-8.74752700099998],[116.52982700500002,-8.750683037999977],[116.52767697500008,-8.755995970999948],[116.53082196900004,-8.757452021999939],[116.53279800000007,-8.760280971999975],[116.536778991,-8.761114034999935],[116.53856100700011,-8.758577005999939],[116.53891204000001,-8.759443017999956],[116.53633201700006,-8.762810963999925],[116.52464200000009,-8.770873980999966],[116.51936897000007,-8.778014032999977],[116.51764303000004,-8.778464977999931],[116.5143078540001,-8.776486495999961],[116.51152563300002,-8.778401753999958],[116.50560906900012,-8.788361418999955],[116.50641349700004,-8.79307877499997],[116.50493002300004,-8.797240017999968],[116.50310701000001,-8.798045973999933],[116.50053298400007,-8.795016954999937],[116.50014097600001,-8.79056600299998],[116.50168203300007,-8.78354197599998],[116.50159925500009,-8.783552120999957]]],[[[116.52019726200001,-8.817793217999963],[116.52024501100004,-8.817746030999956],[116.52039196900012,-8.817691959999934],[116.52050098300003,-8.81769897199996],[116.52071101900003,-8.817979030999936],[116.52079899300008,-8.81813703499995],[116.52079700900003,-8.818222036999941],[116.52068598500011,-8.818261955999958],[116.52048699500006,-8.81819595899998],[116.52029201000005,-8.818106003999958],[116.52020900500008,-8.81798996599997],[116.52015499400011,-8.817834989999938],[116.52019726200001,-8.817793217999963]]],[[[116.53345102800006,-8.81486598999993],[116.53442700800008,-8.81675801199998],[116.53336202700007,-8.816538029999947],[116.5316740070001,-8.819549977999941],[116.52943802400011,-8.816077999999948],[116.53317190900009,-8.814824175999945],[116.53345102800006,-8.81486598999993]]],[[[116.52160998400007,-8.816860015999964],[116.52061198100012,-8.816981005999935],[116.52092099800007,-8.815684990999955],[116.52176606100011,-8.81691898799994],[116.52160998400007,-8.816860015999964]]],[[[116.52707601200007,-8.80560698599993],[116.52776299800007,-8.804223990999958],[116.52807398300001,-8.805546022999977],[116.527145012,-8.80565102199995],[116.52707601200007,-8.80560698599993]]]]}},{"type":"Feature","properties":{"kode_kec":"52.03.02","kecamatan":"Sakra","kab_kota":"Lombok Timur"},"geometry":{"type":"Polygon","coordinates":[[[116.45484031700005,-8.696121017999928],[116.45518215400011,-8.700058025999965],[116.44900200500001,-8.699990027999945],[116.44189703500001,-8.697791004999942],[116.44011299800002,-8.695066990999976],[116.43899299600002,-8.696587999999963],[116.43641996500003,-8.696398005999981],[116.4355730210001,-8.69490701199993],[116.43353800300008,-8.694888979999973],[116.43276596500004,-8.692344042999935],[116.43029596500003,-8.694531016999974],[116.43345656100007,-8.69153861999996],[116.4336564350001,-8.694379695999942],[116.43655461900005,-8.694479633999947],[116.43654034200006,-8.692181073999961],[116.43866789700007,-8.691606843999978],[116.43735296600005,-8.690150958999936],[116.43813701600004,-8.68792003599998],[116.43502267800011,-8.687273927999968],[116.43492501500009,-8.679195956999934],[116.44896597900004,-8.673990992999961],[116.45462196800008,-8.674883972999964],[116.4706670060001,-8.66830512599995],[116.47195398200006,-8.667288042999928],[116.47102300600011,-8.663170001999958],[116.46964496400005,-8.662325009999961],[116.46938003100001,-8.663438020999934],[116.46711503200004,-8.663077036999937],[116.46542899700012,-8.658170011999971],[116.46908576100009,-8.655284008999956],[116.4741670090001,-8.65727140499996],[116.47584452900003,-8.65675982099998],[116.47780282500003,-8.658718117999967],[116.48082796800009,-8.657619352999973],[116.48199203700005,-8.660779027999979],[116.48363455700007,-8.660919074999981],[116.48559518900004,-8.660093578999977],[116.48600660200009,-8.657961434999947],[116.48678248400006,-8.65867257399998],[116.48819511200008,-8.655077092999932],[116.49195055100006,-8.656671561999929],[116.49794620000011,-8.653417931999968],[116.49982001100011,-8.651104962999966],[116.50156100800007,-8.651019967999957],[116.50350202200002,-8.653810022999949],[116.50669954500006,-8.653374550999956],[116.50842557900012,-8.658924680999974],[116.50674739700003,-8.661361530999955],[116.50649968300002,-8.66598597899997],[116.50920796600008,-8.668626987999971],[116.51092878400004,-8.674442188999933],[116.50763801200003,-8.674862979999943],[116.49874302500007,-8.679613033999942],[116.49087102300007,-8.68008198299998],[116.48967702000004,-8.682576000999973],[116.49253998200004,-8.690418977999968],[116.49518697000008,-8.691922013999942],[116.49691399100004,-8.69633098199995],[116.4989989820001,-8.693287031999944],[116.501019584,-8.694415843999934],[116.49877624100009,-8.69583384699996],[116.49775183200006,-8.698385336999934],[116.49957341700008,-8.700430276999953],[116.49754161700002,-8.702719625999976],[116.49790391500005,-8.70453093599997],[116.49126699300007,-8.703655044999948],[116.48586697100006,-8.706819995999979],[116.48072203700008,-8.703070003999926],[116.47928697600003,-8.69753198799998],[116.47525399000006,-8.700021965999952],[116.47309400900008,-8.699336956999957],[116.47278801900006,-8.700634026999978],[116.47155099800011,-8.698924988999977],[116.47009499300009,-8.699542125999926],[116.46563096700004,-8.697877123999945],[116.46437602200001,-8.69952905699995],[116.46148498500008,-8.699336070999948],[116.4571279810001,-8.697143102999974],[116.45582810300004,-8.694742980999933],[116.45499402400003,-8.69576001799993],[116.45484031700005,-8.696121017999928]]]}},{"type":"Feature","properties":{"kode_kec":"52.03.18","kecamatan":"Sakra Timur","kab_kota":"Lombok Timur"},"geometry":{"type":"Polygon","coordinates":[[[116.55254102900005,-8.73471602099994],[116.55341400400005,-8.736345986999936],[116.55239401400001,-8.74094501299993],[116.54566700500004,-8.75102901799994],[116.54603700400003,-8.752735984999958],[116.536778991,-8.761114034999935],[116.53207199600001,-8.759979029999954],[116.5311340180001,-8.757730030999937],[116.52756899700012,-8.75577599899998],[116.52980603600008,-8.750426007999977],[116.52728200500007,-8.74752700099998],[116.52687102000004,-8.74433102599994],[116.52234497600011,-8.74063803599995],[116.52189201600004,-8.73782596999996],[116.51840955900002,-8.73395641199994],[116.5161560040001,-8.73437798599997],[116.51233997100007,-8.731699968999976],[116.50933047500007,-8.73244871999998],[116.50799496400009,-8.730462964999958],[116.50533597200001,-8.730262006999965],[116.50226201200007,-8.726929961999929],[116.50012403400001,-8.726733992999925],[116.4952880190001,-8.720553994999932],[116.49137399800009,-8.71183896599996],[116.48825100500005,-8.708602971999937],[116.4880820190001,-8.706032982999943],[116.49036101200011,-8.703904957999953],[116.49790391500005,-8.70453093599997],[116.49754161700002,-8.702719625999976],[116.49957341700008,-8.700430276999953],[116.49775183200006,-8.698385336999934],[116.49877624100009,-8.69583384699996],[116.501019584,-8.694415843999934],[116.4989989820001,-8.693287031999944],[116.49691399100004,-8.69633098199995],[116.49518697000008,-8.691922013999942],[116.49288303600008,-8.690932989999965],[116.48968300600006,-8.682804978999968],[116.49058097900001,-8.680229992999955],[116.49874302500007,-8.679613033999942],[116.50763801200003,-8.674862979999943],[116.51092878400004,-8.674442188999933],[116.51200244300003,-8.676331894999976],[116.51105164900002,-8.678821340999946],[116.51632400400001,-8.68238301699995],[116.5170821800001,-8.681685100999971],[116.52434197200012,-8.68864902799993],[116.52793619700003,-8.686369515999957],[116.5304073530001,-8.688164127999926],[116.54011302600009,-8.684612994999952],[116.54187402900004,-8.68503299699995],[116.5456030250001,-8.699663989999976],[116.54454496300002,-8.70899097299997],[116.54971497400004,-8.711211970999955],[116.55290486600006,-8.71964182299996],[116.55719007800008,-8.720049898999946],[116.55282900300006,-8.726881043999981],[116.55233300100008,-8.734589984999957],[116.55254102900005,-8.73471602099994]]]}},{"type":"Feature","properties":{"kode_kec":"52.03.19","kecamatan":"Sakra Barat","kab_kota":"Lombok Timur"},"geometry":{"type":"Polygon","coordinates":[[[116.47573748500008,-8.747150057999932],[116.47114631500006,-8.747511735999979],[116.46258564400011,-8.74126939599995],[116.4640929950001,-8.732012048999934],[116.44371692000004,-8.728851675999977],[116.44337951200009,-8.72665984899993],[116.44631188200003,-8.723277107999934],[116.44533319200002,-8.721108865999952],[116.43261076600004,-8.714610096999934],[116.43355108100002,-8.701634842999965],[116.43196282200006,-8.701898817999961],[116.43028698600006,-8.694529734999946],[116.43245202100002,-8.692465022999954],[116.43353800300008,-8.694888979999973],[116.4355730210001,-8.69490701199993],[116.43641996500003,-8.696398005999981],[116.43899299600002,-8.696587999999963],[116.44011299800002,-8.695066990999976],[116.44189703500001,-8.697791004999942],[116.44900200500001,-8.699990027999945],[116.45518215400011,-8.700058025999965],[116.45468896900002,-8.696785961999979],[116.45582810300004,-8.694742980999933],[116.4571279810001,-8.697143102999974],[116.46148498500008,-8.699336070999948],[116.46437602200001,-8.69952905699995],[116.46563096700004,-8.697877123999945],[116.47009499300009,-8.699542125999926],[116.47155099800011,-8.698924988999977],[116.47278801900006,-8.700634026999978],[116.47309400900008,-8.699336956999957],[116.47525399000006,-8.700021965999952],[116.47928697600003,-8.69753198799998],[116.48132900900009,-8.703913009999951],[116.48586697100006,-8.706819995999979],[116.48870701400006,-8.706481001999975],[116.48843403500007,-8.708949023999935],[116.49137399800009,-8.71183896599996],[116.4952880190001,-8.720553994999932],[116.50012403400001,-8.726733992999925],[116.50226201200007,-8.726929961999929],[116.50533597200001,-8.730262006999965],[116.50799496400009,-8.730462964999958],[116.50933047500007,-8.73244871999998],[116.51233997100007,-8.731699968999976],[116.5161560040001,-8.73437798599997],[116.51840955900002,-8.73395641199994],[116.52212000500003,-8.73816302199998],[116.5224219910001,-8.740733986999942],[116.52687102000004,-8.74433102599994],[116.52392997700008,-8.74695399199993],[116.52196199000002,-8.747093036999956],[116.5124150050001,-8.743760977999955],[116.50901515200007,-8.744420098999967],[116.50383602800002,-8.748400044999926],[116.50586402200008,-8.75369902899996],[116.50435106300006,-8.756359017999955],[116.50216671800001,-8.754207984999937],[116.49798838400011,-8.753536976999953],[116.49712226000008,-8.750415123999971],[116.49435494700003,-8.750493646999928],[116.49364051400005,-8.748408880999932],[116.49449133000007,-8.74737754399996],[116.489766196,-8.748577386999955],[116.4848307850001,-8.748302988999967],[116.48247986600006,-8.747356176999972],[116.48250872300002,-8.74608601899996],[116.47595256200009,-8.747039413999971],[116.47573748500008,-8.747150057999932]]]}},{"type":"Feature","properties":{"kode_kec":"52.03.16","kecamatan":"Suwela","kab_kota":"Lombok Timur"},"geometry":{"type":"Polygon","coordinates":[[[116.59668000900001,-8.551199035999957],[116.58962026100005,-8.552727881999942],[116.58630848600001,-8.550921283999969],[116.581865719,-8.545109133999972],[116.57470696300004,-8.549633015999973],[116.57005384600006,-8.544139332999976],[116.56860000100005,-8.538556994999965],[116.56257199700008,-8.532927980999943],[116.56008001300006,-8.524194025999975],[116.55325500700008,-8.510186973999964],[116.55746975900001,-8.503053459999933],[116.5457506030001,-8.492790949999971],[116.5444138040001,-8.484288247999928],[116.54130683900007,-8.479043446999981],[116.541655031,-8.47571004599996],[116.5329772660001,-8.46166797099994],[116.53126098100006,-8.455417956999952],[116.53247598400003,-8.447360996999976],[116.52991200400004,-8.442550009999934],[116.52998298300008,-8.432478023999977],[116.53040498000007,-8.424671961999934],[116.53215699000009,-8.422045998999977],[116.54593901400006,-8.417597968999928],[116.54782201300009,-8.418806961999962],[116.54966697200007,-8.423774007999953],[116.55553696300001,-8.427321039999981],[116.56717597000011,-8.425754997999945],[116.56913400600001,-8.424438007999981],[116.5707830020001,-8.420514035999929],[116.57649398400008,-8.423439042999973],[116.58466699200005,-8.423935022999956],[116.58775900900002,-8.427148017999968],[116.59521152700006,-8.428194842999972],[116.59897512100008,-8.43125688799995],[116.60690843600003,-8.441360390999932],[116.6066736030001,-8.443585688999974],[116.6129017830001,-8.446311314999946],[116.61508987800005,-8.445495725999933],[116.61767348000001,-8.448093962999963],[116.62526356900003,-8.449313250999978],[116.62615351000011,-8.451535729999932],[116.62863519700011,-8.452369703999977],[116.62935921100006,-8.455423233999966],[116.63513618500008,-8.456157847999975],[116.63970990700011,-8.45892491099994],[116.64033247000009,-8.462238003999971],[116.63573198400002,-8.478621006999958],[116.63307098000007,-8.499464982999939],[116.63300704200003,-8.500971141999969],[116.63709460200005,-8.50442544799995],[116.62836195000011,-8.52005885899996],[116.62505428300005,-8.523860629999945],[116.62690098100006,-8.52469760799994],[116.6231915410001,-8.529542637999953],[116.62033569200003,-8.537413460999971],[116.62197796300006,-8.546834613999977],[116.61522166300006,-8.550761747999957],[116.60766610500002,-8.551234745999977],[116.601920715,-8.555753719999927],[116.59764296900005,-8.550296978999938],[116.59677663000002,-8.55110852599995],[116.59668000900001,-8.551199035999957]]]}},{"type":"Feature","properties":{"kode_kec":"52.03.17","kecamatan":"Labuhan Haji","kab_kota":"Lombok Timur"},"geometry":{"type":"Polygon","coordinates":[[[116.55920403200003,-8.71703800399996],[116.55607795800006,-8.720712634999927],[116.55290486600006,-8.71964182299996],[116.54971497400004,-8.711211970999955],[116.54454496300002,-8.70899097299997],[116.5456030250001,-8.699663989999976],[116.5418480300001,-8.684962971999937],[116.54491099100005,-8.686450978999972],[116.55505398700006,-8.686785971999939],[116.5568467280001,-8.682842592999975],[116.5544950200001,-8.678103000999954],[116.55618599400009,-8.675468984999952],[116.55225876600002,-8.671184043999972],[116.55483538200008,-8.66853505399996],[116.55421738400003,-8.66563726399994],[116.55564379900011,-8.662067579999928],[116.55661128800011,-8.662285044999976],[116.55965601800006,-8.658472959999926],[116.56109899,-8.652940023999975],[116.56467002500005,-8.647628981999958],[116.5639177160001,-8.644224245999965],[116.56951974800006,-8.641080731999978],[116.5760156770001,-8.643531576999976],[116.57990691000009,-8.642965888999981],[116.58704923800008,-8.640206279999973],[116.59157021400006,-8.636137401999974],[116.58863699500012,-8.630118997999944],[116.58088760500004,-8.624111748999951],[116.57677579300002,-8.623503784999969],[116.57565289000001,-8.621383142999946],[116.57921603700004,-8.615687957999967],[116.58365292500002,-8.611517272999947],[116.58838050600002,-8.600142213999959],[116.59283101900007,-8.595725971999968],[116.59957732100008,-8.598374779999972],[116.60239653800011,-8.595037289999937],[116.605985583,-8.596160269999928],[116.61743808300002,-8.60846937599996],[116.62161403800008,-8.607588975999931],[116.62318277700001,-8.60556417999993],[116.62460997000005,-8.610814005999941],[116.62014734900004,-8.622436258999926],[116.62062999400007,-8.626535031999936],[116.61296921900009,-8.636444645999973],[116.61202516800006,-8.64008492399995],[116.60380301200007,-8.648767960999976],[116.59811602900004,-8.65808435699995],[116.58552710100003,-8.668566818999977],[116.57961470600003,-8.68222712499994],[116.57907694700009,-8.686452370999973],[116.58070302700003,-8.686823680999964],[116.57937783600005,-8.688078450999967],[116.5799283980001,-8.688942705999978],[116.578504382,-8.689331934999927],[116.57382863400005,-8.697116921999964],[116.57987541900002,-8.70096647899993],[116.57575657200005,-8.698477562999926],[116.57420754300006,-8.700868920999937],[116.57724135600006,-8.702774868999938],[116.578876046,-8.702110999999945],[116.57723421800006,-8.702896221999936],[116.57215007100001,-8.699712424999973],[116.57035599500011,-8.70440999799996],[116.55951099700007,-8.716591991999962],[116.55920403200003,-8.71703800399996]]]}},{"type":"Feature","properties":{"kode_kec":"52.03.10","kecamatan":"Sambelia","kab_kota":"Lombok Timur"},"geometry":{"type":"MultiPolygon","coordinates":[[[[116.71406701600006,-8.40861803699994],[116.71032403700008,-8.414921996999965],[116.71401492400003,-8.423694454999975],[116.7092230180001,-8.428384021999932],[116.7098678640001,-8.430948606999948],[116.71090531300001,-8.430937330999939],[116.70937545200002,-8.432437120999964],[116.71137299100008,-8.442488982999976],[116.69781797900009,-8.451407035999978],[116.69676496900001,-8.45044102099996],[116.69693700700009,-8.44654498999995],[116.6904659920001,-8.443582019999951],[116.69232897000006,-8.442453967999938],[116.68674702700002,-8.442516014999967],[116.68271199500009,-8.439584974999946],[116.67889241600005,-8.438797444999977],[116.67112942500012,-8.427697259999945],[116.66717803300003,-8.426750679999941],[116.66616081300003,-8.425340849999941],[116.66002180300006,-8.431854623999925],[116.66168742600007,-8.433921780999981],[116.66031031300008,-8.435019307999937],[116.6607264160001,-8.43641482299995],[116.6487630260001,-8.433887023999944],[116.64885596500005,-8.431669043999932],[116.64235099600012,-8.42787698899997],[116.63595598400002,-8.426148986999976],[116.6321880160001,-8.422598043999926],[116.62593299600007,-8.421563999999933],[116.6216990150001,-8.418195010999966],[116.62140798000007,-8.416071988999931],[116.61930803300004,-8.414041992999955],[116.61673897200001,-8.413864960999945],[116.61251197000001,-8.41584899399993],[116.60520698500011,-8.41267204299993],[116.60322802300004,-8.41359898099995],[116.60003296500008,-8.412889008999969],[116.59416201200008,-8.416382031999945],[116.58989996300011,-8.421793008999941],[116.58484999200004,-8.423926986999959],[116.57649398400008,-8.423439042999973],[116.5707830020001,-8.420514035999929],[116.57631396400006,-8.414230973999963],[116.5771539860001,-8.410715032999974],[116.57260903100007,-8.40127598099997],[116.572758969,-8.39320500499997],[116.56996003400002,-8.384953029999963],[116.56447099000002,-8.381271001999949],[116.56496400800006,-8.378324969999937],[116.56075770300004,-8.36334967299996],[116.56142698500003,-8.356244025999956],[116.55678196300005,-8.353307016999963],[116.55316801200001,-8.348532980999948],[116.54720400500003,-8.345311954999943],[116.5345703810001,-8.349553451999952],[116.54291597400004,-8.342710977999957],[116.54075681800009,-8.337623805999954],[116.52526790700006,-8.32949266299994],[116.5192377950001,-8.328922717999944],[116.51503102000004,-8.320006957999965],[116.51535500000011,-8.316811012999949],[116.51305096300007,-8.312166022999975],[116.51120596400006,-8.300285981999934],[116.50831003100006,-8.294466969999974],[116.50507401000004,-8.291042986999969],[116.51137652800003,-8.271266073999925],[116.5067224180001,-8.270691976999956],[116.50153374000001,-8.265360696999949],[116.4967902730001,-8.264277823999976],[116.49776402100008,-8.259904974999927],[116.5034789770001,-8.254361974999938],[116.50893996800005,-8.255726013999947],[116.52389003500002,-8.252961981999931],[116.53179299300007,-8.254098995999925],[116.54451602800009,-8.258888989999946],[116.55120099300007,-8.263018036999938],[116.5603000320001,-8.26377701499996],[116.57820996700002,-8.268971988999965],[116.58924697600003,-8.274153027999944],[116.59374397600004,-8.278501968999933],[116.5995349640001,-8.281213956999977],[116.608496005,-8.282768989999965],[116.62203470300005,-8.280277973999944],[116.62647732000005,-8.28235774899997],[116.65068499600011,-8.288325973999974],[116.65939902900004,-8.293988996999929],[116.6598919270001,-8.295865822999929],[116.66413797400003,-8.299445029999958],[116.6657579670001,-8.304918029999953],[116.67353772000001,-8.30941185599994],[116.6743039910001,-8.312253999999939],[116.68455202500002,-8.322491018999926],[116.69272212400006,-8.333942909999962],[116.68908400300006,-8.330876954999951],[116.68851997000002,-8.33284300799994],[116.70312430400008,-8.337276263999968],[116.71511502400006,-8.346467957999948],[116.71834897300005,-8.347469028999967],[116.71598300900007,-8.354437036999968],[116.72448503100009,-8.366511981999963],[116.72368698000002,-8.37954501799993],[116.72491325700003,-8.382872360999954],[116.72223298900008,-8.39697296199995],[116.71419001900006,-8.408485717999952],[116.71406701600006,-8.40861803699994]]],[[[116.6977200020001,-8.28464799699998],[116.7118449730001,-8.299592983999958],[116.71139302200004,-8.304983016999927],[116.70525502300006,-8.309538957999962],[116.70238801700009,-8.309072985999933],[116.70164302900002,-8.305469965999976],[116.69464497500007,-8.296530993999966],[116.69170903700001,-8.293854040999975],[116.6884540210001,-8.294007963999945],[116.68591698700004,-8.291387984999972],[116.68554098700008,-8.286427986999968],[116.69007301300007,-8.280608989999962],[116.69225901900006,-8.280287015999932],[116.6977199690001,-8.284647966999955],[116.6977200020001,-8.28464799699998]]],[[[116.73184301600008,-8.45054700999998],[116.73070496800005,-8.45034302299996],[116.73204403000011,-8.450070016999973],[116.73184301600008,-8.45054700999998]]],[[[116.73075201900008,-8.44698297399998],[116.73274998500005,-8.442887040999949],[116.73281003000011,-8.446199956999976],[116.73144901,-8.448564964999946],[116.73089096900003,-8.447427010999945],[116.73075201900008,-8.44698297399998]]],[[[116.74800359400001,-8.444188698999938],[116.74909003000005,-8.444420031999925],[116.74799500200004,-8.444193966999933],[116.74800359400001,-8.444188698999938]]],[[[116.73688176500002,-8.44157354899994],[116.73630097900002,-8.440226971999948],[116.73776802400005,-8.438952018999942],[116.74018797200006,-8.440019035999967],[116.73833802000001,-8.442261026999972],[116.73711503700008,-8.441736955999943],[116.73688176500002,-8.44157354899994]]],[[[116.75340600200002,-8.428487964999931],[116.75010801500002,-8.429436977999956],[116.7527430350001,-8.427261980999958],[116.75195897100002,-8.425650035999979],[116.7534195930001,-8.428468227999929],[116.75340600200002,-8.428487964999931]]],[[[116.74801898600003,-8.424054977999958],[116.74899498600007,-8.42501203699993],[116.74784297300005,-8.424957038999935],[116.74808701500001,-8.423916023999936],[116.74801898600003,-8.424054977999958]]],[[[116.7548223450001,-8.418053658999952],[116.75468698000009,-8.420989040999928],[116.75408999600006,-8.417178030999935],[116.75422698600005,-8.42265600199994],[116.75146600300002,-8.421562992999952],[116.75190703600003,-8.416750983999975],[116.7538710020001,-8.41666295999994],[116.75477897200005,-8.41792940299996],[116.7548223450001,-8.418053658999952]]],[[[116.7208620020001,-8.312234997999951],[116.72979803600003,-8.323137956999972],[116.7421999930001,-8.334704031999934],[116.74398803600002,-8.338376026999981],[116.74352597000006,-8.345380984999963],[116.73933198300006,-8.34455701099995],[116.72585503200003,-8.337272997999946],[116.72445101300002,-8.332251003999943],[116.7161590070001,-8.33108696599993],[116.71336502000008,-8.326882011999942],[116.7121769800001,-8.327549011999963],[116.7097680070001,-8.325228969999955],[116.7073130010001,-8.318883996999944],[116.70773400100006,-8.313530036999964],[116.70990897500008,-8.31154098199994],[116.71748799000011,-8.309723994999956],[116.72034618100008,-8.31166479999996],[116.7208620020001,-8.312234997999951]]]]}},{"type":"Feature","properties":{"kode_kec":"52.03.11","kecamatan":"Montong Gading","kab_kota":"Lombok Timur"},"geometry":{"type":"Polygon","coordinates":[[[116.4096507800001,-8.621252517999949],[116.40604496000003,-8.620543383999973],[116.40576806500007,-8.622316249999926],[116.40465982900002,-8.620591493999939],[116.40047507400004,-8.619223785999964],[116.3986999550001,-8.616512013999966],[116.39829931200006,-8.617449484999952],[116.39686202700011,-8.616420034999976],[116.3976447770001,-8.613816747999977],[116.39430887000003,-8.616803968999932],[116.39200048900011,-8.61648731899993],[116.39166097600003,-8.611842235999973],[116.38882228800003,-8.603828104999934],[116.38964033700006,-8.592230007999945],[116.38465347200008,-8.593928356999982],[116.38269755500005,-8.597554655999943],[116.37792761800006,-8.596819190999952],[116.37706842500006,-8.594654970999954],[116.37740696200001,-8.587597754999933],[116.37985720000006,-8.581452601999956],[116.37919568400002,-8.57557462799997],[116.38076825700011,-8.562104270999953],[116.38117525500002,-8.549998898999945],[116.3794931330001,-8.530568609999932],[116.37998433700011,-8.526274287999968],[116.38153649100002,-8.52473591699993],[116.3839125290001,-8.51674655599993],[116.38292047000004,-8.507249504999947],[116.38421930300001,-8.490697250999972],[116.39165846200001,-8.483101015999978],[116.39360996500011,-8.478158248999932],[116.39732815800005,-8.475514886999974],[116.39917939400004,-8.472201304999942],[116.40151755000011,-8.471252705999973],[116.40351157500004,-8.468034760999956],[116.4042029740001,-8.47129997299993],[116.40144802500004,-8.485879986999976],[116.40195398700007,-8.491258012999936],[116.40942103200007,-8.517276954999943],[116.4064559730001,-8.527049016999968],[116.40751161200001,-8.54148478199994],[116.40616003200012,-8.547745014999975],[116.41165000100011,-8.560362959999964],[116.4125870360001,-8.566339004999975],[116.41086302100007,-8.569180040999981],[116.412262811,-8.573275635999948],[116.41130733600005,-8.576532337999936],[116.41589955800009,-8.585016590999942],[116.41252317600004,-8.584151776999931],[116.41238670400003,-8.585338554999964],[116.41107998700011,-8.584513328999947],[116.40980003600009,-8.58531002899997],[116.41139296500012,-8.591540007999981],[116.4126927740001,-8.593361628999958],[116.41475113100012,-8.592690427999969],[116.41779799200003,-8.598980005999977],[116.42526200300006,-8.620361997999964],[116.42086699100003,-8.623487977999957],[116.41704999500007,-8.623153036999952],[116.4163459670001,-8.62024202699996],[116.40980259900005,-8.621195948999969],[116.4096507800001,-8.621252517999949]]]}},{"type":"Feature","properties":{"kode_kec":"52.03.14","kecamatan":"Wanasaba","kab_kota":"Lombok Timur"},"geometry":{"type":"Polygon","coordinates":[[[116.55977342200003,-8.58170314399996],[116.5592319750001,-8.57900800899995],[116.55595496800004,-8.575514032999934],[116.55412998800011,-8.577036972999963],[116.54856299000005,-8.57756703399997],[116.54522596400011,-8.574104009999928],[116.54802171100005,-8.568265770999972],[116.55429303300002,-8.560959991999937],[116.54871903500009,-8.558280992999926],[116.54623900000001,-8.553916018999928],[116.54225998400011,-8.53993238299995],[116.53915872200002,-8.537655221999955],[116.53792960100009,-8.533612692999952],[116.53330700000004,-8.528270004999968],[116.52591125100003,-8.522821232999945],[116.52430698800003,-8.51766499599995],[116.52463497000008,-8.51337504099996],[116.51787200900003,-8.506066970999939],[116.51457996500005,-8.500000966999949],[116.51279796600011,-8.499878014999979],[116.50971100800007,-8.49134597699998],[116.50427300700005,-8.485535011999957],[116.50046602000009,-8.468196029999945],[116.4973750150001,-8.467263965999962],[116.49722398900008,-8.462879009999938],[116.49525800200001,-8.45864101899997],[116.49560497400012,-8.446892034999962],[116.49999997600003,-8.44973297699994],[116.50958400800005,-8.441407994999963],[116.51882297100008,-8.440243013999975],[116.52100997800005,-8.441677955999978],[116.52605399700008,-8.449410971999953],[116.53165100700005,-8.449917976999927],[116.53118900600009,-8.454910998999935],[116.5329772660001,-8.46166797099994],[116.541655031,-8.47571004599996],[116.54130683900007,-8.479043446999981],[116.5444138040001,-8.484288247999928],[116.54494022800009,-8.491234210999949],[116.55187005700009,-8.499098656999934],[116.55746975900001,-8.503053459999933],[116.55325500700008,-8.510186973999964],[116.56008001300006,-8.524194025999975],[116.56257199700008,-8.532927980999943],[116.56860000100005,-8.538556994999965],[116.57005384600006,-8.544139332999976],[116.57203064600003,-8.545256234999954],[116.57374700100002,-8.548938977999967],[116.5788457220001,-8.552988138999979],[116.58555601100011,-8.565556129999948],[116.5853347210001,-8.56985700499996],[116.58846250700003,-8.570238089999975],[116.58946601900004,-8.575852987999951],[116.58744038000009,-8.588796220999939],[116.59107203600001,-8.589549576999957],[116.59297499400009,-8.595076006999932],[116.58838050600002,-8.600142213999959],[116.58485431200006,-8.608494636999978],[116.58082796200006,-8.607772108999939],[116.57465393000007,-8.601382332999947],[116.57541416800007,-8.596032115999947],[116.56920020500002,-8.592405816999928],[116.56774020000012,-8.587140911999938],[116.56408003700005,-8.586388967999937],[116.56185651500004,-8.582737463999933],[116.55981698500011,-8.581734618999974],[116.55977342200003,-8.58170314399996]]]}},{"type":"Feature","properties":{"kode_kec":"52.03.15","kecamatan":"Sembalun","kab_kota":"Lombok Timur"},"geometry":{"type":"Polygon","coordinates":[[[116.56136400900004,-8.358314961999952],[116.56075770300004,-8.36334967299996],[116.56496400800006,-8.378324969999937],[116.56447099000002,-8.381271001999949],[116.56996003400002,-8.384953029999963],[116.572758969,-8.39320500499997],[116.57260903100007,-8.40127598099997],[116.57677996400002,-8.409438983999962],[116.57699397800002,-8.41308004299998],[116.56717597000011,-8.425754997999945],[116.55521801400005,-8.427259998999943],[116.54966697200007,-8.423774007999953],[116.54782201300009,-8.418806961999962],[116.54593901400006,-8.417597968999928],[116.53215699000009,-8.422045998999977],[116.53040498000007,-8.424671961999934],[116.52998298300008,-8.432478023999977],[116.52991200400004,-8.442550009999934],[116.53247598400003,-8.447360996999976],[116.53165100700005,-8.449917976999927],[116.52605399700008,-8.449410971999953],[116.52100997800005,-8.441677955999978],[116.51882297100008,-8.440243013999975],[116.50958400800005,-8.441407994999963],[116.50065297200001,-8.449309956999969],[116.49812097000006,-8.448983968999926],[116.49560497400012,-8.446892034999962],[116.49473901700003,-8.440805041999965],[116.48960697900009,-8.428962960999968],[116.48397299300007,-8.423361038999928],[116.47477302700008,-8.421082990999935],[116.46600801300008,-8.415888005999932],[116.46259499100006,-8.41875798999996],[116.45903592200011,-8.419062604999965],[116.45464999500007,-8.422877042999971],[116.44815197100002,-8.421975954999937],[116.43549296600008,-8.423516004999954],[116.41647901500005,-8.43508296999994],[116.41037199700008,-8.435810032999939],[116.40626734700004,-8.434531078999953],[116.40941496900007,-8.427793828999938],[116.41825512100002,-8.421359929999937],[116.42364435400009,-8.411066949999963],[116.42037672600009,-8.404284152999935],[116.42149525000002,-8.399121712999943],[116.4193180850001,-8.392865957999959],[116.41993912700002,-8.389881483999943],[116.43024292300004,-8.381691632999946],[116.43358855700001,-8.374385471999972],[116.43697797800007,-8.37251306099995],[116.44101370100009,-8.366533406999963],[116.44058966400007,-8.363406519999955],[116.45102491700004,-8.355128527999966],[116.45203672000002,-8.348147462999975],[116.45599456500008,-8.343130820999932],[116.45737360400005,-8.33822061899997],[116.4598298090001,-8.338163296999937],[116.46305390900011,-8.336096870999938],[116.46529036900006,-8.331821222999963],[116.46743323600003,-8.33063157099997],[116.46760899600008,-8.319556073999934],[116.47033372700002,-8.313514614999974],[116.46952275500007,-8.310071560999972],[116.47235284600004,-8.306602639999937],[116.47290612000006,-8.303230166999981],[116.46941966000009,-8.294985508999957],[116.47145343500006,-8.281474328999934],[116.46986097900003,-8.273639514999957],[116.47164632400006,-8.269110682999951],[116.47717062900006,-8.264162817999932],[116.47740417000011,-8.261525388999928],[116.4809957870001,-8.259080446999974],[116.48167122300003,-8.257099208999932],[116.48280539200005,-8.257267412999965],[116.48302551500001,-8.255229929999928],[116.4848406640001,-8.254981501999964],[116.48535077300005,-8.252615817999981],[116.48834694300001,-8.25049979299996],[116.48992630900011,-8.247408182999948],[116.4939229260001,-8.24553096699998],[116.49541817200009,-8.248100916999931],[116.5034789770001,-8.254361974999938],[116.49691803400003,-8.261151972999926],[116.4967902730001,-8.264277823999976],[116.50153374000001,-8.265360696999949],[116.5067224180001,-8.270691976999956],[116.51137652800003,-8.271266073999925],[116.50507401000004,-8.291042986999969],[116.50831003100006,-8.294466969999974],[116.51120596400006,-8.300285981999934],[116.51305096300007,-8.312166022999975],[116.51535500000011,-8.316811012999949],[116.51503102000004,-8.320006957999965],[116.5192377950001,-8.328922717999944],[116.52526790700006,-8.32949266299994],[116.54075681800009,-8.337623805999954],[116.54291597400004,-8.342710977999957],[116.5345703810001,-8.349553451999952],[116.54720400500003,-8.345311954999943],[116.55316801200001,-8.348532980999948],[116.56149902100003,-8.357258039999977],[116.56136400900004,-8.358314961999952]]]}},{"type":"Feature","properties":{"kode_kec":"52.03.12","kecamatan":"Pringgasela","kab_kota":"Lombok Timur"},"geometry":{"type":"Polygon","coordinates":[[[116.4992790550001,-8.604250732999958],[116.50379954700009,-8.608657129999926],[116.50543659100003,-8.613004859999933],[116.49495100100012,-8.621098037999957],[116.49046603600004,-8.609008012999936],[116.4881574630001,-8.60897145599995],[116.48487383800011,-8.604009493999968],[116.47833299900003,-8.608680031999938],[116.47451497000009,-8.607236984999929],[116.47333403100004,-8.603535035999926],[116.4710498710001,-8.602347527999939],[116.47045598600005,-8.603193959999942],[116.46946397700003,-8.602049007999938],[116.46401201300012,-8.605904015999954],[116.46164602100009,-8.603648990999943],[116.46144602400011,-8.599767973999974],[116.45761998100011,-8.594957033999947],[116.45258103300011,-8.59230499499995],[116.45070898000006,-8.586323972999935],[116.45156300500003,-8.582462991999932],[116.44896297200012,-8.570128996999927],[116.44683897900006,-8.568829006999977],[116.44421400800002,-8.562526032999926],[116.44515089000004,-8.558737410999981],[116.43535836000001,-8.56167273799997],[116.43373843300003,-8.558543979999968],[116.43376401400008,-8.553893628999958],[116.43121482100003,-8.554998931999933],[116.43400300700011,-8.545047030999967],[116.43196201400008,-8.541860983999982],[116.43193196600009,-8.530562017999955],[116.42694702900008,-8.519492968999941],[116.42543800200008,-8.509526028999971],[116.42629602700003,-8.497905981999963],[116.42920102700009,-8.490387962999932],[116.42854698100007,-8.471803960999978],[116.42133900500005,-8.457685993999974],[116.41984297700003,-8.457500023999955],[116.41767102400001,-8.454635030999953],[116.41494101600006,-8.447561006999933],[116.41625797500001,-8.435131020999961],[116.43433898100011,-8.424211024999977],[116.43439999800012,-8.432787042999962],[116.43748798000001,-8.444038019999937],[116.443622989,-8.447376990999942],[116.44770498900004,-8.451850966999928],[116.44606197200005,-8.464214994999963],[116.45175598000003,-8.469204957999978],[116.45262098100011,-8.482659954999974],[116.45550997700002,-8.488666989999956],[116.45500596400007,-8.495663020999928],[116.46397997700001,-8.506210962999944],[116.46361900200009,-8.512037026999963],[116.47026203700011,-8.516869004999933],[116.47209401300006,-8.51976104299996],[116.47731397100006,-8.53518597599998],[116.47719503700012,-8.540272021999954],[116.48017498100012,-8.544533978999937],[116.48039499000004,-8.549551028999929],[116.48316502900002,-8.550743000999944],[116.48364898700004,-8.552636007999979],[116.48697496800003,-8.555271976999961],[116.48866897100004,-8.55997899099998],[116.49288397800001,-8.56508196599998],[116.49456100200007,-8.569339039999932],[116.49311123400003,-8.570427602999928],[116.49381350300007,-8.576466299999936],[116.49852887200007,-8.585876244999952],[116.50240263300009,-8.588526963999925],[116.49766614800001,-8.58572948899996],[116.49305796600004,-8.589106773999958],[116.49606297300011,-8.593572025999947],[116.49516400000005,-8.59535595799997],[116.49801202200001,-8.598561031999964],[116.4992659720001,-8.604213367999932],[116.4992790550001,-8.604250732999958]]]}},{"type":"Feature","properties":{"kode_kec":"52.03.13","kecamatan":"Suralaga","kab_kota":"Lombok Timur"},"geometry":{"type":"Polygon","coordinates":[[[116.53633086500008,-8.634655591999945],[116.53110403700009,-8.637434004999932],[116.526662181,-8.634015408999971],[116.52386148200003,-8.629627097999958],[116.51210700700005,-8.622246987999972],[116.51072503600005,-8.619480025999962],[116.50857801500001,-8.618276992999938],[116.50779700800001,-8.615471000999946],[116.50502100900007,-8.61423702999997],[116.50541001600004,-8.611994024999944],[116.50379954700009,-8.608657129999926],[116.4992790550001,-8.604250732999958],[116.4981500350001,-8.598861984999928],[116.49516400000005,-8.59535595799997],[116.49606297300011,-8.593572025999947],[116.49336001800009,-8.590468956999928],[116.49345535400005,-8.58868307299997],[116.49766614800001,-8.58572948899996],[116.50447500400003,-8.590937010999937],[116.50228975000005,-8.59431770699996],[116.50341780500003,-8.595598680999956],[116.50941112900011,-8.597464485999978],[116.51452602200004,-8.597232972999961],[116.51853401500011,-8.592741033999971],[116.523160974,-8.592734036999957],[116.52629400600006,-8.591152999999963],[116.52995197700011,-8.595504973999937],[116.53770202900012,-8.59960095799994],[116.53842201100008,-8.601228957999979],[116.54898178700012,-8.604270902999929],[116.56322638500001,-8.615812278999954],[116.56779569800005,-8.618381221999925],[116.57265847800011,-8.61923644199993],[116.57677579300002,-8.623503784999969],[116.58088760500004,-8.624111748999951],[116.58863699500012,-8.630118997999944],[116.59157021400006,-8.636137401999974],[116.58704923800008,-8.640206279999973],[116.57990691000009,-8.642965888999981],[116.5760156770001,-8.643531576999976],[116.56951974800006,-8.641080731999978],[116.5639177160001,-8.644224245999965],[116.55753502700009,-8.642152041999964],[116.55649299900006,-8.639176993999968],[116.54835601700006,-8.640966988999935],[116.54576797900006,-8.637707038999963],[116.53650402500011,-8.634834971999965],[116.53633086500008,-8.634655591999945]]]}},{"type":"Feature","properties":{"kode_kec":"52.03.21","kecamatan":"Lenek","kab_kota":"Lombok Timur"},"geometry":{"type":"Polygon","coordinates":[[[116.58271897200007,-8.61266302699994],[116.57921603700004,-8.615687957999967],[116.57565289000001,-8.621383142999946],[116.56322638500001,-8.615812278999954],[116.54898178700012,-8.604270902999929],[116.53842201100008,-8.601228957999979],[116.53770202900012,-8.59960095799994],[116.52995197700011,-8.595504973999937],[116.52629400600006,-8.591152999999963],[116.523160974,-8.592734036999957],[116.51853401500011,-8.592741033999971],[116.51603702900002,-8.596192019999933],[116.51310731000001,-8.59766902399997],[116.50399679200007,-8.595932941999934],[116.50228975000005,-8.59431770699996],[116.50447500400003,-8.590937010999937],[116.4985764600001,-8.58594286999994],[116.49381350300007,-8.576466299999936],[116.49311123400003,-8.570427602999928],[116.49456100200007,-8.569339039999932],[116.49288397800001,-8.56508196599998],[116.48866897100004,-8.55997899099998],[116.48697496800003,-8.555271976999961],[116.48364898700004,-8.552636007999979],[116.48316502900002,-8.550743000999944],[116.48039499000004,-8.549551028999929],[116.47986997900011,-8.54357599399998],[116.47713103600006,-8.540007966999951],[116.47736802500003,-8.535491977999925],[116.47452496500011,-8.524557006999942],[116.47026203700011,-8.516869004999933],[116.46361900200009,-8.512037026999963],[116.46397997700001,-8.506210962999944],[116.45500596400007,-8.495663020999928],[116.45550997700002,-8.488666989999956],[116.45262098100011,-8.482659954999974],[116.45175598000003,-8.469204957999978],[116.44606197200005,-8.464214994999963],[116.44770498900004,-8.451850966999928],[116.443622989,-8.447376990999942],[116.43748798000001,-8.444038019999937],[116.43439999800012,-8.432787042999962],[116.43461503600008,-8.423978019999936],[116.44815197100002,-8.421975954999937],[116.45248703200002,-8.423089983999944],[116.45036197600007,-8.436342963999948],[116.45094100300003,-8.441904024999928],[116.46556499300004,-8.456148994999978],[116.47487198600004,-8.46850502899997],[116.47625001900008,-8.475237956999933],[116.47802598700002,-8.507170001999953],[116.48302601700004,-8.51772901399994],[116.48399500500011,-8.524525034999954],[116.49037999100005,-8.53216098699994],[116.49659998900006,-8.545188960999951],[116.50169396900003,-8.559776968999927],[116.5110670040001,-8.564951029999975],[116.51497814200002,-8.57034945099997],[116.52005638800006,-8.574620582999955],[116.52188074100002,-8.579080713999929],[116.5271535070001,-8.582721289999938],[116.53100165600006,-8.587335934999942],[116.53639982600009,-8.586877629999947],[116.53558089400008,-8.589422463999938],[116.54064438700004,-8.591406933999963],[116.54360168700009,-8.594092994999926],[116.54501939300008,-8.594234547999974],[116.54660177200003,-8.59162007599997],[116.54996671700007,-8.594232356999953],[116.54902683000012,-8.595897979999961],[116.55100178300006,-8.598693846999936],[116.55215582100004,-8.596754585999975],[116.55370247100007,-8.596837866999977],[116.5569686980001,-8.59808101599998],[116.5571815830001,-8.59946191499995],[116.55821800100011,-8.598546442999975],[116.55885997400003,-8.599320736999971],[116.56281509300004,-8.595529824999971],[116.56543488000011,-8.60081936599994],[116.56769774700001,-8.60145468199994],[116.56966794100003,-8.60413157499994],[116.57070300600003,-8.603089371999943],[116.57250187900001,-8.604110160999937],[116.5730800880001,-8.602939465999953],[116.5746077020001,-8.603317799999957],[116.57468622400006,-8.604788305999932],[116.57687327800011,-8.60509886099993],[116.5793415930001,-8.608229758999926],[116.58485431200006,-8.608494636999978],[116.58274236200009,-8.612637821999954],[116.58271897200007,-8.61266302699994]]]}},{"type":"Feature","properties":{"kode_kec":"52.03.20","kecamatan":"Jerowaru","kab_kota":"Lombok Timur"},"geometry":{"type":"MultiPolygon","coordinates":[[[[116.44591503600009,-8.92178796099995],[116.44595496800002,-8.92171802799993],[116.44607897300011,-8.921700036999937],[116.44633001600005,-8.921741013999963],[116.44645100800005,-8.921830989999933],[116.44645201900005,-8.921905955999932],[116.44638102600004,-8.921933973999955],[116.44629301000009,-8.922009984999931],[116.44625398000005,-8.922079013999962],[116.44619617500007,-8.922104168999965],[116.44603798300011,-8.922173007999959],[116.44584201700002,-8.92221404299994],[116.44576498100002,-8.922120966999955],[116.44580500400002,-8.92204000199996],[116.44587523500002,-8.922014185999956],[116.44590301100004,-8.922003975999928],[116.44591503600009,-8.92178796099995]]],[[[116.45608461500001,-8.919973674999937],[116.45643945200004,-8.921167791999949],[116.45125225000004,-8.921567015999926],[116.43999325100003,-8.918689128999972],[116.4358480200001,-8.919801010999947],[116.4338299750001,-8.917121978999944],[116.43106602000012,-8.916275956999925],[116.43113098600008,-8.913212967999925],[116.43683498100006,-8.911611023999967],[116.43760699800009,-8.908440040999949],[116.44095102300003,-8.906326966999927],[116.44167099300012,-8.902676982999935],[116.44564997200007,-8.90179102899998],[116.44835399200008,-8.899146018999943],[116.44990102000008,-8.887996960999942],[116.45106901700001,-8.88742201599996],[116.45409597200012,-8.873513031999948],[116.45510101800005,-8.87177997699996],[116.45744096800001,-8.871835017999956],[116.45889699100007,-8.86364595599997],[116.4607000090001,-8.863414981999938],[116.45772797300003,-8.856842984999957],[116.45984401900012,-8.853846956999973],[116.45907000500006,-8.851223025999957],[116.46165596700007,-8.849450991999959],[116.46502403200009,-8.849642012999936],[116.4659590330001,-8.84652895599993],[116.46798296800011,-8.847747028999947],[116.47032298500005,-8.846710043999963],[116.47391100400012,-8.839162961999932],[116.47345389800012,-8.835174928999947],[116.46898898900008,-8.835025018999943],[116.46727601500004,-8.832699997999953],[116.46821499900011,-8.830212977999963],[116.47228797500009,-8.827230029999953],[116.47083497800008,-8.824060955999926],[116.4690470050001,-8.822717993999959],[116.4662089840001,-8.823164038999948],[116.46455497400007,-8.821387003999973],[116.46164197100006,-8.82416797999997],[116.4603299800001,-8.828370975999974],[116.45315899600007,-8.832302955999978],[116.45006399900001,-8.832191001999945],[116.44605300600006,-8.829267037999955],[116.44274902000006,-8.83083199899994],[116.44115300900012,-8.834217010999964],[116.4422809780001,-8.838313956999968],[116.44064402200001,-8.842072014999928],[116.43995402400003,-8.840373989999932],[116.43734202100006,-8.841002990999925],[116.43516696800009,-8.837829005999936],[116.43486498200002,-8.833218024999951],[116.4317670260001,-8.832936993999965],[116.42916516800005,-8.82855055799996],[116.42844223200007,-8.829188145999979],[116.42676898000002,-8.827280019999932],[116.42092102700008,-8.828403040999945],[116.41908099900002,-8.836288026999966],[116.41702601600002,-8.83536698499995],[116.41582120300006,-8.837827016999938],[116.41430219900008,-8.837352876999944],[116.41313797600003,-8.841192036999928],[116.40967494600011,-8.843341087999931],[116.40851593600007,-8.851340003999951],[116.40340301900005,-8.861907042999974],[116.40411199800008,-8.865562025999964],[116.40266800200004,-8.86458598799993],[116.40461182600006,-8.856991338999933],[116.40050302800012,-8.849503962999961],[116.40147826700002,-8.843807770999945],[116.3988266990001,-8.839153660999955],[116.39599648100011,-8.817758245999926],[116.39753334300008,-8.81519211799997],[116.40062631,-8.815829115999975],[116.4043583890001,-8.81096023899994],[116.41175127200006,-8.809025596999959],[116.41486076900003,-8.805938134999963],[116.41475356300009,-8.794456916999934],[116.41720546200008,-8.783872560999953],[116.41627825600006,-8.781987648999973],[116.41750008800011,-8.776400344999956],[116.42162266100001,-8.774917039999934],[116.42150656500007,-8.772461806999956],[116.42523499600009,-8.772896565999929],[116.42596218800009,-8.760098465999931],[116.42873297000006,-8.75935183699994],[116.42832253200004,-8.755937248999942],[116.43188411900007,-8.755142231999969],[116.43504400600011,-8.755687461999969],[116.43797297100002,-8.763127958999974],[116.4412559970001,-8.764251981999962],[116.44301503500003,-8.770776987999966],[116.44619097300006,-8.772888033999948],[116.4461440230001,-8.775176012999964],[116.46826796300002,-8.773790967999958],[116.47099300700006,-8.771059019999939],[116.4707430200001,-8.768381039999952],[116.47420894000004,-8.76708870899995],[116.47463205800011,-8.765563684999961],[116.48029001500004,-8.768874024999946],[116.4829818930001,-8.774890984999956],[116.48688226200011,-8.776204220999944],[116.49199418600006,-8.78341047799995],[116.50231200500002,-8.783344041999953],[116.5001490190001,-8.790495025999974],[116.50064703200007,-8.795906034999973],[116.50310701000001,-8.798045973999933],[116.50493002300004,-8.797240017999968],[116.50088796500006,-8.80192601899995],[116.502042974,-8.801888031999965],[116.50083702800009,-8.805749971999944],[116.49530797900002,-8.810380029999976],[116.49312302100009,-8.810531998999977],[116.49148598200009,-8.807029966999949],[116.4899549810001,-8.807639019999954],[116.48516500200003,-8.80533096299996],[116.48133800500011,-8.806643993999955],[116.48009900300008,-8.810280999999975],[116.48214301500002,-8.81437296799993],[116.4843390100001,-8.815795011999967],[116.484665973,-8.81473300099998],[116.4860140190001,-8.815509016999954],[116.49464698400004,-8.814226037999958],[116.49722503100008,-8.811784987999943],[116.50105902700011,-8.811184032999961],[116.49971699700006,-8.812108978999959],[116.49948696700005,-8.816449043999967],[116.50081897100006,-8.821159961999967],[116.4990610110001,-8.822394975999941],[116.49984197600008,-8.82421203399997],[116.49756003400012,-8.82654497599998],[116.49953098900005,-8.83007998499994],[116.49630197700003,-8.830798018999928],[116.49723498900005,-8.833904003999976],[116.4942950300001,-8.83707902499998],[116.49806502900003,-8.842298008999933],[116.49608403500008,-8.84297203799997],[116.49511098200003,-8.846024003999958],[116.49263702400003,-8.84755697299994],[116.494463988,-8.85361299799996],[116.49750201300003,-8.853647020999972],[116.49838002600006,-8.855767966999963],[116.50439799200001,-8.859259979999933],[116.50663303700003,-8.857746018999933],[116.50548501000003,-8.856474999999932],[116.50746501300011,-8.857718039999952],[116.50992299200004,-8.857050004999962],[116.50998396500006,-8.85189096199997],[116.50483597700008,-8.850310976999936],[116.50584516300012,-8.84914921799998],[116.50438996300011,-8.848451960999967],[116.50313702100004,-8.843683011999929],[116.50469403400007,-8.841328015999977],[116.50920501500002,-8.840717035999944],[116.512647001,-8.843005972999947],[116.51249997700006,-8.844355993999955],[116.51509396200004,-8.843369904999975],[116.51866837200009,-8.844905171999926],[116.51771803400004,-8.841036994999968],[116.51652401700005,-8.84202801799995],[116.51522120700008,-8.840277725999954],[116.51438202600002,-8.841122032999976],[116.51529909800001,-8.838694249999946],[116.51398152700006,-8.837395300999958],[116.5133470290001,-8.838069034999933],[116.51216698600001,-8.835673996999958],[116.51615503500011,-8.835687029999974],[116.51425098900006,-8.833476985999937],[116.51453297500007,-8.831780971999933],[116.51614644100005,-8.834285274999957],[116.5175291920001,-8.835267633999933],[116.51846903300009,-8.834324963999961],[116.51931941300006,-8.835899772999937],[116.51772938800002,-8.83613825499998],[116.5168773900001,-8.838717527999961],[116.51868381200006,-8.839141198999926],[116.51983800700009,-8.838047019999976],[116.52105823300008,-8.84012355699997],[116.5228274100001,-8.840416868999966],[116.52352111400012,-8.839532279999958],[116.52149896700007,-8.836915960999931],[116.52466642200011,-8.838056413999936],[116.525637028,-8.837260965999974],[116.52565809300006,-8.839285526999959],[116.52816752900003,-8.841059358999928],[116.52968529700001,-8.840551884999968],[116.5283929630001,-8.83855596899997],[116.53298155200002,-8.838317134999954],[116.53232043800006,-8.835495763999972],[116.5274619810001,-8.836643008999943],[116.52731599800006,-8.835279043999947],[116.52528999200001,-8.835155037999925],[116.52300800100011,-8.83286398499996],[116.52141900900006,-8.833329032999927],[116.51983867800004,-8.831546861999925],[116.52544201,-8.83202896299997],[116.52892697100003,-8.83386203799995],[116.53070998800001,-8.832828031999952],[116.52947198400011,-8.831239968999967],[116.52685700400002,-8.830994959999941],[116.52648215600004,-8.829480563999937],[116.52285068900005,-8.829806464999933],[116.52243709800007,-8.82569996899997],[116.52436845600005,-8.825667522999936],[116.52898693800012,-8.82993216899996],[116.53476896600012,-8.82834203899995],[116.53689299300004,-8.831311960999926],[116.54142201900004,-8.832780960999969],[116.54026476500007,-8.833970576999945],[116.54097898900011,-8.836496027999942],[116.5399519770001,-8.838987034999946],[116.537357455,-8.84094840499995],[116.54082172400001,-8.843279759999973],[116.5411309970001,-8.841454970999962],[116.54246197000009,-8.841360017999932],[116.5457770050001,-8.844567009999935],[116.54519503100005,-8.846524034999959],[116.5435620070001,-8.847579993999943],[116.54046000400001,-8.845339041999978],[116.53921000600008,-8.846275993999939],[116.54040601200006,-8.847093959999938],[116.53919296600009,-8.848762990999944],[116.53599298600011,-8.84705198499995],[116.5317219740001,-8.847497011999963],[116.53201302700006,-8.849492993999945],[116.53389202300002,-8.848636970999962],[116.53508797400002,-8.850510005999979],[116.53685803000008,-8.849818959999936],[116.54218596800001,-8.852206003999981],[116.54219300800003,-8.853242977999969],[116.53847300500001,-8.852918013999954],[116.53961098600007,-8.85560800299993],[116.53635701200005,-8.854090993999932],[116.5372850220001,-8.85623100099997],[116.53583497000011,-8.859867037999948],[116.53338801600012,-8.859358035999946],[116.53620397200007,-8.862038004999931],[116.53834402400003,-8.859413016999952],[116.53886096600002,-8.861728038999956],[116.53987303600002,-8.861245030999953],[116.54239598100003,-8.86314499499997],[116.53949199200008,-8.865837972999941],[116.54221402900009,-8.86674001299997],[116.54179096500002,-8.868523957999969],[116.54458798400003,-8.868116007999959],[116.54359502700004,-8.865620004999926],[116.54453302900004,-8.864270027999964],[116.54685599100003,-8.866068979999966],[116.54888101000006,-8.864630962999968],[116.54900297800009,-8.863128968999945],[116.54782802400007,-8.863557997999976],[116.542269024,-8.860538001999942],[116.5435389920001,-8.859558023999966],[116.54175903400005,-8.85828403399995],[116.54335303700009,-8.856563011999981],[116.54513502200007,-8.855514017999951],[116.54574644400009,-8.858553047999976],[116.54658991100007,-8.856591212999945],[116.54850970300004,-8.856131304999963],[116.55117303600002,-8.85974703599993],[116.55075396900008,-8.856617005999965],[116.55221400300002,-8.855941972999972],[116.55539797400002,-8.857564024999931],[116.55655201400009,-8.856792032999977],[116.55695096600004,-8.858851970999979],[116.55815097100003,-8.85902701799995],[116.55851696400009,-8.857607959999939],[116.56145897800002,-8.857656001999942],[116.56029898600002,-8.85574302699996],[116.56342000200004,-8.854122003999976],[116.56401901200002,-8.852531031999945],[116.56619499900012,-8.85403299099994],[116.56361897200009,-8.857726984999942],[116.5643469910001,-8.86076901599995],[116.56109299100001,-8.863945022999928],[116.56263703200011,-8.865739982999969],[116.56373703100007,-8.863746999999933],[116.56585499500011,-8.863368028999957],[116.56541301200002,-8.864889011999935],[116.56752697400009,-8.865563995999935],[116.5664490040001,-8.868031956999971],[116.57114003000004,-8.866362954999943],[116.5692639770001,-8.86558399699993],[116.56965001600008,-8.862569028999928],[116.5766970310001,-8.860029999999938],[116.57605699900012,-8.85818801299996],[116.5798090180001,-8.859469039999965],[116.58149097000012,-8.858741961999954],[116.58096701200009,-8.857220961999928],[116.58551103500008,-8.859348979999936],[116.58797302900007,-8.85659898199998],[116.59226100800004,-8.858650041999965],[116.59457096500012,-8.86155999999994],[116.59167397800002,-8.865720017999934],[116.58948710700008,-8.862483597999926],[116.58457401800001,-8.86483700399998],[116.58567098700007,-8.870788968999932],[116.58536502900006,-8.869916028999967],[116.58027701700007,-8.87130695999997],[116.57991099800006,-8.86983695899994],[116.57854201900011,-8.869765965999932],[116.57687800000008,-8.87180899599997],[116.575336977,-8.871613000999957],[116.57509693200006,-8.87626703799998],[116.57387502600011,-8.876265986999954],[116.57311088000006,-8.87802073499995],[116.57136030900006,-8.877188413999932],[116.57028828000011,-8.87885601399995],[116.57046495000009,-8.88106143899995],[116.5720769830001,-8.880728039999951],[116.56985637100001,-8.88622748399996],[116.5709890060001,-8.887269989999936],[116.56980544800001,-8.888868153999965],[116.5707559650001,-8.891804997999941],[116.56704702000002,-8.891662981999957],[116.56109401600008,-8.896069026999953],[116.56011297200007,-8.89475102199998],[116.55617403300005,-8.894947015999946],[116.55461503600009,-8.897516000999929],[116.55515799200009,-8.898594036999953],[116.5512700160001,-8.897062004999952],[116.5488300080001,-8.900336975999949],[116.54897702000005,-8.898487039999964],[116.54731503000005,-8.897846042999959],[116.54493401900004,-8.900139979999949],[116.54186801700007,-8.898695034999946],[116.54064199700008,-8.903529007999964],[116.5373681210001,-8.902522529999942],[116.53533740700004,-8.905276650999951],[116.53236155100001,-8.904221115999974],[116.53070186000002,-8.905899144999978],[116.52938144400002,-8.904551219999973],[116.52604003400006,-8.908836034999979],[116.52158229400004,-8.908778664999943],[116.51267723800004,-8.915713659999938],[116.51084820500012,-8.914400091999937],[116.50957075600002,-8.914983288999963],[116.50854196600005,-8.912130021999928],[116.51129499900003,-8.91122700099993],[116.512860079,-8.912013121999962],[116.51527291100001,-8.90956883299998],[116.51707705800004,-8.909455654999931],[116.51619497900003,-8.908262966999928],[116.51798397400012,-8.907094041999926],[116.5217190090001,-8.908194962999971],[116.51999898100007,-8.904217990999939],[116.52783900400004,-8.898933973999931],[116.52507403200002,-8.89860897899996],[116.52199003100009,-8.900303036999958],[116.52062603400009,-8.900022035999939],[116.52069500200002,-8.898547030999964],[116.5181999890001,-8.899345018999952],[116.51739701600002,-8.89737703999998],[116.516043964,-8.897340017999966],[116.51763800600008,-8.894552953999948],[116.52024001500001,-8.894553946999963],[116.51834303800001,-8.892094985999961],[116.52078936500004,-8.890795915999945],[116.52348095800005,-8.88646754399997],[116.52067699500003,-8.887250042999938],[116.5198873170001,-8.882662941999968],[116.51642497700004,-8.880221036999956],[116.51283096600002,-8.879657958999928],[116.51246398100011,-8.87310004099993],[116.51069798000003,-8.870387001999973],[116.50976200200012,-8.873952965999933],[116.51068500200006,-8.87910904399996],[116.50901910300001,-8.877432521999935],[116.5074550700001,-8.878378216999977],[116.50978097300003,-8.880620026999964],[116.51027554600012,-8.883515665999937],[116.50932773200009,-8.886420090999934],[116.50813160500002,-8.885791008999945],[116.5065893960001,-8.887776967999969],[116.50732412800005,-8.89236722499993],[116.50516357900005,-8.89493514999998],[116.50466163300007,-8.897801330999926],[116.5000646850001,-8.902130866999926],[116.49861557700001,-8.909369338999966],[116.49295885300012,-8.912910372999931],[116.48640544200009,-8.913891329999956],[116.47614953300001,-8.918186085999935],[116.47239256900002,-8.921162874999936],[116.46055358500007,-8.919042007999963],[116.45634972300002,-8.919557074999943],[116.45608461500001,-8.919973674999937]]],[[[116.41538203000005,-8.851466981999977],[116.41621302800002,-8.850471029999937],[116.41697397700011,-8.851338975999965],[116.4153379810001,-8.851866968999957],[116.41538203000005,-8.851466981999977]]],[[[116.4659769650001,-8.841057003999936],[116.46696300500003,-8.840129966999939],[116.46790502500005,-8.841711019999934],[116.46596001500006,-8.84121595399995],[116.4659769650001,-8.841057003999936]]],[[[116.4942314000001,-8.937294159999965],[116.49433847600005,-8.937371491999954],[116.4943979630001,-8.937484515999927],[116.49437416800004,-8.937561848999962],[116.49423735000005,-8.93762133499996],[116.49407673500002,-8.937651078999977],[116.49387448100003,-8.937609437999981],[116.49369007300004,-8.937514259999944],[116.49365438100006,-8.937371491999954],[116.49371981600007,-8.93728226199994],[116.49390422400006,-8.937240621999933],[116.49405888900003,-8.937228723999965],[116.4942314000001,-8.937294159999965]]],[[[116.49836976100005,-8.927134905999935],[116.49791994200007,-8.928091428999949],[116.49659934100009,-8.927606018999938],[116.4991133420001,-8.926028455999926],[116.4985125280001,-8.927045675999977],[116.49836976100005,-8.927134905999935]]],[[[116.48724201100003,-8.92179125499996],[116.48725683000009,-8.92186905799997],[116.48723460100007,-8.921983909999938],[116.48717902700002,-8.922161744999926],[116.48721237100006,-8.922235842999953],[116.48711604400012,-8.922265481999943],[116.48707158500008,-8.92218397399995],[116.48702712600004,-8.922135810999976],[116.48701601200003,-8.922061712999948],[116.48697896300007,-8.921998728999938],[116.48696414300002,-8.92189869699996],[116.48702342100012,-8.92180607399996],[116.48713827300003,-8.92176161599997],[116.48724201100003,-8.92179125499996]]],[[[116.50264729300011,-8.920153983999967],[116.50269471500008,-8.92017769599994],[116.50274925200006,-8.920244086999958],[116.502803631,-8.920309798999938],[116.50283789600007,-8.920345966999946],[116.50283218700008,-8.920399266999937],[116.502803631,-8.920446855999955],[116.5027807890001,-8.920513480999944],[116.50272790700001,-8.92055612799993],[116.50268928800006,-8.92054840399993],[116.50260935400001,-8.920564190999926],[116.50256904600008,-8.920535737999955],[116.50255481900001,-8.920466973999964],[116.5025643030001,-8.920379241999967],[116.50259028800008,-8.920294751999961],[116.50260224200008,-8.920210891999943],[116.50264729300011,-8.920153983999967]]],[[[116.48480808500005,-8.92014820199995],[116.48480905600002,-8.920113237999942],[116.48480322900002,-8.920075360999931],[116.48478186200009,-8.920036511999967],[116.48477506400002,-8.920010288999947],[116.4847760350001,-8.919977267999968],[116.48478963200012,-8.919944246999933],[116.48483042300006,-8.919923850999965],[116.48488772500002,-8.919908310999972],[116.48494114200003,-8.919906368999932],[116.48498581800004,-8.919924821999928],[116.48501301200008,-8.919952015999968],[116.48500718500009,-8.919982123999944],[116.4849731920001,-8.920020001999944],[116.48495085400009,-8.920041367999943],[116.48493143000007,-8.920077302999971],[116.48490617800007,-8.92012295099994],[116.48489355200002,-8.92017248299993],[116.48490326500007,-8.920217158999947],[116.48492851600008,-8.92024629499997],[116.48496445100011,-8.92026960499993],[116.48499747300002,-8.92028320199995],[116.48501592600007,-8.920307481999942],[116.48497902000008,-8.920333704999962],[116.48494308400007,-8.920352157999957],[116.4849081210001,-8.92035604299997],[116.48487315700004,-8.920365754999978],[116.48483819300009,-8.92034341699997],[116.48483722200001,-8.92031719399995],[116.48483819300009,-8.920286114999953],[116.4848352790001,-8.920250179999925],[116.48482848100002,-8.920209388999979],[116.48482071100011,-8.920182194999938],[116.48480808500005,-8.92014820199995]]],[[[116.50864897400004,-8.888083976999951],[116.5085699870001,-8.888096984999947],[116.50847299200007,-8.888059961999943],[116.5083749690001,-8.887894978999952],[116.50838601900011,-8.887762965999968],[116.50849198300011,-8.887710022999954],[116.50858001400002,-8.88771999599993],[116.50864897100007,-8.887804999999958],[116.50868696600003,-8.887995043999979],[116.50864897400004,-8.888083976999951]]],[[[116.49818402200003,-8.843744956999956],[116.49907597300012,-8.843197963999955],[116.49819996400004,-8.843767042999957],[116.49818402200003,-8.843744956999956]]],[[[116.50718997500007,-8.835937964999971],[116.50803598900006,-8.836363012999925],[116.5070216790001,-8.83610555499996],[116.50718997500007,-8.835937964999971]]],[[[116.50381003500001,-8.829267003999973],[116.5039689680001,-8.829290997999976],[116.50418097800002,-8.829491036999968],[116.50417998500006,-8.829561028999933],[116.50410798100006,-8.829687987999932],[116.5039689670001,-8.829795959999956],[116.5038529740001,-8.829791013999966],[116.50368199700006,-8.82968995799996],[116.5036529680001,-8.829586013999972],[116.50368003300002,-8.829365038999981],[116.50371103300006,-8.829341025999952],[116.50381003500001,-8.829267003999973]]],[[[116.50337899800002,-8.828561984999965],[116.50330096900007,-8.828596967999943],[116.5031430030001,-8.82846699099997],[116.503060989,-8.828341997999928],[116.5030850060001,-8.828269957999964],[116.50311103900003,-8.828269061999947],[116.50317101400003,-8.828266997999947],[116.50333998600001,-8.82846598599997],[116.50337396500004,-8.828549598999928],[116.50337899800002,-8.828561984999965]]],[[[116.50175202700007,-8.818971869999928],[116.5028510300001,-8.819326021999927],[116.50233001800007,-8.820419988999959],[116.50175203100002,-8.819043960999977],[116.50175202700007,-8.818971869999928]]],[[[116.50770565700009,-8.813766843999929],[116.50579003700011,-8.813598978999948],[116.50443500000006,-8.815846011999952],[116.50292499400007,-8.815374955999971],[116.50423903600006,-8.81289501799995],[116.50751398400007,-8.812465979999956],[116.50776634300007,-8.813717401999952],[116.50770565700009,-8.813766843999929]]],[[[116.56056497800012,-8.898210971999958],[116.56098001500004,-8.899156006999931],[116.56034202900003,-8.898383972999966],[116.56056497800012,-8.898210971999958]]],[[[116.5468770010001,-8.898063989999969],[116.54688502200008,-8.897944993999943],[116.54692397800011,-8.897918996999977],[116.54696699200008,-8.897946992999948],[116.5470279750001,-8.898061008999946],[116.54699402000006,-8.898106001999963],[116.54692200400007,-8.898121015999948],[116.5468770010001,-8.898063989999969]]],[[[116.55484941700001,-8.89778784899994],[116.55479988400009,-8.897790762999932],[116.55475229500007,-8.897755798999981],[116.55472801400003,-8.897735403999945],[116.554717331,-8.897707237999953],[116.55472121600008,-8.897653820999949],[116.55476783400002,-8.897643137999978],[116.55480279800008,-8.897654792999958],[116.5548416470001,-8.897694611999952],[116.55487758200002,-8.89774317299998],[116.55484941700001,-8.89778784899994]]],[[[116.51358702800007,-8.887185970999951],[116.51348699900007,-8.887344996999957],[116.51335397500009,-8.887389043999974],[116.51310903300009,-8.887167984999962],[116.51306699300005,-8.887085999999954],[116.5131039900001,-8.887010990999954],[116.51329498200005,-8.886913033999974],[116.5134850280001,-8.886907041999962],[116.51354602900005,-8.886941032999971],[116.5135650200001,-8.88698401199997],[116.51358702800007,-8.887185970999951]]],[[[116.51449397900001,-8.883229033999953],[116.5141729930001,-8.885285986999975],[116.51437903600004,-8.883209983999961],[116.51449397900001,-8.883229033999953]]],[[[116.5941614090001,-8.863535902999956],[116.59417597700008,-8.863556297999935],[116.5941837470001,-8.863599031999968],[116.59418763200006,-8.863638851999951],[116.59417112100004,-8.86366118999996],[116.59414684100011,-8.86367284499994],[116.59412061800003,-8.86367478699998],[116.5940681720001,-8.863658275999967],[116.59405846000004,-8.863632052999947],[116.59405263300005,-8.863605830999973],[116.59404194900003,-8.863571837999928],[116.59405651800012,-8.86353784499994],[116.59408856800007,-8.863524247999976],[116.59412838800006,-8.863524247999976],[116.5941614090001,-8.863535902999956]]],[[[116.57212201700008,-8.859645980999971],[116.57232400500004,-8.859741977999931],[116.57242202100008,-8.859867968999936],[116.57246600400003,-8.86009400499995],[116.572386015,-8.860201978999953],[116.57224903600002,-8.860242967999966],[116.57203996700002,-8.860240016999967],[116.57192039900008,-8.860192924999978],[116.57179103600004,-8.860141975999966],[116.57175100400002,-8.86013098799998],[116.57173100500006,-8.860110978999955],[116.57165799500001,-8.86002001299994],[116.5716679950001,-8.859802990999981],[116.5717080170001,-8.859692981999956],[116.57212201700008,-8.859645980999971]]],[[[116.57132702800004,-8.855583010999965],[116.57132701800003,-8.855527033999977],[116.57131602300001,-8.855391066999971],[116.57131210200009,-8.855342571999927],[116.5713020290001,-8.855218003999937],[116.5713409650001,-8.855204030999971],[116.5713779890001,-8.855221978999964],[116.57141896400003,-8.85526000699997],[116.57149300100002,-8.855241010999976],[116.5715989900001,-8.855214997999951],[116.57168600000011,-8.855325964999963],[116.57175100300003,-8.855530955999939],[116.571712004,-8.85560000099997],[116.57146098900012,-8.855686978999927],[116.57131900200011,-8.855650010999966],[116.5713224220001,-8.855621460999942],[116.57132702800004,-8.855583010999965]]],[[[116.57188300300004,-8.854672014999949],[116.570679014,-8.853735038999957],[116.57194198400009,-8.854508040999974],[116.57188300300004,-8.854672014999949]]],[[[116.57081986800006,-8.853395618999969],[116.57082798500005,-8.853419968999958],[116.57084340600011,-8.853453245999958],[116.5708742490001,-8.853467044999945],[116.57090915000003,-8.853468667999948],[116.57092457200008,-8.853504380999937],[116.57092132500009,-8.853538469999933],[116.57090915000003,-8.853559572999927],[116.5708856120001,-8.853573370999982],[116.57085720400005,-8.853581487999975],[116.57082068000011,-8.853581487999975],[116.57079308300001,-8.853561196999976],[116.57077279200007,-8.853544962999933],[116.57076142900007,-8.853516555999931],[116.57076386400001,-8.853486523999948],[116.57075574700002,-8.853449187999956],[116.57076142900007,-8.853418344999966],[116.57077685000002,-8.853393995999966],[116.57079714200006,-8.853385066999977],[116.57081986800006,-8.853395618999969]]],[[[116.55088441800001,-8.85445855699993],[116.54910088100007,-8.852904057999979],[116.54874499400012,-8.850286983999979],[116.55198630100006,-8.85328397099994],[116.5508849680001,-8.854459037999959],[116.55088441800001,-8.85445855699993]]],[[[116.50951800600001,-8.838449005999962],[116.51059098100006,-8.837190987999975],[116.51065298600008,-8.838616970999965],[116.50959000900002,-8.839399971999967],[116.5094359630001,-8.83851201899995],[116.50951800600001,-8.838449005999962]]],[[[116.5102200340001,-8.813872992999961],[116.51068203800003,-8.812751987999945],[116.5102955960001,-8.813935627999967],[116.5102200340001,-8.813872992999961]]],[[[116.51658097000006,-8.812101015999929],[116.51580099300008,-8.812531002999947],[116.51647200100001,-8.812060995999957],[116.51658097000006,-8.812101015999929]]]]}},{"type":"Feature","properties":{"kode_kec":"52.72.03","kecamatan":"Asakota","kab_kota":"Kota Bima"},"geometry":{"type":"Polygon","coordinates":[[[118.74072019300002,-8.40288256499997],[118.74254674500003,-8.403798533999975],[118.75067343,-8.401968188999945],[118.753451444,-8.399027530999945],[118.76513078000005,-8.400946160999979],[118.77107227900001,-8.403426089999925],[118.77136116200006,-8.40691975599998],[118.77465780500006,-8.411807550999981],[118.78083040800004,-8.413877524999975],[118.7825531850001,-8.412587439999982],[118.78942842100003,-8.412024850999956],[118.78922424200005,-8.413904689999981],[118.79327106500011,-8.421156591999932],[118.80225122200011,-8.427661837999949],[118.80625807100012,-8.42509933699995],[118.80987846100004,-8.429685204999942],[118.80563327400012,-8.433654329999968],[118.8011855950001,-8.435086747999947],[118.79768884700002,-8.434508324999967],[118.79448392500001,-8.436606964999953],[118.78320934700002,-8.43650553699996],[118.77929738600005,-8.43779632299993],[118.77686715100003,-8.44326874899997],[118.7669831180001,-8.439760322999973],[118.76565743000003,-8.441595305999954],[118.76004232800005,-8.442809089999969],[118.75738451000007,-8.444805557999928],[118.75288612500003,-8.443254063999973],[118.74783468500004,-8.450904271999946],[118.74175418100003,-8.450132698999937],[118.74150213400003,-8.45215509999997],[118.73953590300005,-8.45307487599996],[118.73254217300007,-8.450803280999935],[118.73217039800011,-8.448619897999947],[118.72978298300006,-8.446551259999978],[118.72662583100009,-8.446504622999953],[118.7263542710001,-8.449186947999976],[118.72346947500012,-8.448634477999974],[118.72336420700003,-8.449870920999956],[118.71963088700011,-8.448300505999953],[118.71746117100008,-8.442121764999968],[118.71877873400001,-8.44070697099994],[118.72259618300006,-8.44146767899997],[118.72462664000011,-8.436433829999942],[118.72305303200005,-8.432392019999952],[118.71696254100004,-8.42809090299994],[118.7131499080001,-8.430448475999981],[118.71167199900003,-8.425793013999964],[118.71355290100007,-8.424340530999928],[118.71354204800002,-8.422536277999939],[118.709217996,-8.420096976999957],[118.70564067900011,-8.421891038999945],[118.7078089260001,-8.41862944899998],[118.70465720900006,-8.418029914999977],[118.70447002700007,-8.416397953999933],[118.70137568300004,-8.416030733999946],[118.70117502900007,-8.414031991999934],[118.69921061200012,-8.413414754999962],[118.69783647300005,-8.40983723499994],[118.69892269700006,-8.407606489999978],[118.70204094200005,-8.407439412999963],[118.70366305700009,-8.40493227099995],[118.71196056200006,-8.406446787999926],[118.71203771500006,-8.405051293999975],[118.7083820900001,-8.402882236999972],[118.70725065700003,-8.400719306999974],[118.70767539000008,-8.399398705999943],[118.71026126900006,-8.400455186999977],[118.7106806490001,-8.397578417999966],[118.70498099800011,-8.396018959999935],[118.70130041700008,-8.390440035999973],[118.70263529500005,-8.387395812999955],[118.70628181900008,-8.386400899999956],[118.70767092900007,-8.384073228999966],[118.71246902000007,-8.381514005999975],[118.71512316300004,-8.374991142999932],[118.71893648700006,-8.370330016999958],[118.71859860300003,-8.368294387999981],[118.71702521400005,-8.370508892999965],[118.71849116100009,-8.367763073999981],[118.72881433400005,-8.358710146999954],[118.72945603300002,-8.355243946999963],[118.72695662500007,-8.350854071999947],[118.72880005700006,-8.34833688699996],[118.7270634460001,-8.34639048799994],[118.73255883200011,-8.34015786699996],[118.73660876600002,-8.340506035999965],[118.73722082400002,-8.343590890999963],[118.73953509800003,-8.344746273999931],[118.74221916700003,-8.358680679999964],[118.74548433600012,-8.366459212999928],[118.74669955700006,-8.379260186999943],[118.74154739200003,-8.390121589999978],[118.74226587700002,-8.398688744999959],[118.74072624200005,-8.402816209999969],[118.74072019300002,-8.40288256499997]]]}},{"type":"Feature","properties":{"kode_kec":"52.72.04","kecamatan":"Raba","kab_kota":"Kota Bima"},"geometry":{"type":"Polygon","coordinates":[[[118.75811405500008,-8.501742281999952],[118.7590479160001,-8.504551398999979],[118.75648085800003,-8.513730416999977],[118.75997326100003,-8.515429903999973],[118.75795794800001,-8.52051763999998],[118.73941744700005,-8.51689642699995],[118.7320302070001,-8.51412013099997],[118.72872675500003,-8.51065756099996],[118.72819186000004,-8.502349720999973],[118.73587837500008,-8.50161911899994],[118.7452008250001,-8.495340473999931],[118.74297757600004,-8.490445669999929],[118.74387035500001,-8.487105363999945],[118.74793477500009,-8.482814110999925],[118.74722259900011,-8.479731889999925],[118.74831205500004,-8.478366335999965],[118.74440756800004,-8.477291628999978],[118.74557996900012,-8.474240265999981],[118.750033658,-8.474444270999982],[118.75135066900009,-8.468955318999974],[118.74917680800002,-8.467660084999977],[118.75090029900002,-8.46713714599997],[118.75125567000009,-8.465051323999944],[118.75486066100007,-8.46362477599996],[118.75499034300003,-8.461781772999927],[118.75665609100008,-8.460635000999957],[118.75531748300011,-8.457972903999973],[118.75246013500009,-8.456999535999955],[118.75350037500004,-8.455321351999942],[118.75508530500008,-8.456017423999981],[118.75545930500004,-8.454904688999932],[118.76250228200001,-8.454548031999934],[118.7633877610001,-8.452944936999927],[118.76657942500003,-8.451757778999934],[118.76955942400002,-8.452999793999936],[118.77286876300002,-8.449910024999951],[118.77225657100007,-8.448867143999962],[118.77737097300007,-8.44559653999994],[118.79303209600005,-8.440549248999957],[118.80052751100004,-8.439983007999956],[118.80174037900008,-8.436411927999927],[118.80029988400008,-8.43517835299997],[118.80563327400012,-8.433654329999968],[118.80995553900004,-8.429352834999975],[118.80625807100012,-8.42509933699995],[118.80618315200002,-8.41217927799994],[118.81164418300011,-8.412175762999937],[118.8117768410001,-8.413519386999951],[118.81299250200004,-8.413111412999967],[118.81520174100001,-8.415344532999939],[118.81607470900008,-8.417818590999957],[118.82134293000001,-8.420150705999959],[118.82203762600011,-8.422245971999928],[118.8236379980001,-8.421925021999925],[118.8248649630001,-8.425448391999964],[118.82912742600001,-8.427082953999957],[118.84080430900008,-8.428191769999955],[118.85183794000011,-8.433058115999927],[118.85475373400004,-8.432349616999943],[118.86085104900008,-8.43415454999996],[118.86487674700004,-8.436207257999968],[118.86647654300009,-8.439146735999941],[118.86952307900003,-8.438946097999974],[118.8748748480001,-8.435826192999968],[118.87666598600003,-8.43834820099994],[118.87500815400006,-8.442807011999946],[118.88009956100007,-8.445832791999976],[118.88216201600005,-8.448820799999964],[118.87413601700007,-8.450541673999965],[118.86766371300007,-8.453668949999951],[118.85230375800006,-8.456251219999956],[118.84916579000003,-8.45842701099997],[118.83808034700007,-8.456620370999929],[118.83400926800005,-8.45468402299997],[118.82667504900007,-8.455366438999931],[118.8262224240001,-8.456473055999936],[118.82747282500009,-8.457261648999975],[118.82641293300003,-8.45977125099995],[118.81708438400005,-8.46411821199996],[118.81676783800003,-8.469227792999959],[118.81131290000008,-8.468636548999939],[118.80850669800009,-8.46909285199996],[118.80737717700003,-8.470679880999967],[118.80173884300007,-8.471153156999947],[118.80159273200002,-8.472359041999937],[118.79126231900011,-8.477519211999947],[118.78988699600006,-8.48007897399998],[118.79069405700011,-8.481296909999969],[118.78940510000007,-8.481837631999952],[118.7878724310001,-8.480351156999973],[118.78578558200002,-8.481635062999942],[118.78423654400001,-8.479153878999966],[118.7832792800001,-8.480332447999956],[118.7825595920001,-8.478632449999964],[118.78151223400005,-8.479149466999957],[118.775349688,-8.47616241399993],[118.77047051400007,-8.481741579999948],[118.7646000420001,-8.485059112999977],[118.76454332900005,-8.48881106899995],[118.75958096400007,-8.48490961899995],[118.75842169500004,-8.48773044799998],[118.75615699200011,-8.488506513999937],[118.75546293100001,-8.49083462599998],[118.756934623,-8.49367366499996],[118.75553322500002,-8.496206197999982],[118.75660463600002,-8.502213241999925],[118.75770227200007,-8.501674305999927],[118.75811405500008,-8.501742281999952]]]}},{"type":"Feature","properties":{"kode_kec":"52.72.01","kecamatan":"Rasanae Barat","kab_kota":"Kota Bima"},"geometry":{"type":"MultiPolygon","coordinates":[[[[118.71171593700001,-8.453466168999967],[118.7129863880001,-8.451944658999935],[118.7179359160001,-8.45287064799993],[118.71817366100004,-8.45128004299994],[118.71290716200008,-8.447988153999972],[118.71333546500011,-8.447137495999925],[118.71509031800008,-8.44794651199993],[118.71602555900006,-8.444687143999943],[118.71733763300006,-8.448998035999978],[118.71891203400003,-8.44948527799994],[118.71963088700011,-8.448300505999953],[118.72336420700003,-8.449870920999956],[118.72346947500012,-8.448634477999974],[118.7263542710001,-8.449186947999976],[118.72662583100009,-8.446504622999953],[118.72978298300006,-8.446551259999978],[118.73217039800011,-8.448619897999947],[118.73261358700006,-8.450850793999962],[118.74063646600007,-8.453413179999927],[118.73938774500004,-8.45551392799996],[118.73577528700002,-8.45413466499997],[118.73487962700005,-8.457665996999935],[118.73204174400007,-8.457211920999953],[118.73080934400002,-8.463432317999946],[118.7276395340001,-8.465069682999967],[118.72325676500009,-8.474829899999975],[118.71548789600001,-8.478885513999955],[118.72250486300004,-8.486934800999961],[118.7209149140001,-8.495011295999973],[118.72165091300008,-8.498690341999975],[118.72617050200006,-8.499608603999945],[118.7258135830001,-8.50062225399995],[118.72731264300012,-8.50125043199995],[118.72526103100006,-8.502568407999945],[118.72062421100009,-8.502019211999936],[118.71750704300007,-8.49905995599994],[118.71609035000006,-8.49919234899994],[118.71342276900009,-8.49538628299996],[118.71348092100004,-8.492036661999975],[118.71121255100002,-8.488667243999942],[118.71076289900009,-8.48268055099993],[118.70953386400004,-8.480854631999932],[118.71108196500006,-8.478202643999964],[118.70909981200009,-8.474486027999944],[118.71062515400001,-8.472214071999929],[118.70998906200009,-8.471203758999934],[118.71185646200001,-8.470595411999966],[118.71165579500007,-8.472576441999934],[118.713895664,-8.473344631999964],[118.7168563890001,-8.472625464999965],[118.72175551900011,-8.469337853999946],[118.72301362000007,-8.464413924999974],[118.71602702400003,-8.463804339999967],[118.71550561100003,-8.461888098999964],[118.71118456600004,-8.45878717599993],[118.71234697300008,-8.457223202999955],[118.71171049200007,-8.453470644999982],[118.71171593700001,-8.453466168999967]]],[[[118.69579639800008,-8.449756623999974],[118.69860699200001,-8.446118009999964],[118.69870002500011,-8.450677041999938],[118.69632965500011,-8.449925660999952],[118.69579639800008,-8.449756623999974]]]]}},{"type":"Feature","properties":{"kode_kec":"52.72.02","kecamatan":"Rasanae Timur","kab_kota":"Kota Bima"},"geometry":{"type":"Polygon","coordinates":[[[118.82488694500012,-8.506690822999929],[118.82503404900001,-8.509661386999937],[118.81959603400003,-8.52200935999997],[118.80927351300011,-8.52921407499997],[118.80131243000005,-8.532360064999978],[118.79653007200011,-8.524369175999936],[118.79505182600008,-8.517546997999943],[118.79011846900005,-8.513843187999953],[118.78378699500001,-8.514272440999946],[118.779854623,-8.51210421099995],[118.77618920000009,-8.516930639999941],[118.77404735000005,-8.51450841899998],[118.76964351100003,-8.515227424999978],[118.76515970100002,-8.512814464999963],[118.76021380100008,-8.514395571999955],[118.75997326100003,-8.515429903999973],[118.75681126200004,-8.51408682799996],[118.75898570800007,-8.502351810999926],[118.75660463600002,-8.502213241999925],[118.75548690800008,-8.495500454999956],[118.756934623,-8.49367366499996],[118.75546293100001,-8.49083462599998],[118.75958096400007,-8.48490961899995],[118.76454332900005,-8.48881106899995],[118.7646000420001,-8.485059112999977],[118.77047051400007,-8.481741579999948],[118.77550752900004,-8.476102081999954],[118.78151223400005,-8.479149466999957],[118.7825595920001,-8.478632449999964],[118.7832792800001,-8.480332447999956],[118.78423654400001,-8.479153878999966],[118.78578558200002,-8.481635062999942],[118.7878724310001,-8.480351156999973],[118.78940510000007,-8.481837631999952],[118.79069405700011,-8.481296909999969],[118.78988699600006,-8.48007897399998],[118.79126231900011,-8.477519211999947],[118.80159273200002,-8.472359041999937],[118.80173884300007,-8.471153156999947],[118.80737717700003,-8.470679880999967],[118.80850669800009,-8.46909285199996],[118.81131290000008,-8.468636548999939],[118.81676783800003,-8.469227792999959],[118.81708438400005,-8.46411821199996],[118.82641293300003,-8.45977125099995],[118.82747282500009,-8.457261648999975],[118.8262224240001,-8.456473055999936],[118.82667504900007,-8.455366438999931],[118.82915613800003,-8.454597778999926],[118.83186094500002,-8.455659038999954],[118.83400926800005,-8.45468402299997],[118.83808034700007,-8.456620370999929],[118.84916579000003,-8.45842701099997],[118.85230375800006,-8.456251219999956],[118.86766371300007,-8.453668949999951],[118.87413601700007,-8.450541673999965],[118.88210324900001,-8.448829364999938],[118.8832779820001,-8.451842084999953],[118.88629669500006,-8.45283804099995],[118.88622635400009,-8.45539390099998],[118.88201808400004,-8.463198274999968],[118.88174099700007,-8.468695001999947],[118.89599962900002,-8.48983965399998],[118.89122066400012,-8.490290449999975],[118.88952145200005,-8.487610939999968],[118.87491732900003,-8.483178762999955],[118.86887358400008,-8.487060588999952],[118.86577950600008,-8.490655019999963],[118.86321568500011,-8.49104301999995],[118.8584156500001,-8.494853874999933],[118.85004104400002,-8.492417455999941],[118.84868961500001,-8.49520359099995],[118.84656309900004,-8.493297308999956],[118.84521802200004,-8.494264983999926],[118.84339072400007,-8.493094965999944],[118.8405915410001,-8.496549623999954],[118.83519783100007,-8.49674816199996],[118.82508530900009,-8.505720990999976],[118.82488694500012,-8.506690822999929]]]}},{"type":"Feature","properties":{"kode_kec":"52.72.05","kecamatan":"Mpunda","kab_kota":"Kota Bima"},"geometry":{"type":"Polygon","coordinates":[[[118.74543237800003,-8.474482574999968],[118.74436226900002,-8.477558916999953],[118.74831205500004,-8.478366335999965],[118.74722259900011,-8.479731889999925],[118.74793477500009,-8.482814110999925],[118.74387035500001,-8.487105363999945],[118.74297757600004,-8.490445669999929],[118.7452008250001,-8.495340473999931],[118.73587837500008,-8.50161911899994],[118.72795633600003,-8.502580980999937],[118.7258135830001,-8.50062225399995],[118.72617050200006,-8.499608603999945],[118.72165091300008,-8.498690341999975],[118.7209149140001,-8.495011295999973],[118.72250486300004,-8.486934800999961],[118.71548789600001,-8.478885513999955],[118.72325676500009,-8.474829899999975],[118.7276395340001,-8.465069682999967],[118.73080934400002,-8.463432317999946],[118.73204174400007,-8.457211920999953],[118.73487962700005,-8.457665996999935],[118.73577528700002,-8.45413466499997],[118.73938774500004,-8.45551392799996],[118.74175418100003,-8.450132698999937],[118.74783468500004,-8.450904271999946],[118.75288612500003,-8.443254063999973],[118.75738451000007,-8.444805557999928],[118.76004232800005,-8.442809089999969],[118.76565743000003,-8.441595305999954],[118.7669831180001,-8.439760322999973],[118.77686715100003,-8.44326874899997],[118.77929738600005,-8.43779632299993],[118.78282499700003,-8.436550925999938],[118.79307551200009,-8.436810451999975],[118.79768884700002,-8.434508324999967],[118.80167995600004,-8.436173341999961],[118.80052751100004,-8.439983007999956],[118.79303209600005,-8.440549248999957],[118.77737097300007,-8.44559653999994],[118.77225657100007,-8.448867143999962],[118.77286876300002,-8.449910024999951],[118.76955942400002,-8.452999793999936],[118.76657942500003,-8.451757778999934],[118.7633877610001,-8.452944936999927],[118.76250228200001,-8.454548031999934],[118.75545930500004,-8.454904688999932],[118.75508530500008,-8.456017423999981],[118.75350037500004,-8.455321351999942],[118.75246013500009,-8.456999535999955],[118.75531748300011,-8.457972903999973],[118.75665609100008,-8.460635000999957],[118.75499034300003,-8.461781772999927],[118.75486066100007,-8.46362477599996],[118.75125567000009,-8.465051323999944],[118.75090029900002,-8.46713714599997],[118.74917680800002,-8.467660084999977],[118.75135066900009,-8.468955318999974],[118.750033658,-8.474444270999982],[118.74545983700011,-8.47442373499996],[118.74543237800003,-8.474482574999968]]]}},{"type":"Feature","properties":{"kode_kec":"52.04.28","kecamatan":"Orong Telu","kab_kota":"Sumbawa"},"geometry":{"type":"Polygon","coordinates":[[[117.16229017700005,-8.70929767299998],[117.19099513200001,-8.712342460999935],[117.24161033600001,-8.71274550499993],[117.25582018300008,-8.711524113999928],[117.26179837600012,-8.709011438999937],[117.27963772300006,-8.704978568999934],[117.28133054600005,-8.71078692499998],[117.28064780700004,-8.712517326999944],[117.2821509690001,-8.716212359999929],[117.28429032800011,-8.717074528999945],[117.28349869600004,-8.719534515999953],[117.28439065900011,-8.721670766999978],[117.27569566000011,-8.73303922599996],[117.27055319700003,-8.743188650999969],[117.26560932300004,-8.74613439999996],[117.26438202800011,-8.75161213299998],[117.26761204200011,-8.772105185999976],[117.26602210700003,-8.776755725999976],[117.26764014100002,-8.782847145999938],[117.26345228900004,-8.78965240399998],[117.26521309000009,-8.791413205999959],[117.2723905580001,-8.791730852999933],[117.27347206900004,-8.793826164999928],[117.27591940700006,-8.794761876999928],[117.27690611900005,-8.79883319499993],[117.27524920500002,-8.80096135499997],[117.27540490600006,-8.80508232699998],[117.27312315000006,-8.808720041999948],[117.27426872000001,-8.81034811099994],[117.27290253800004,-8.813515480999968],[117.26782566700001,-8.816785411999945],[117.26743066200004,-8.822832303999974],[117.26363121600002,-8.824064841999927],[117.26011998000001,-8.821249228999932],[117.25713220300008,-8.821189569999945],[117.24832819700009,-8.827495141999975],[117.2369067840001,-8.82963665699998],[117.23609066300003,-8.828922550999948],[117.23509839400003,-8.834252810999942],[117.23119607800004,-8.834919059999947],[117.23205268400011,-8.836917807999953],[117.22986358000003,-8.84319958499998],[117.22596126400003,-8.841486372999952],[117.22224930400012,-8.842342978999966],[117.21901323700001,-8.841391193999925],[117.18596166500004,-8.824288493999973],[117.17090291500006,-8.82138468599993],[117.15912458300011,-8.814543735999962],[117.15423479100002,-8.812428394999927],[117.15114335100009,-8.812493965999977],[117.14746603600008,-8.81745721699997],[117.14271582700007,-8.830756034999979],[117.13416069800007,-8.838178174999939],[117.12316017,-8.840987998999935],[117.11284750100003,-8.850707227999976],[117.09963819300003,-8.850657961999957],[117.09486895500004,-8.853609303999974],[117.09202718600011,-8.85832157799996],[117.08512326000005,-8.860028059999934],[117.07846631900009,-8.85755104499998],[117.07364412700008,-8.858029554999973],[117.07268346300009,-8.854938956999945],[117.07355417800011,-8.848531734999938],[117.07902575000003,-8.844222484999932],[117.07899900200005,-8.83981479299996],[117.0809210000001,-8.839056669999934],[117.0818594210001,-8.83571311299994],[117.08919443100001,-8.835011705999932],[117.09651411800007,-8.836928907999948],[117.0860016370001,-8.830100922999975],[117.0843271440001,-8.825297612999975],[117.07667146300003,-8.823849761999952],[117.07380522400001,-8.814586253999948],[117.0654830840001,-8.80980778199995],[117.06095122600004,-8.804903023999941],[117.05564116700009,-8.80330276199993],[117.04799161400001,-8.803872411999976],[117.04597083700003,-8.805380385999968],[117.04023250000012,-8.803298950999931],[117.03767035400006,-8.804699243999949],[117.03651522000007,-8.801683912999977],[117.03456631900008,-8.80031996699995],[117.0406128840001,-8.791085001999932],[117.04536569200002,-8.793287577999934],[117.04686228900005,-8.792005537999955],[117.04869623000002,-8.79254164899993],[117.04936129900011,-8.795326493999937],[117.05270668600008,-8.795296469999926],[117.0518316990001,-8.79225734399995],[117.05442338800003,-8.788949897999942],[117.05403383200007,-8.78646017799997],[117.05676349900011,-8.78496711799994],[117.06033869400005,-8.78496490799995],[117.06371264500001,-8.780801770999972],[117.06589758200005,-8.780250596999963],[117.06705006600009,-8.776518830999976],[117.07020569600002,-8.774809824999977],[117.07021331300007,-8.77175043799997],[117.07346972100004,-8.771208588999968],[117.074064023,-8.767065854999942],[117.0777130130001,-8.767115597999975],[117.07953642100006,-8.765439998999966],[117.081696093,-8.76613739399994],[117.08444105700005,-8.762087870999949],[117.0893196290001,-8.761771009999961],[117.09015185500004,-8.76065484299994],[117.08960727100009,-8.754604856999947],[117.0831362560001,-8.75035792999995],[117.0824315540001,-8.745889545999944],[117.08430251700008,-8.742806455999926],[117.08397100400009,-8.73995070199993],[117.0818046500001,-8.733489490999943],[117.07870066800001,-8.728966967999952],[117.08014337100008,-8.726381990999926],[117.0809349970001,-8.716354237999951],[117.08555314700004,-8.715874582999959],[117.08805290900011,-8.70821571099998],[117.09036145900006,-8.706013407999933],[117.09010815500005,-8.702878349999935],[117.0856911410001,-8.699835096999948],[117.11331550700004,-8.699172103999956],[117.12619404600002,-8.702153475999978],[117.13864277100004,-8.70299912799993],[117.16126095300001,-8.709056395999937],[117.16229017700005,-8.70929767299998]]]}},{"type":"Feature","properties":{"kode_kec":"52.04.29","kecamatan":"Lantung","kab_kota":"Sumbawa"},"geometry":{"type":"Polygon","coordinates":[[[117.57384143800004,-8.802200794999976],[117.57565798100006,-8.807174352999937],[117.57475769500002,-8.822468084999969],[117.56947351100007,-8.822907234999946],[117.56523275600011,-8.825514866999981],[117.55394541900012,-8.81738467699995],[117.54867172000002,-8.81626390599996],[117.54540656200004,-8.817494615999976],[117.53918135300012,-8.81700275299994],[117.52865556000006,-8.829326053999978],[117.52716201800001,-8.839010471999927],[117.52507933700008,-8.842289730999937],[117.52045112000008,-8.843834780999941],[117.51792645500007,-8.846086457999945],[117.511550811,-8.842552932999979],[117.51084922200005,-8.841177375999962],[117.51293703700003,-8.83655583199993],[117.5106293120001,-8.828361364999978],[117.5069709070001,-8.824978563999935],[117.49878939500002,-8.822926672999927],[117.49196798100002,-8.809911334999981],[117.49028410500011,-8.808788885999945],[117.49165363300006,-8.803837250999948],[117.49094039800002,-8.800408521999941],[117.49332185500009,-8.793179681999959],[117.49124935000009,-8.788270462999947],[117.48641928400002,-8.786139999999932],[117.48371888800011,-8.78704646999995],[117.48144903100001,-8.784983585999953],[117.47542563600007,-8.78389935499996],[117.47163046500009,-8.78062724199998],[117.4639626820001,-8.77985049299997],[117.46121867300008,-8.777976494999962],[117.45981373200004,-8.775025910999943],[117.45586547500011,-8.777441496999927],[117.45259759200007,-8.775575218999961],[117.44868770700009,-8.77087690999997],[117.44938424800011,-8.767393437999942],[117.44854104900003,-8.766600384999947],[117.45242318500004,-8.76138840799996],[117.45012584100004,-8.75822059099994],[117.44960670300009,-8.753203472999928],[117.45535783300011,-8.744847422999953],[117.45700651000004,-8.736522419999972],[117.46659411200005,-8.727735791999976],[117.47089536600004,-8.72683148599998],[117.47231666100004,-8.72465293099998],[117.47206841800005,-8.721224523999979],[117.46925155500003,-8.715162182999961],[117.46980621800003,-8.705540776999953],[117.48652226900003,-8.704654132999963],[117.49327563700001,-8.709130183999946],[117.51054116600005,-8.710435239999981],[117.51469534500006,-8.715927134999959],[117.53149812000004,-8.717241385999955],[117.53361600800008,-8.713184723999973],[117.53746349500011,-8.712117003999936],[117.53962823000006,-8.709015299999976],[117.54533035800011,-8.707078752999962],[117.54602883500002,-8.703200164999942],[117.5494462900001,-8.69942124399995],[117.55149594900001,-8.700067752999928],[117.5579104520001,-8.698314473999972],[117.56749268100009,-8.702086667999936],[117.56763060700007,-8.712067296999976],[117.5720964080001,-8.718590781999978],[117.5727155620001,-8.725779299999942],[117.575800791,-8.728891102999967],[117.57384618200001,-8.73336018799995],[117.57391452500008,-8.736854319999964],[117.57981772000005,-8.743808409999929],[117.58686934600007,-8.748793955999929],[117.58692435700004,-8.757954641999959],[117.59000209600003,-8.763954578999972],[117.59141703700004,-8.77102674799994],[117.59072498000012,-8.774145271999942],[117.58686605800006,-8.776565386999948],[117.58604349400002,-8.784058080999955],[117.5837220310001,-8.789604371999928],[117.57385400700002,-8.802031578999959],[117.57384143800004,-8.802200794999976]]]}},{"type":"Feature","properties":{"kode_kec":"52.04.22","kecamatan":"Unter Iwes","kab_kota":"Sumbawa"},"geometry":{"type":"Polygon","coordinates":[[[117.42964332500003,-8.564319197999964],[117.4276660160001,-8.563394095999968],[117.42612108000003,-8.564527139999939],[117.42101929300009,-8.56281525399993],[117.41504651800005,-8.566248265999945],[117.41409163700007,-8.57152782999998],[117.40625700100009,-8.577143373999945],[117.4044781450001,-8.582462904999943],[117.40077543200005,-8.586581600999978],[117.38350855400006,-8.591739335999932],[117.37475953,-8.59846358599998],[117.36913675900007,-8.594790436999972],[117.35998854900004,-8.599404910999965],[117.35683689700011,-8.597405790999971],[117.34890782100001,-8.582474054999977],[117.34328920100006,-8.577894803999925],[117.34408186000007,-8.57614285099993],[117.35083034700006,-8.571430178999947],[117.35559485800002,-8.565901671999939],[117.35607732900007,-8.563253735999979],[117.35219089300006,-8.552984615999947],[117.343595875,-8.542232785999943],[117.35196999900006,-8.533955749999961],[117.36524046300008,-8.527441961999955],[117.37049378900008,-8.52014123999993],[117.37476526300009,-8.520804182999939],[117.38380416000007,-8.510310397999945],[117.38848223200011,-8.50252855399998],[117.3921311690001,-8.499471185999937],[117.39549271900012,-8.486336307999977],[117.3976350590001,-8.484251885999981],[117.39949535100004,-8.483450240999957],[117.40090332300008,-8.484288747999926],[117.40292110600001,-8.482780168999966],[117.40538987600007,-8.487211320999961],[117.40520903700008,-8.488505746999977],[117.40291634700009,-8.487754432999964],[117.40164628100001,-8.489626776999955],[117.40310656700001,-8.492303066999966],[117.40707724100002,-8.492109037999967],[117.41482551500008,-8.494490619999965],[117.41842310900006,-8.500438265999946],[117.41908477400011,-8.503726115999939],[117.4178505000001,-8.503600799999958],[117.41749060000006,-8.505898999999943],[117.41699170000004,-8.504730399999971],[117.41593890000001,-8.50512109999994],[117.4149695000001,-8.507101499999976],[117.41717430000006,-8.509600099999943],[117.41338071200005,-8.511621893999973],[117.41437097500011,-8.516323736999937],[117.42892040000004,-8.520029783999973],[117.42903387600006,-8.52185020099995],[117.43052578600009,-8.521604871999955],[117.43266362100007,-8.529126808999933],[117.43840662000002,-8.531968236999944],[117.44322354500002,-8.532791073999931],[117.45541691800008,-8.531290252999952],[117.4578914440001,-8.534481377999953],[117.46144468000011,-8.536440959999936],[117.46866550900006,-8.538644747999967],[117.47110703900012,-8.540891527999975],[117.47423277900009,-8.539979623999955],[117.47337874400012,-8.542072290999954],[117.47464147400001,-8.547454072999926],[117.47407058800002,-8.559262987999944],[117.47124280900005,-8.55743469999993],[117.46833815600007,-8.558516809999958],[117.46672552900009,-8.556165263999958],[117.46767234700008,-8.55363764499998],[117.46664954700009,-8.553438745999927],[117.46384298400005,-8.556263661999935],[117.46067949200005,-8.556196868999962],[117.45618586300009,-8.558598317999952],[117.45642337700008,-8.560637966999934],[117.4537874560001,-8.563398622999955],[117.45270864500003,-8.566740275999962],[117.44703742700005,-8.569622857999946],[117.44506336500001,-8.567397309999933],[117.44235225700004,-8.567335162999939],[117.44141793800009,-8.56909415299998],[117.43639539000003,-8.56639464899996],[117.43395306000002,-8.567278856999962],[117.42968533100009,-8.564416011999981],[117.42964332500003,-8.564319197999964]]]}},{"type":"Feature","properties":{"kode_kec":"52.04.23","kecamatan":"Moyo Utara","kab_kota":"Sumbawa"},"geometry":{"type":"Polygon","coordinates":[[[117.48166875400011,-8.491280202999974],[117.47221301700006,-8.493630612999937],[117.45721468200009,-8.495115083999963],[117.45730830200011,-8.489283501999978],[117.45458537700006,-8.487380754999947],[117.45453895600008,-8.48567165199995],[117.452871576,-8.486492299999952],[117.45148197100002,-8.485340640999937],[117.45204297100008,-8.483350298999937],[117.44314653200001,-8.468817366999929],[117.44145508200006,-8.463542359999963],[117.4437956490001,-8.443208185999936],[117.44316455600006,-8.40813437199995],[117.43923683500009,-8.402285417999963],[117.42782198000009,-8.395771041999978],[117.43553897100003,-8.396470044999944],[117.44104902200002,-8.398967998999979],[117.44675700200003,-8.409166983999967],[117.45002201000011,-8.411823970999933],[117.46256602400001,-8.410775956999942],[117.46954996700003,-8.412894018999964],[117.47341832500001,-8.415865691999954],[117.48552978100008,-8.411939580999956],[117.50123096400011,-8.413662021999926],[117.53100199500011,-8.409342008999943],[117.53376196800002,-8.41052799199997],[117.54847302200005,-8.40249997199993],[117.55310596800007,-8.406209039999965],[117.56168601400009,-8.404927958999963],[117.5669879730001,-8.408182024999974],[117.54253678600003,-8.441276639999955],[117.52874344300005,-8.453393910999978],[117.51980111900002,-8.459053444999938],[117.51414630500005,-8.460407509999925],[117.50151759700009,-8.47484273799995],[117.50110560500002,-8.477741693999974],[117.50666419700008,-8.482048150999958],[117.50517497800001,-8.485613086999933],[117.50809265300006,-8.485844493999934],[117.5043599070001,-8.489302257999952],[117.50732477300005,-8.490974818999973],[117.5060830760001,-8.495360133999952],[117.50313344300002,-8.497675899999933],[117.50077510500012,-8.493033907999973],[117.49144681700011,-8.49089898699998],[117.48428723400002,-8.490912506999962],[117.48166875400011,-8.491280202999974]]]}},{"type":"Feature","properties":{"kode_kec":"52.04.20","kecamatan":"Buer","kab_kota":"Sumbawa"},"geometry":{"type":"MultiPolygon","coordinates":[[[[117.0951460340001,-8.472516954999946],[117.10574901400003,-8.483126032999962],[117.1180960260001,-8.48956696199997],[117.12617697400003,-8.502396026999975],[117.1278449780001,-8.512444036999966],[117.13397796900006,-8.518296976999977],[117.13916596400009,-8.526016995999953],[117.14407003500003,-8.541103018999934],[117.15523299200004,-8.556524002999936],[117.15942603100007,-8.55998701599998],[117.16990499100007,-8.563505960999976],[117.17947366800001,-8.573629124999968],[117.17175838000003,-8.583832522999955],[117.15464547800002,-8.584369716999959],[117.14765279800008,-8.586295542999949],[117.14465051400009,-8.584798188999969],[117.13655804200005,-8.57669860599998],[117.11600373800002,-8.577960344999951],[117.10478416700005,-8.575607584999943],[117.10117869400005,-8.577818524999941],[117.09962715800009,-8.574438698999927],[117.09494606600003,-8.572151538999947],[117.08744224600002,-8.560772466999936],[117.07960555800003,-8.541668285999947],[117.06321529500008,-8.52604396299995],[117.05658720300005,-8.521421961999977],[117.04797552800005,-8.519950660999939],[117.04184976300007,-8.52106873699995],[117.03361037500008,-8.526490223999929],[117.02866086600011,-8.51754490999997],[117.02720128900012,-8.511523263999948],[117.01890025500006,-8.501542790999963],[117.02029690100005,-8.497802667999963],[117.0199583220001,-8.494715052999936],[117.01421290400003,-8.482190619999926],[117.0187620370001,-8.479632031999927],[117.01555760800011,-8.46777339099998],[117.0147582620001,-8.466457208999941],[117.00985997100008,-8.46528303599996],[117.00763799900005,-8.460467961999939],[117.01212397400002,-8.461232024999958],[117.01244397700009,-8.462734954999974],[117.01007097100012,-8.463999033999926],[117.01481768700012,-8.466356339999948],[117.01709396500007,-8.463283991999958],[117.02358197700005,-8.463844983999934],[117.02642501000003,-8.455829995999977],[117.03296298800001,-8.454173994999962],[117.03603994000002,-8.45054997099993],[117.03635701200005,-8.446845014999951],[117.0350750340001,-8.44398195599996],[117.04140441800007,-8.445063023999978],[117.0465821250001,-8.442988133999961],[117.05177600900004,-8.44356202399996],[117.0535111160001,-8.43854805999996],[117.06053301200006,-8.435621018999939],[117.06489600300006,-8.435350010999969],[117.06754400500006,-8.446520015999965],[117.06983998200008,-8.450941977999946],[117.0804569710001,-8.459793978999926],[117.08486703400001,-8.46600095499997],[117.09444297100003,-8.471978042999979],[117.0951460340001,-8.472516954999946]]],[[[116.99049402700007,-8.421247008999956],[116.9913910250001,-8.421110019999958],[116.99058098800003,-8.421423992999962],[116.99049402700007,-8.421247008999956]]],[[[116.99136601600003,-8.420652959999927],[116.9913839940001,-8.420610003999968],[116.99145598000007,-8.420529969999961],[116.99165702800008,-8.42045102399993],[116.99181702600004,-8.42047499299997],[116.99202398700004,-8.420592020999948],[116.99216503100001,-8.42075697699994],[116.99218397900006,-8.420896970999934],[116.99212203000002,-8.421007029999942],[116.99193499100011,-8.421033975999933],[116.991751023,-8.420994993999955],[116.99150601000008,-8.42084703699993],[116.99145103100011,-8.420785991999935],[116.99136601600003,-8.420652959999927]]],[[[117.04896899200003,-8.381576977999941],[117.04713802700007,-8.385855969999966],[117.04257597700007,-8.389634968999928],[117.04238296400001,-8.391734988999929],[117.04553603500005,-8.39502295699998],[117.04284402600001,-8.398365025999965],[117.04400496900007,-8.402129990999981],[117.03999402300008,-8.403372999999931],[117.03707197500012,-8.406113023999978],[117.034363987,-8.409166002999939],[117.03371598700005,-8.412496970999939],[117.03241298400008,-8.410110041999928],[117.02414800500003,-8.409228981999945],[117.0228210140001,-8.413006000999928],[117.02407396500007,-8.418360959999973],[117.0143619800001,-8.415821017999974],[117.01340998300009,-8.416987032999941],[117.01010899700009,-8.416756973999952],[117.00915400000008,-8.41841295699993],[117.00526898700002,-8.419438021999952],[117.003639969,-8.421728041999927],[117.00096501100006,-8.422033004999946],[116.99963700700005,-8.421969972999932],[116.99891499500006,-8.420091992999971],[116.99654400700001,-8.420920003999981],[116.9939180020001,-8.418722033999927],[116.9920929970001,-8.419541977999927],[116.99112098100011,-8.418196009999974],[116.99416500400002,-8.41608096699997],[116.99163202600005,-8.416215035999926],[116.99051201600003,-8.417674997999939],[116.99131796400002,-8.418982981999932],[116.99033098200005,-8.423244990999933],[116.99501196900007,-8.420522976999962],[116.99680699600003,-8.421418033999942],[116.99910098400005,-8.420572023999966],[116.99510500600002,-8.426106991999973],[116.997604034,-8.426820006999947],[116.9972090340001,-8.429266999999982],[117.00402701900009,-8.430205977999947],[117.00447700500001,-8.431705026999964],[116.99632302500004,-8.430002954999964],[116.97990903300001,-8.43296203999995],[116.97678301500002,-8.431070957999964],[116.97686800600002,-8.427775956999938],[116.98181602200009,-8.420463985999959],[116.98245997700008,-8.413958011999966],[116.99199401200008,-8.402991955999937],[116.99381498100001,-8.406213023999953],[116.99342298400006,-8.408042975999933],[116.99920699400002,-8.411305031999973],[116.99966001100006,-8.413050975999965],[117.00068799200005,-8.411864011999967],[117.00933403200008,-8.410505020999949],[117.01976400300009,-8.40655197999996],[117.02220397700012,-8.406812031999948],[117.0227199630001,-8.403911018999963],[117.02494400800003,-8.402282957999944],[117.02598099900001,-8.392870018999929],[117.03215001600006,-8.384847040999944],[117.04079700300008,-8.378527972999962],[117.04695303300002,-8.378414967999959],[117.04912198800002,-8.381410014999972],[117.04896899200003,-8.381576977999941]]],[[[117.05713655500006,-8.375448518999974],[117.0593351770001,-8.377632863999963],[117.05889259700007,-8.379431736999948],[117.05622284200001,-8.381373376999932],[117.05256799000006,-8.380987903999937],[117.05279641800007,-8.378960603999928],[117.05105465300005,-8.37900343399997],[117.05052641200007,-8.37570550099997],[117.05332465800007,-8.374563359999968],[117.05682246600009,-8.375205813999969],[117.05713655500006,-8.375448518999974]]]]}},{"type":"Feature","properties":{"kode_kec":"52.04.21","kecamatan":"Rhee","kab_kota":"Sumbawa"},"geometry":{"type":"Polygon","coordinates":[[[117.27515933200004,-8.551048979999962],[117.2617679010001,-8.562585371999944],[117.2498646470001,-8.55940284299993],[117.24596277,-8.55502656899995],[117.24311609900008,-8.554785102999972],[117.24365861700005,-8.553466880999963],[117.241835949,-8.553371702999925],[117.24175542100011,-8.55159992199998],[117.22700540400001,-8.55150382599993],[117.22689475900006,-8.556987293999953],[117.22459382000011,-8.555650036999964],[117.22169205800003,-8.558942781999974],[117.22402283200006,-8.560613025999942],[117.22378171000003,-8.562419126999941],[117.21635779100006,-8.567187566999962],[117.21319956500008,-8.57153015199998],[117.20977618100005,-8.55668811399994],[117.20642114100008,-8.55363764499998],[117.19705558200008,-8.551467575999936],[117.19180173200004,-8.552723931999935],[117.18540574100007,-8.552209967999943],[117.18369252900004,-8.55392317999997],[117.18553423200001,-8.558199070999933],[117.18207211600009,-8.563624241999946],[117.17943669500005,-8.57360315099993],[117.16990499100007,-8.563505960999976],[117.16099802500003,-8.560678999999936],[117.1562999790001,-8.557714954999938],[117.14407003500003,-8.541103018999934],[117.13920984100002,-8.526101727999958],[117.14573337900003,-8.521985385999926],[117.15255004100004,-8.51346727899994],[117.15395039400005,-8.497353890999932],[117.16877417800004,-8.495135279999943],[117.1820423040001,-8.484758835999969],[117.19059006000009,-8.481262999999956],[117.19559771700006,-8.476848176999965],[117.20184457300002,-8.474406758999976],[117.2055212250001,-8.468832401999975],[117.20798315600007,-8.46112236199997],[117.20747250600004,-8.450358779999931],[117.201556159,-8.427948395999977],[117.2003647680001,-8.42679138699998],[117.2006729100001,-8.422383268999965],[117.19869647900009,-8.419493201999956],[117.20004642600009,-8.416696438999963],[117.19768332500007,-8.410656999999958],[117.2017170370001,-8.406184014999951],[117.21392999800003,-8.40815697599993],[117.21598197200001,-8.405480977999957],[117.2269159870001,-8.398198996999952],[117.22938501800002,-8.397826965999968],[117.23139517900006,-8.399674210999933],[117.23842410700001,-8.400855612999976],[117.24464802000011,-8.410974017999933],[117.24816086100009,-8.412838578999981],[117.25063550000004,-8.41708353699994],[117.26208503300006,-8.41629497799994],[117.27977299200006,-8.423090042999945],[117.28276803300002,-8.425924003999967],[117.29090503500004,-8.427032027999928],[117.29573401200003,-8.43278201499993],[117.3000199710001,-8.43046699699994],[117.30614103700009,-8.431915000999936],[117.3060869730001,-8.434414004999951],[117.30306702700011,-8.438559037999937],[117.30490598300003,-8.44147600599996],[117.30633800100009,-8.441560981999942],[117.3091120140001,-8.434875015999978],[117.31588774200009,-8.439649152999948],[117.30628038600003,-8.483435148999945],[117.30790892800007,-8.484754487999965],[117.30470280300005,-8.487896638999928],[117.30354483600001,-8.493280327999969],[117.30086949200006,-8.495156373999976],[117.29861318400003,-8.499705666999944],[117.29801573400005,-8.502780084999927],[117.2990114590001,-8.504911982999943],[117.29674113700003,-8.505768537999927],[117.29730780900002,-8.508056660999955],[117.29561686500006,-8.509893303999945],[117.2960964670001,-8.511639767999952],[117.2920987980001,-8.518948604999935],[117.2911651500001,-8.534554101999959],[117.29575125200006,-8.545916759999955],[117.28681998900004,-8.552364705999935],[117.27975716300011,-8.55251037399995],[117.27655422300006,-8.550130766999928],[117.27548671800002,-8.55059401799997],[117.27515933200004,-8.551048979999962]]]}},{"type":"Feature","properties":{"kode_kec":"52.04.26","kecamatan":"Lopok","kab_kota":"Sumbawa"},"geometry":{"type":"Polygon","coordinates":[[[117.59254418800003,-8.656907726999975],[117.59326900100007,-8.660435999999947],[117.59190409400003,-8.671909292999942],[117.59283261600001,-8.682605611999975],[117.60415256900001,-8.696844529999964],[117.60360976600009,-8.702198762999956],[117.60809624300009,-8.712155589999952],[117.59066195600008,-8.72677080799997],[117.58740027700003,-8.728234175999944],[117.57569100600006,-8.728409055999975],[117.57307555300008,-8.72640662699996],[117.5720964080001,-8.718590781999978],[117.56763060700007,-8.712067296999976],[117.56749268100009,-8.702086667999936],[117.5579104520001,-8.698314473999972],[117.5485651250001,-8.699893975999942],[117.54583366500003,-8.703633068999977],[117.54533035800011,-8.707078752999962],[117.53962823000006,-8.709015299999976],[117.53746349500011,-8.712117003999936],[117.53361600800008,-8.713184723999973],[117.53149812000004,-8.717241385999955],[117.51469534500006,-8.715927134999959],[117.51054116600005,-8.710435239999981],[117.51240202800011,-8.705877516999976],[117.50935282700004,-8.702408925999976],[117.5106005450001,-8.698061952999979],[117.50884100000007,-8.69471628599996],[117.50964209100005,-8.691171298999961],[117.51189534800005,-8.68883535699996],[117.50905766500011,-8.682748602999936],[117.50531132000003,-8.680046669999967],[117.50738468600002,-8.677123300999938],[117.50614561000009,-8.674173881999934],[117.50812077300009,-8.670372957999973],[117.5091801640001,-8.663388046999955],[117.50508690100003,-8.65985165099994],[117.5059079130001,-8.653786826999976],[117.50394651500005,-8.651010181999936],[117.50487344200008,-8.645459511999945],[117.50308538600007,-8.642441283999972],[117.51081156800001,-8.627359148999972],[117.5106814500001,-8.62549364399996],[117.50354203900008,-8.615468259999943],[117.48884862200009,-8.60491983199995],[117.48187721700003,-8.595443866999972],[117.50591389600004,-8.590230335999934],[117.51689485300005,-8.592113436999966],[117.51993311400008,-8.591447775999939],[117.52136609800004,-8.587002419999976],[117.5339882290001,-8.58005858699994],[117.53993436500002,-8.571404265999945],[117.55131723400007,-8.56642048499998],[117.55955913000003,-8.558411992999936],[117.5757578570001,-8.56733712199997],[117.57917836500008,-8.57023269399997],[117.58160370900009,-8.57981474099995],[117.5827580990001,-8.598902959999975],[117.58436281600007,-8.60027686199993],[117.58371735800006,-8.601193566999939],[117.58526168000003,-8.603963479999948],[117.58185437700001,-8.61283323999993],[117.58267461100002,-8.614177840999957],[117.58541189900006,-8.614510591999931],[117.58675474800009,-8.616946592999966],[117.58235039700003,-8.624115445999962],[117.57865990100004,-8.62420366899994],[117.57886700000006,-8.627009999999927],[117.58153930000003,-8.629697050999937],[117.58357125100008,-8.629468911999936],[117.58854338800006,-8.637672428999963],[117.58570904500004,-8.639071949999959],[117.58492473600006,-8.641344218999961],[117.59114639000006,-8.648049682999954],[117.59476725600007,-8.648995285999945],[117.59359790000008,-8.652670899999976],[117.59662350000008,-8.654389199999969],[117.59683800000005,-8.65727419999996],[117.59253668400004,-8.656846506999955],[117.59254418800003,-8.656907726999975]]]}},{"type":"Feature","properties":{"kode_kec":"52.04.27","kecamatan":"Lenangguar","kab_kota":"Sumbawa"},"geometry":{"type":"Polygon","coordinates":[[[117.4490419650001,-8.767003103999969],[117.44868770700009,-8.77087690999997],[117.45103226200001,-8.77343938699994],[117.44886624500009,-8.774870976999978],[117.44466116600006,-8.781440948999943],[117.4334096450001,-8.786414878999949],[117.42684147900002,-8.795254214999943],[117.41432846200007,-8.798927424999931],[117.40954307200002,-8.802288875999977],[117.40674691800007,-8.813123072999929],[117.40744727100002,-8.819111244999931],[117.41053237100004,-8.82484609599993],[117.41266745600001,-8.825102422999976],[117.41332404400009,-8.828046681999979],[117.41244374700011,-8.829555415999948],[117.41925372700007,-8.836140716999978],[117.41809455400005,-8.838823852999951],[117.42175003700004,-8.84364794399994],[117.42365752300009,-8.84436488199998],[117.42463993600006,-8.849026438999942],[117.42408954000007,-8.850554170999942],[117.41389327500008,-8.857851041999936],[117.41013564700006,-8.866420398999935],[117.40939087800007,-8.873141618999966],[117.40296360100001,-8.879417409999974],[117.40191372000004,-8.893154076999963],[117.39637034400005,-8.900766639999972],[117.39416687700009,-8.907188284999961],[117.39010969000003,-8.911359913999945],[117.38804183400009,-8.922668947999966],[117.37907347300006,-8.91161572599998],[117.37104307700008,-8.89146150099998],[117.35922090700001,-8.883672627999943],[117.35434834700004,-8.873803520999957],[117.35042187700003,-8.869102075999933],[117.33087106000005,-8.849233358999982],[117.3114196790001,-8.835041089999947],[117.29433207700004,-8.820645357999979],[117.27808758700007,-8.800863463999974],[117.27591940700006,-8.794761876999928],[117.27347206900004,-8.793826164999928],[117.2723905580001,-8.791730852999933],[117.26521309000009,-8.791413205999959],[117.26345228900004,-8.78965240399998],[117.26764014100002,-8.782847145999938],[117.26602210700003,-8.776755725999976],[117.26761204200011,-8.772105185999976],[117.26454103800006,-8.756752732999928],[117.26560932300004,-8.74613439999996],[117.27055319700003,-8.743188650999969],[117.27569566000011,-8.73303922599996],[117.28439065900011,-8.721670766999978],[117.28349869600004,-8.719534515999953],[117.28429032800011,-8.717074528999945],[117.2821509690001,-8.716212359999929],[117.28064780700004,-8.712517326999944],[117.28133054600005,-8.71078692499998],[117.27963772300006,-8.704978568999934],[117.28921246200002,-8.70442223699996],[117.29857394800001,-8.700852586999929],[117.299020487,-8.699056237999969],[117.29695706300004,-8.697319968999977],[117.29780805700011,-8.696580905999951],[117.29662111100004,-8.687661243999969],[117.30642892800006,-8.67757175099996],[117.31104199800006,-8.679990400999941],[117.31283619500005,-8.679489389999958],[117.31326775700006,-8.682332548999966],[117.31811591600001,-8.686756424999942],[117.32120624100003,-8.685134894999976],[117.3219523030001,-8.688199036999947],[117.32045743200001,-8.691046736999965],[117.32277677000002,-8.691090619999954],[117.32411686500006,-8.693982393999931],[117.32346980900002,-8.695705329999953],[117.32841698800007,-8.696899706999943],[117.336062878,-8.702829642999973],[117.34358912400012,-8.705338918999928],[117.3540865980001,-8.703349690999971],[117.3764418080001,-8.703125433999958],[117.3813531300001,-8.70116060099997],[117.39504651900006,-8.703147024999964],[117.40098421000005,-8.705920982999942],[117.40261885400002,-8.708439785999929],[117.40844781800001,-8.707960841999977],[117.41016835000005,-8.704667104999942],[117.41273224400004,-8.705733731999942],[117.4180587190001,-8.703975971999967],[117.42125171800001,-8.70395896499997],[117.4256821460001,-8.70597212599995],[117.42784474500002,-8.705372521999948],[117.43005445200004,-8.706698476999975],[117.43477148700003,-8.705062042999941],[117.46173104900004,-8.703232387999947],[117.46980621800003,-8.705540776999953],[117.46925155500003,-8.715162182999961],[117.47206841800005,-8.721224523999979],[117.47231666100004,-8.72465293099998],[117.47089536600004,-8.72683148599998],[117.46659411200005,-8.727735791999976],[117.45700651000004,-8.736522419999972],[117.45535783300011,-8.744847422999953],[117.44960670300009,-8.753203472999928],[117.45012584100004,-8.75822059099994],[117.45242318500004,-8.76138840799996],[117.4500280310001,-8.763535747999981],[117.44878916800008,-8.766978385999948],[117.4490419650001,-8.767003103999969]]]}},{"type":"Feature","properties":{"kode_kec":"52.04.24","kecamatan":"Maronge","kab_kota":"Sumbawa"},"geometry":{"type":"MultiPolygon","coordinates":[[[[117.70522281800004,-8.744362710999951],[117.70394780000004,-8.745924056999968],[117.7037452080001,-8.750864199999967],[117.69743365200009,-8.758775703999959],[117.69837304900011,-8.768066531999978],[117.7000223880001,-8.772399076999932],[117.69844161000003,-8.778821827999934],[117.69595627700005,-8.78191323699997],[117.68781301100012,-8.787137120999944],[117.68483560800007,-8.79604863999998],[117.67890380500012,-8.798326763999967],[117.6768282810001,-8.804584466999927],[117.67082340400009,-8.81187810299997],[117.67172983300009,-8.821072564999952],[117.66901450700004,-8.828231097999947],[117.658227667,-8.838074766999966],[117.6551483820001,-8.843540404999942],[117.65492776200006,-8.84832510299998],[117.65160214800005,-8.851590469999962],[117.65145485500011,-8.85510493399994],[117.64029561000007,-8.85478885599997],[117.63204408500008,-8.864368755999976],[117.6216752900001,-8.868788794999944],[117.62459779800008,-8.864398138999945],[117.62253025200005,-8.863803878999931],[117.6206602520001,-8.856990303999964],[117.61914681200005,-8.856078700999944],[117.61940652500004,-8.853946702999963],[117.61040031300001,-8.850857995999945],[117.6056106200001,-8.854210941999952],[117.59884771100008,-8.853446893999944],[117.59188672100004,-8.847732056999973],[117.58621661400002,-8.845392315999959],[117.58469480100007,-8.845885885999962],[117.58159484500004,-8.843623733999948],[117.57503435600006,-8.824829803999933],[117.57565798100006,-8.807174352999937],[117.57386396400011,-8.801897537999935],[117.5837220310001,-8.789604371999928],[117.58604349400002,-8.784058080999955],[117.58686605800006,-8.776565386999948],[117.59072498000012,-8.774145271999942],[117.59141703700004,-8.77102674799994],[117.59000209600003,-8.763954578999972],[117.58692435700004,-8.757954641999959],[117.58686934600007,-8.748793955999929],[117.57981772000005,-8.743808409999929],[117.57391452500008,-8.736854319999964],[117.57569100600006,-8.728409055999975],[117.58872329200005,-8.727962292999962],[117.60809624300009,-8.712155589999952],[117.61651344600011,-8.69872062199994],[117.61754868100002,-8.693985573999953],[117.64142270400009,-8.65482996299994],[117.65927840000006,-8.63838822899993],[117.6784828000001,-8.606690499999957],[117.68120520000002,-8.610462899999959],[117.6805614000001,-8.611820699999953],[117.6826536000001,-8.61276479999998],[117.68381230000011,-8.611099399999944],[117.68169880000005,-8.608235199999967],[117.6842951000001,-8.606686499999967],[117.68274230000009,-8.606078199999956],[117.68964340000002,-8.603173099999935],[117.70506593100004,-8.601272215999927],[117.70866562900005,-8.59282327099993],[117.70977879500003,-8.584866062999936],[117.70897136200006,-8.580602265999971],[117.71302107100007,-8.570647556999972],[117.71477611300008,-8.568008087999942],[117.7192000230001,-8.567699955999956],[117.72292898600006,-8.565440986999931],[117.7254750080001,-8.557474967999951],[117.72929502200009,-8.559076038999933],[117.73123501200007,-8.562213013999951],[117.73733598900003,-8.564024984999946],[117.7355389810001,-8.567990032999944],[117.73752999200008,-8.571188992999964],[117.73349416600001,-8.574635643999954],[117.72888277100003,-8.581945347999977],[117.72704902900011,-8.58695202399997],[117.72752198400008,-8.588870996999958],[117.7373559670001,-8.594271976999948],[117.74317501400003,-8.588976955999954],[117.75377297600005,-8.589633040999956],[117.75629297600005,-8.591389980999963],[117.7577469690001,-8.597240995999925],[117.76071501500007,-8.597656984999958],[117.76136203600004,-8.59884300999994],[117.75910999000007,-8.603517004999958],[117.7600060100001,-8.605484006999973],[117.76257502100009,-8.605264973999965],[117.76247199500006,-8.607366965999972],[117.75896391700007,-8.606876150999938],[117.7578860210001,-8.608589362999965],[117.757731981,-8.609792987999981],[117.76046903300005,-8.61145197899998],[117.76003400900004,-8.61335704499993],[117.75567601400007,-8.612009958999977],[117.75227900200002,-8.616224001999967],[117.75194699700012,-8.619695956999976],[117.75471798400008,-8.622191003999944],[117.7510780240001,-8.625164954999946],[117.75134800900003,-8.631029960999967],[117.75485497200009,-8.631247967999968],[117.75984296900003,-8.629362038999943],[117.76394898500007,-8.632934956999975],[117.77381801400008,-8.63020301499995],[117.78128300100002,-8.63196195699993],[117.77735999200002,-8.634867003999943],[117.773090034,-8.635093021999978],[117.76844603200004,-8.637574976999929],[117.75624601700008,-8.635653980999962],[117.75008897700002,-8.638525008999977],[117.74984397300011,-8.648145991999968],[117.75265403500009,-8.652738041999953],[117.75677696700006,-8.65491895799994],[117.75609196800008,-8.657546028999946],[117.75712397500001,-8.659237043999951],[117.76160401900006,-8.660771003999969],[117.76302901800011,-8.658342020999953],[117.76630403700005,-8.657108025999946],[117.76721600300004,-8.654978012999948],[117.76916902800008,-8.655256040999973],[117.7699300160001,-8.65861104399994],[117.76864497300005,-8.661217996999937],[117.76862202900008,-8.66589995499993],[117.76485898500005,-8.668367011999976],[117.76552399100001,-8.67132795599997],[117.7590590960001,-8.67543117799994],[117.75417522500004,-8.675856253999939],[117.74938729300004,-8.67977290899995],[117.74241739700005,-8.680469848999962],[117.72948459800011,-8.686206586999958],[117.72272620000001,-8.690265120999982],[117.71955451400004,-8.693950582999946],[117.71131795000008,-8.71710365499996],[117.71100733600008,-8.720808162999958],[117.71340166300001,-8.726451080999936],[117.7069047760001,-8.741137028999958],[117.70522281800004,-8.744362710999951]]],[[[117.76156596800001,-8.64694803499998],[117.76137300900007,-8.645613993999973],[117.76314699200009,-8.646846954999944],[117.76168303100008,-8.647210038999958],[117.76156596800001,-8.64694803499998]]],[[[117.767649989,-8.605300004999947],[117.76859397100009,-8.605759023999951],[117.76769899500005,-8.605411040999968],[117.767649989,-8.605300004999947]]],[[[117.7636839810001,-8.590929961999962],[117.7641020320001,-8.590932026999951],[117.76418899800001,-8.591028972999936],[117.76422701100012,-8.59119003799998],[117.76421401900006,-8.591400033999946],[117.76415802600002,-8.591502960999946],[117.76405997200004,-8.591556958999945],[117.76390696500005,-8.591558979999945],[117.76364996300003,-8.59145495699994],[117.76356300700002,-8.59132500499993],[117.7635559680001,-8.591140005999932],[117.76355797500003,-8.591132043999949],[117.76364600300008,-8.590936004999946],[117.7636839810001,-8.590929961999962]]],[[[117.771375981,-8.551716037999938],[117.77589497000008,-8.554197988999931],[117.77940297100008,-8.554577964999964],[117.7950089740001,-8.54833402099996],[117.80037299100002,-8.552193029999955],[117.79939202700007,-8.55428498599997],[117.79838402200005,-8.553543040999955],[117.79684396900007,-8.55448800399995],[117.79734203200007,-8.555659986999956],[117.77784597100003,-8.561561035999944],[117.77298702400003,-8.55573898299997],[117.77212297100004,-8.552828967999972],[117.77052403500011,-8.55269497699993],[117.7666000270001,-8.556563995999966],[117.76812302000008,-8.559882983999955],[117.76782499400008,-8.56356096199994],[117.76979896500006,-8.565250998999943],[117.76582400300003,-8.565436042999977],[117.75997301600012,-8.569739977999973],[117.75038100200004,-8.56801601899997],[117.74679800800004,-8.569276010999943],[117.73857101600004,-8.56045002199994],[117.73560496800008,-8.559005038999942],[117.73320802700005,-8.560000042999945],[117.75068302700004,-8.540382971999975],[117.75602200700007,-8.540157015999966],[117.75559701000009,-8.543298016999927],[117.7578079760001,-8.546365957999967],[117.76228503400012,-8.54776303999995],[117.76427897500002,-8.546932968999954],[117.76426399800005,-8.543324963999964],[117.76636299300003,-8.538798025999938],[117.76948402800008,-8.542655962999959],[117.77124197300009,-8.551097966999976],[117.771375981,-8.551716037999938]]],[[[117.77628000600009,-8.661544019999951],[117.77612999500002,-8.65980398299996],[117.77826603000005,-8.659336025999949],[117.77847299700011,-8.662783009999941],[117.77649497200002,-8.661737004999964],[117.77628000600009,-8.661544019999951]]],[[[117.8725460280001,-8.607501041999967],[117.87259296500008,-8.608919963999938],[117.86671098000011,-8.61077303999997],[117.86472200100002,-8.607341026999961],[117.87232102500002,-8.607347016999938],[117.8725460280001,-8.607501041999967]]],[[[117.84136999400005,-8.605168000999981],[117.84237498200002,-8.603836011999931],[117.84217598300006,-8.607067965999931],[117.84161598600008,-8.606110957999931],[117.84136999400005,-8.605168000999981]]],[[[117.83471901300004,-8.601978001999953],[117.83476798800007,-8.60216896399993],[117.8347490110001,-8.602296956999965],[117.83470200700003,-8.602390015999958],[117.83451903500008,-8.602431013999933],[117.83438102600007,-8.60240499899993],[117.83429103200001,-8.602337013999943],[117.83425299100008,-8.601868964999937],[117.83457901500003,-8.601899002999971],[117.83464597700004,-8.60192001699994],[117.83471901300004,-8.601978001999953]]],[[[117.84705201800011,-8.602081990999977],[117.84698400100001,-8.602193001999979],[117.84683700300002,-8.60227000499998],[117.8466239820001,-8.602275989999953],[117.84651903100007,-8.602221965999945],[117.8464860140001,-8.601964960999965],[117.84674996400008,-8.601745008999956],[117.84684598800004,-8.601726983999981],[117.84696798000004,-8.601794985999959],[117.8470430100001,-8.601940043999946],[117.84705201800011,-8.602081990999977]]],[[[117.83982802100002,-8.600071034999928],[117.83999596400008,-8.600215981999952],[117.8400540020001,-8.600336029999937],[117.84005498500005,-8.60044200599998],[117.83996897100008,-8.600547990999928],[117.83981497100001,-8.600575996999964],[117.83959496400007,-8.600540035999927],[117.83955799800003,-8.600528993999944],[117.83954897100011,-8.600275009999962],[117.83954996300008,-8.600214965999953],[117.83962397000005,-8.600100958999974],[117.83971896300011,-8.60005698599997],[117.83982802100002,-8.600071034999928]]],[[[117.84025198000006,-8.575138999999979],[117.84176496600003,-8.577474007999967],[117.8418379960001,-8.584538038999938],[117.83695297000008,-8.589704988999927],[117.837269031,-8.593191005999927],[117.83447499900001,-8.59473700999996],[117.83363901300004,-8.591628010999955],[117.83085103500002,-8.589313989999937],[117.83209300100009,-8.585320028999945],[117.82814703100007,-8.582550021999964],[117.82973998900002,-8.582047992999946],[117.83024302600006,-8.579063958999939],[117.82898003000003,-8.577855967999938],[117.82608499000003,-8.577878000999931],[117.8314510140001,-8.574578971999927],[117.83986096700005,-8.574949957999934],[117.84025198000006,-8.575138999999979]]],[[[117.82316000900005,-8.558369956999968],[117.8232110240001,-8.561573989999943],[117.82484502200009,-8.563534008999966],[117.82770502300002,-8.563262043999941],[117.82744302000003,-8.561983987999952],[117.82884497100008,-8.561752027999944],[117.83139197300011,-8.564232986999968],[117.82521303400006,-8.567798957999969],[117.8241539710001,-8.56631398899998],[117.82253200200012,-8.567411956999933],[117.81909999000004,-8.56702698099997],[117.81345601500004,-8.561392987999966],[117.81418198200004,-8.558860983999978],[117.8181369780001,-8.555247995999935],[117.81946102900008,-8.555978998999933],[117.82205099300006,-8.554537001999961],[117.82325497400006,-8.558211961999973],[117.82316000900005,-8.558369956999968]]]]}},{"type":"Feature","properties":{"kode_kec":"52.04.25","kecamatan":"Tarano","kab_kota":"Sumbawa"},"geometry":{"type":"MultiPolygon","coordinates":[[[[117.94696999500002,-8.740093005999938],[117.94880802900002,-8.73999699199993],[117.94729401100005,-8.74040803899993],[117.94696999500002,-8.740093005999938]]],[[[117.94200799300006,-8.727345012999933],[117.94927400300003,-8.73126803599996],[117.9473789760001,-8.737038978999976],[117.94821400000001,-8.73896495699995],[117.94513600200003,-8.740068015999952],[117.94585001000007,-8.742874015999973],[117.9483899710001,-8.744258986999967],[117.95402900800002,-8.742439013999956],[117.95603899700006,-8.739959015999943],[117.95946297100011,-8.743051008999942],[117.96738599300011,-8.74176396599995],[117.97110896400011,-8.739282957999933],[117.97370498400005,-8.739981039999975],[117.9807650360001,-8.733419966999975],[117.98387399300009,-8.727411034999932],[117.99004701700005,-8.721934012999952],[117.9915470310001,-8.721864000999972],[117.9862520260001,-8.717645997999966],[117.98670796900001,-8.715619021999942],[117.99117202200011,-8.71070803899994],[117.99480702700009,-8.710058998999955],[117.99939402000007,-8.714170966999973],[118.00022501500007,-8.711323965999952],[118.00205002900009,-8.713189962999934],[118.00464300800002,-8.71143004399994],[118.0070250340001,-8.713585966999972],[118.00918903700006,-8.71199199299997],[118.01131499500002,-8.705951957999957],[118.01608002700004,-8.702119998999933],[118.02001203400005,-8.695066018999967],[118.02547600600008,-8.690016033999939],[118.02604298300002,-8.686682979999944],[118.0350629730001,-8.682731029999957],[118.03577196700007,-8.67880099599995],[118.03405996900005,-8.677606038999954],[118.03834302300004,-8.67430900599993],[118.03803903100004,-8.672445013999948],[118.03578301100004,-8.672165956999947],[118.03635896500009,-8.67116100499993],[118.0470509810001,-8.669795978999957],[118.05124397000009,-8.666202041999952],[118.05190002300003,-8.66300001999997],[118.05430297700002,-8.664527002999932],[118.06010401300011,-8.661509035999927],[118.06891102000009,-8.66282696299993],[118.07046798900001,-8.660604990999957],[118.06852403200003,-8.65796901799996],[118.06990999900006,-8.657160955999927],[118.07148703700011,-8.658307031999925],[118.07339003700008,-8.656003969999972],[118.07489599000007,-8.656183020999947],[118.0758170150001,-8.659622042999956],[118.08187930100007,-8.659376002999977],[118.08408506100011,-8.657755589999965],[118.08377102400004,-8.65502096399996],[118.08610102800003,-8.654531972999962],[118.08800097400001,-8.652274972999976],[118.09311701600006,-8.653435017999925],[118.09603202900007,-8.655588037999962],[118.09782002800011,-8.654596989999959],[118.0974409690001,-8.653373000999977],[118.10806100700006,-8.656895998999971],[118.1110939990001,-8.655804988999932],[118.11287301100003,-8.653403023999942],[118.11224399000002,-8.652587023999956],[118.11556901000006,-8.653269039999941],[118.11624202400003,-8.651184034999972],[118.1205539880001,-8.654995010999926],[118.1204149780001,-8.65775595599996],[118.12521642400009,-8.657863855999949],[118.12603912300006,-8.656559910999931],[118.12306996500001,-8.651743002999979],[118.12660297200011,-8.651378995999949],[118.12484099200003,-8.648350040999958],[118.1279949640001,-8.650109956999927],[118.13174698900002,-8.649823018999939],[118.13332500700005,-8.651732029999948],[118.13877097200009,-8.650471995999965],[118.14122997100003,-8.647873955999955],[118.14515296700006,-8.655801018999966],[118.14797101900001,-8.653690021999978],[118.14906198500012,-8.650391962999947],[118.15134102800005,-8.654763990999982],[118.15445100300008,-8.656421989999956],[118.15621296400002,-8.655504003999965],[118.15491198900008,-8.652923015999932],[118.15547499900003,-8.650593001999937],[118.15703803000008,-8.652710986999978],[118.1592699680001,-8.652774032999957],[118.16081099500002,-8.654426963999981],[118.16623201400012,-8.652204954999945],[118.16896400200005,-8.655138034999936],[118.1696869640001,-8.659206987999937],[118.17339967700002,-8.66067415799995],[118.17590762800012,-8.659873468999933],[118.17582944200001,-8.654845187999967],[118.17755348900005,-8.663832973999945],[118.17652312700011,-8.66948240499994],[118.17883248100009,-8.677767238999934],[118.17692837200002,-8.682441542999982],[118.17739437000012,-8.689479006999932],[118.17839134400003,-8.69257504199993],[118.18621767200011,-8.700469402999943],[118.1883656440001,-8.70573558999996],[118.21119785400003,-8.701856195999937],[118.21499569800005,-8.70285744299997],[118.22259185300004,-8.701772283999958],[118.22678662400006,-8.703939833999925],[118.2329911600001,-8.701529200999971],[118.2401355930001,-8.70294286099994],[118.27204426900005,-8.69279701499994],[118.27760133600009,-8.692674729999965],[118.28922115400007,-8.69617480599993],[118.31216335500005,-8.693435588999932],[118.32007800000008,-8.69711099999995],[118.31916741900011,-8.701236041999948],[118.33066898600009,-8.708605714999976],[118.33351596300008,-8.71473201599997],[118.33082302100001,-8.717805013999964],[118.330789976,-8.722041038999976],[118.32664697500002,-8.724898044999975],[118.32749097500005,-8.728046984999935],[118.32359498800008,-8.731648993999954],[118.32190302600009,-8.731917989999943],[118.32036100100004,-8.728810970999973],[118.31582297800003,-8.728642026999978],[118.30363602800003,-8.732431012999939],[118.28727501100002,-8.740435004999938],[118.28439700000001,-8.744679032999954],[118.28249703400002,-8.750910967999971],[118.28599301200006,-8.757693010999958],[118.28465099000005,-8.761672980999947],[118.28558100900011,-8.764416980999954],[118.28382602200008,-8.769308983999963],[118.27371602700009,-8.77032201399993],[118.2697339660001,-8.773830037999971],[118.26718900800006,-8.771639036999943],[118.25938000200006,-8.774622015999967],[118.25468301000001,-8.784082986999977],[118.25428896500011,-8.78584996799998],[118.25551699300001,-8.787441031999947],[118.24927800400008,-8.78975897099997],[118.24814697200009,-8.793067039999926],[118.2489350300001,-8.794562026999927],[118.23425496900006,-8.800808974999939],[118.22762796800009,-8.80513396899994],[118.22151197900007,-8.806758989999935],[118.21886101000007,-8.812099018999959],[118.2194969740001,-8.814529990999972],[118.21336698200003,-8.820310011999936],[118.21063896600003,-8.825669966999953],[118.210980027,-8.829263996999941],[118.20972098900006,-8.832532997999976],[118.19476403100009,-8.843434012999978],[118.18805902000008,-8.846382959999971],[118.18518302100006,-8.853882022999926],[118.17327600100009,-8.858387039999968],[118.15882497300004,-8.858785975999979],[118.15059700500001,-8.864925013999937],[118.1415710340001,-8.867106035999939],[118.13728396400006,-8.872329964999949],[118.12538902500012,-8.878287003999958],[118.11896099500007,-8.876816988999963],[118.10916300600002,-8.871772035999982],[118.09264898300012,-8.859528015999956],[118.09400296600006,-8.853621971999928],[118.08647900300002,-8.841665791999958],[118.08923883600005,-8.840621238999972],[118.08994457800009,-8.836670751999975],[118.09901555300007,-8.824691160999976],[118.10240917200008,-8.817520203999948],[118.10802158000001,-8.814467401999934],[118.11013283700004,-8.814651339999955],[118.11135861800005,-8.810478586999977],[118.11438361500007,-8.81076358599995],[118.11510623700008,-8.806748263999964],[118.11684012800004,-8.805223199999944],[118.11705909400007,-8.800621270999955],[118.11985285600008,-8.796737871999937],[118.12012789800008,-8.794569617999969],[118.11837473900005,-8.792359096999974],[118.12029660000007,-8.791675809999958],[118.12040306800009,-8.789031336999926],[118.12270230900003,-8.788140326999951],[118.1246775950001,-8.784863875999974],[118.12336621600002,-8.78090186399993],[118.12845445100004,-8.776932183999975],[118.12692472200001,-8.773651831999928],[118.12822143300002,-8.772118211999953],[118.12747823200004,-8.770473208999931],[118.12908646100004,-8.76817942799994],[118.12886836300004,-8.765091147999954],[118.13323621800009,-8.763461683999935],[118.13382731700005,-8.758394543999941],[118.1302052210001,-8.75168671199998],[118.13858604400002,-8.733454483999935],[118.14303876400004,-8.718592232999981],[118.14146683700005,-8.714386737999973],[118.13592021500006,-8.709033404999957],[118.13099005800007,-8.711449521999953],[118.12499943500006,-8.712447491999967],[118.09622604200001,-8.706141957999932],[118.09655923700006,-8.707653862999962],[118.0761979130001,-8.713687241999935],[118.07282838200001,-8.716059326999925],[118.06789157100002,-8.715674586999967],[118.05980320700007,-8.722395559999939],[118.05130390300008,-8.725410574999955],[118.04953073200011,-8.727244085999928],[118.049727458,-8.72919679599994],[118.04563536900002,-8.72805868599994],[118.03583789800007,-8.734609211999953],[118.03333565900004,-8.746185233999938],[118.02836684500005,-8.75998292099996],[118.01505989700001,-8.75439589299998],[118.01708373500003,-8.749781290999977],[118.0135492070001,-8.747812247999946],[117.99818799200011,-8.747550871999977],[117.99349377600004,-8.744540815999926],[117.99093595700003,-8.744850270999962],[117.98955026500005,-8.746830097999975],[117.98247995500003,-8.747602464999943],[117.954728208,-8.748123675999977],[117.94955940900002,-8.746059732999981],[117.94679399200004,-8.747722309999972],[117.94483041700005,-8.746460100999968],[117.94322972900011,-8.74749049899998],[117.94019170100012,-8.745698488999949],[117.93948931000011,-8.743675007999968],[117.93806522700004,-8.744047967999961],[117.92706240700011,-8.739477308999938],[117.93808486000012,-8.721407965999958],[117.93855101400004,-8.726410022999971],[117.94103499200003,-8.726836993999939],[117.94200799300006,-8.727345012999933]]],[[[117.94885201200009,-8.725724962999948],[117.95085799200001,-8.722475968999959],[117.95234097200012,-8.722299003999979],[117.95081796400007,-8.725733968999975],[117.94898499200008,-8.725788016999957],[117.94885201200009,-8.725724962999948]]],[[[118.01380299900006,-8.692647033999947],[118.01335902200003,-8.694520007999927],[118.01013801800002,-8.692599985999948],[118.01375602700011,-8.69251496499993],[118.01380299900006,-8.692647033999947]]],[[[118.00624496600005,-8.685273018999965],[118.00677496700007,-8.683580030999963],[118.00928898900008,-8.685361993999948],[118.00878301000012,-8.686504982999963],[118.00684998500003,-8.685770994999928],[118.00624496600005,-8.685273018999965]]],[[[117.97854503300005,-8.613024006999979],[117.97926498800007,-8.61684104099993],[117.9818620320001,-8.617107033999957],[117.98409999900002,-8.619690979999973],[117.97605301300007,-8.623338959999955],[117.9754809860001,-8.62518800099997],[117.976938012,-8.62815898699995],[117.98200903500003,-8.62908497999996],[117.98335699400002,-8.62718095799994],[117.98717999300004,-8.626820036999959],[117.98764902100004,-8.628756017999933],[117.99122397600001,-8.630371035999929],[117.99128597900005,-8.631933987999957],[117.98854998000002,-8.633367987999975],[117.99241400900007,-8.635468981999963],[117.99586099300006,-8.63446098199995],[117.9977629770001,-8.628336970999953],[117.99918598800002,-8.627252012999975],[118.00318502800008,-8.628414972999963],[118.00496901700001,-8.633123041999966],[118.00297596900009,-8.637442964999934],[117.9997959850001,-8.637084976999972],[118.00038003600002,-8.639386023999975],[117.99773403500001,-8.641393034999965],[117.99727300100005,-8.642812036999942],[117.99875402400005,-8.643277011999942],[117.99933703400006,-8.645492975999957],[117.99730303100011,-8.645853993999935],[117.99716399700003,-8.651629003999972],[117.99971900800006,-8.654477017999966],[118.00033002400005,-8.657467990999976],[118.00326096600008,-8.656764977999956],[118.0053229780001,-8.658467973999961],[118.00508200700006,-8.661842024999942],[118.00219697600005,-8.663962010999967],[118.00779802400007,-8.668872042999965],[118.00864899700002,-8.672074032999944],[118.00675597400004,-8.674822028999927],[118.01128799800006,-8.678326955999978],[118.00548002000005,-8.679428979999955],[118.00179698700003,-8.684312979999959],[118.00409099300009,-8.690420015999962],[118.00279398700002,-8.693448002999958],[118.00123397800007,-8.692725033999977],[117.99901096600001,-8.687635025999953],[117.99719703400001,-8.687495011999943],[117.99391202000004,-8.69112901799997],[117.99003502100004,-8.688801998999963],[117.98815903700006,-8.686003994999965],[117.98533702400005,-8.688971958999957],[117.98427501000003,-8.688335967999933],[117.98249502400006,-8.69095897799997],[117.97905401700007,-8.692083995999951],[117.97806301100002,-8.691315970999938],[117.97822297700009,-8.685515030999966],[117.98785403700003,-8.672030018999976],[117.98790500000007,-8.668014011999958],[117.99031700300009,-8.667225985999949],[117.9950070220001,-8.66261697699997],[117.99339300100007,-8.658247959999926],[117.99426696600005,-8.65476601499995],[117.99137998100002,-8.652653040999951],[117.98980698600008,-8.64791596699996],[117.98730401800003,-8.65024598499997],[117.98800903000006,-8.656504028999962],[117.98623700100006,-8.660138020999966],[117.98368900000003,-8.65708499799996],[117.98148499500007,-8.657233977999965],[117.9778520320001,-8.660583995999957],[117.97403399100006,-8.658437005999929],[117.97076199500009,-8.658680964999974],[117.96952197400003,-8.661096018999956],[117.97002200800011,-8.66411600899994],[117.9650699980001,-8.66596003899997],[117.96419497800002,-8.670905968999932],[117.95825300900003,-8.67019004499997],[117.954815972,-8.666202993999946],[117.9551559900001,-8.664837042999977],[117.95828002700011,-8.664495021999926],[117.9620900000001,-8.66070002899994],[117.96133300500003,-8.65621103799998],[117.96641099900012,-8.650912003999963],[117.96492397100008,-8.64732401799995],[117.97366596500001,-8.648409010999956],[117.97589303000007,-8.645444022999925],[117.97643102000006,-8.642272018999961],[117.97931399800007,-8.639321981999956],[117.97805899100001,-8.636664983999935],[117.97404000000006,-8.636299966999957],[117.9719780160001,-8.637992017999977],[117.96969403700007,-8.636599971999942],[117.96817797500012,-8.634510990999956],[117.9704700310001,-8.632501991999959],[117.97065899500001,-8.630526972999974],[117.96726999700002,-8.627665994999973],[117.96562503100006,-8.627260977999981],[117.95988103000002,-8.630270980999967],[117.9537990010001,-8.629923014999974],[117.95740802400007,-8.626777009999955],[117.95690396900011,-8.624559035999937],[117.96144400300011,-8.61970396299995],[117.96007401400004,-8.618172021999953],[117.95514801200011,-8.618769965999945],[117.95709602600004,-8.615384954999968],[117.95017997100001,-8.613793955999938],[117.95640998700003,-8.61122895799997],[117.95889697500002,-8.611874977999946],[117.96249601000011,-8.610549980999963],[117.967239973,-8.611347985999942],[117.96979996700009,-8.613645033999944],[117.97378200500009,-8.613601961999962],[117.97737100400002,-8.611393977999967],[117.97851102600009,-8.612883034999982],[117.97854503300005,-8.613024006999979]]],[[[118.05035236900005,-8.66022860299995],[118.05183610900008,-8.661770830999956],[118.05050729400011,-8.660568756999965],[118.05035236900005,-8.66022860299995]]],[[[118.13742396900011,-8.647466017999932],[118.138580993,-8.648246041999926],[118.13753396900006,-8.647689020999962],[118.13742396900011,-8.647466017999932]]]]}},{"type":"Feature","properties":{"kode_kec":"52.04.08","kecamatan":"Sumbawa","kab_kota":"Sumbawa"},"geometry":{"type":"Polygon","coordinates":[[[117.44865237900001,-8.515960648999965],[117.44839714600005,-8.531798475999949],[117.44228987300005,-8.532776418999958],[117.43304988900002,-8.52956151799998],[117.43052578600009,-8.521604871999955],[117.42903387600006,-8.52185020099995],[117.42892040000004,-8.520029783999973],[117.41437097500011,-8.516323736999937],[117.41338071200005,-8.511621893999973],[117.41717430000006,-8.509600099999943],[117.41501390000008,-8.50682999999998],[117.41661620000002,-8.504690599999947],[117.4177386,-8.505703299999936],[117.4178505000001,-8.503600799999958],[117.41908477400011,-8.503726115999939],[117.41482551500008,-8.494490619999965],[117.40707724100002,-8.492109037999967],[117.40310656700001,-8.492303066999966],[117.40164628100001,-8.489626776999955],[117.40291634700009,-8.487754432999964],[117.40520903700008,-8.488505746999977],[117.40538987600007,-8.487211320999961],[117.40321980700003,-8.483147200999952],[117.3976350590001,-8.484251885999981],[117.3988442320001,-8.48165600699997],[117.40195300000005,-8.481615999999974],[117.40022080000006,-8.477968099999941],[117.41351083100005,-8.47494917399996],[117.41066477800007,-8.468836694999936],[117.40770507400009,-8.467548289999968],[117.40626870400001,-8.465388763999954],[117.40660902100001,-8.460410968999952],[117.40463898400003,-8.455582990999972],[117.40982603200007,-8.446313015999976],[117.41428603500003,-8.442890956999975],[117.41681298500009,-8.43912599999993],[117.42512601500005,-8.421081969999932],[117.43434897500003,-8.41322602699995],[117.43562301800011,-8.410842979999927],[117.43579699800011,-8.405061961999934],[117.43053901500002,-8.401964001999943],[117.42740299200011,-8.396284067999943],[117.43923683500009,-8.402285417999963],[117.44316455600006,-8.40813437199995],[117.4437956490001,-8.443208185999936],[117.44145508200006,-8.463542359999963],[117.44314653200001,-8.468817366999929],[117.45204297100008,-8.483350298999937],[117.45148197100002,-8.485340640999937],[117.452871576,-8.486492299999952],[117.45453895600008,-8.48567165199995],[117.45458537700006,-8.487380754999947],[117.45730830200011,-8.489283501999978],[117.45753802000002,-8.490868837999926],[117.45728678900002,-8.500471596999944],[117.45141992900005,-8.507832363999967],[117.44887057100004,-8.514814849999937],[117.44865237900001,-8.515960648999965]]]}},{"type":"Feature","properties":{"kode_kec":"52.04.09","kecamatan":"Moyo Hilir","kab_kota":"Sumbawa"},"geometry":{"type":"MultiPolygon","coordinates":[[[[117.53619304100005,-8.577329428999974],[117.53360501000009,-8.580348770999933],[117.52136609800004,-8.587002419999976],[117.52083357000004,-8.590549664999969],[117.51886280500003,-8.591878472999952],[117.50591389600004,-8.590230335999934],[117.48187721700003,-8.595443866999972],[117.47995611200008,-8.575142519999929],[117.475898013,-8.568369594999979],[117.47686637700008,-8.563827188999937],[117.47390602600001,-8.560498623999933],[117.47464147400001,-8.547454072999926],[117.47337874400012,-8.542072290999954],[117.47423277900009,-8.539979623999955],[117.47110703900012,-8.540891527999975],[117.46866550900006,-8.538644747999967],[117.46144468000011,-8.536440959999936],[117.4578914440001,-8.534481377999953],[117.45567895800002,-8.531350248999956],[117.44839714600005,-8.531798475999949],[117.44821416500008,-8.51807118499994],[117.45044880600005,-8.509624211999949],[117.45728678900002,-8.500471596999944],[117.45721468200009,-8.495115083999963],[117.47221301700006,-8.493630612999937],[117.4869312840001,-8.490451218999965],[117.50077510500012,-8.493033907999973],[117.50313344300002,-8.497675899999933],[117.5060830760001,-8.495360133999952],[117.50732477300005,-8.490974818999973],[117.5043599070001,-8.489302257999952],[117.50809265300006,-8.485844493999934],[117.50517497800001,-8.485613086999933],[117.50666419700008,-8.482048150999958],[117.50110560500002,-8.477741693999974],[117.50151759700009,-8.47484273799995],[117.51414630500005,-8.460407509999925],[117.51980111900002,-8.459053444999938],[117.53698328400003,-8.44692575299996],[117.54253678600003,-8.441276639999955],[117.56709708800008,-8.408310122999978],[117.56715803000009,-8.417270005999967],[117.57041596700003,-8.424247011999967],[117.56947900900002,-8.42680702399997],[117.57042298400006,-8.42893403499994],[117.56714397200005,-8.438670961999946],[117.56502796400002,-8.437947042999951],[117.56280996300006,-8.440290042999948],[117.56569100600007,-8.441433011999948],[117.56568103500001,-8.442610979999927],[117.56140800900005,-8.447328033999952],[117.56135996300009,-8.450207965999937],[117.55920397300008,-8.45291502699996],[117.56152997100003,-8.45360304199994],[117.56481401500002,-8.447982016999958],[117.56684499900007,-8.448870007999972],[117.56813596800009,-8.459878992999961],[117.56283897300011,-8.461434012999973],[117.55977999000004,-8.464002028999971],[117.56031099800009,-8.467399027999932],[117.56326501700005,-8.465734018999967],[117.56565298700002,-8.46689097899997],[117.5645530270001,-8.470715982999934],[117.56949400400003,-8.473079994999978],[117.56538802000011,-8.475761987999931],[117.56394134900006,-8.479171548999943],[117.56745500000011,-8.479536008999958],[117.56551698700002,-8.485371964999956],[117.5675480000001,-8.49083500599994],[117.5712439890001,-8.495414979999964],[117.57037600400008,-8.500837021999928],[117.57588897200003,-8.50200603999997],[117.58048201700001,-8.499615019999965],[117.58137998900008,-8.502061992999927],[117.58685703200001,-8.503473981999946],[117.58705662300008,-8.505130278999957],[117.5891029600001,-8.505691831999968],[117.59184902600009,-8.503963969999973],[117.59054698400007,-8.501585009999928],[117.5913029940001,-8.499153006999961],[117.58789096700002,-8.492993990999935],[117.58923400100002,-8.487407979999944],[117.58786001900012,-8.485504957999979],[117.58595098,-8.486345034999943],[117.5853510070001,-8.483585999999946],[117.58081297100011,-8.482106015999932],[117.58080600000005,-8.476065991999974],[117.58279297000001,-8.474716972999943],[117.57914401300002,-8.473276959999964],[117.57853298400005,-8.471340028999975],[117.5796950030001,-8.470132957999965],[117.57712798700004,-8.467701009999928],[117.57889200500006,-8.464201991999971],[117.58474100700005,-8.466196956999966],[117.58452000600005,-8.465292981999937],[117.57815998800004,-8.46089096399993],[117.57684198300001,-8.457032967999965],[117.57905102600012,-8.456468039999947],[117.57561302800002,-8.454609968999932],[117.57467797900006,-8.450838030999932],[117.5759829640001,-8.447769969999968],[117.58025799300003,-8.447625029999926],[117.57557897100003,-8.44523000199996],[117.57439902500005,-8.441672016999973],[117.57680896600004,-8.433589032999976],[117.58397600700005,-8.426033979999943],[117.59046000800004,-8.426161013999945],[117.59255197900006,-8.430204991999972],[117.59153701500009,-8.431668965999961],[117.58621097700006,-8.432462981999947],[117.58805303400004,-8.43073996399994],[117.58747902900006,-8.42943798999994],[117.58677097800012,-8.430886028999964],[117.58358736900004,-8.432076066999969],[117.58455401000003,-8.435244025999964],[117.59626997500004,-8.433732027999952],[117.59840202600003,-8.431235975999925],[117.59797297900002,-8.427628996999943],[117.59990201300002,-8.426841027999956],[117.60208900900011,-8.428381959999967],[117.60059499600004,-8.432994029999975],[117.6013989700001,-8.435143954999944],[117.60702097400008,-8.438111989999982],[117.61658396300004,-8.439180964999935],[117.6243090270001,-8.442896987999973],[117.62513200400008,-8.444845978999979],[117.62324900300007,-8.448663043999943],[117.62391903200012,-8.449542040999972],[117.62588396300009,-8.448180014999934],[117.62811402000011,-8.450920991999965],[117.6319239930001,-8.462816958999952],[117.63481499800002,-8.465077991999976],[117.63472700300008,-8.474096957999961],[117.63185303700004,-8.478600043999961],[117.63272400000005,-8.483565029999966],[117.63146703600012,-8.487649965999935],[117.62534099900006,-8.499672947999954],[117.6082825420001,-8.51332731399998],[117.59882402200003,-8.52502543199995],[117.55955913000003,-8.558411992999936],[117.55406487900007,-8.564336437999941],[117.54817887500008,-8.568217937999975],[117.54139978700005,-8.570334246999948],[117.53811044600002,-8.573934551999969],[117.53619304100005,-8.577329428999974]]],[[[117.6332880330001,-8.425563001999933],[117.62842797200005,-8.425771021999935],[117.63562103000004,-8.424109008999949],[117.63458401300011,-8.425073040999962],[117.6332880330001,-8.425563001999933]]]]}},{"type":"Feature","properties":{"kode_kec":"52.04.06","kecamatan":"Utan","kab_kota":"Sumbawa"},"geometry":{"type":"MultiPolygon","coordinates":[[[[117.11085000700007,-8.48631099599993],[117.10345397200001,-8.481368956999972],[117.09319799900004,-8.470920977999981],[117.08486703400001,-8.46600095499997],[117.0804569710001,-8.459793978999926],[117.06889302400009,-8.449653988999955],[117.06489600300006,-8.435350010999969],[117.06704598100009,-8.434682960999965],[117.06596799800002,-8.433035958999938],[117.06753402800007,-8.429617967999945],[117.06676302900007,-8.42406402399996],[117.07043200700002,-8.420340980999981],[117.075425988,-8.420927972999948],[117.07912096900009,-8.418924016999938],[117.08120497000004,-8.420320001999926],[117.08102701200005,-8.42256400599996],[117.08456301800004,-8.42153998699996],[117.08821199400006,-8.423299956999927],[117.08993300100008,-8.420246023999937],[117.08441202400002,-8.418502030999946],[117.08143501100005,-8.41891504399996],[117.08146898400003,-8.416247017999979],[117.09107197900005,-8.41401396599997],[117.09456802400007,-8.416972992999945],[117.0967819660001,-8.416302961999975],[117.09753685500004,-8.413360036999961],[117.09553620400004,-8.408218616999932],[117.0933116860001,-8.409100055999943],[117.08981824000011,-8.40366920699995],[117.08865300200011,-8.403793501999928],[117.08879899400006,-8.406691043999956],[117.09091897000008,-8.409603024999967],[117.08806498000001,-8.408164036999949],[117.0876450180001,-8.398910978999936],[117.0885070280001,-8.397463007999932],[117.09666099700007,-8.39484000799996],[117.10241103600003,-8.39028803499997],[117.10385603700001,-8.38817698899993],[117.10389801200006,-8.382092040999964],[117.10523297700001,-8.380076969999948],[117.10980998900004,-8.37667698499996],[117.11344799800008,-8.378107003999958],[117.1155029890001,-8.376957970999968],[117.11397596300003,-8.375840001999961],[117.10679697300009,-8.376448014999937],[117.1050020350001,-8.373811040999954],[117.10550101700005,-8.372780035999938],[117.1078139650001,-8.371701964999943],[117.1094059830001,-8.372341990999928],[117.10943297000006,-8.371089001999962],[117.11107897400007,-8.370619996999949],[117.11303399600001,-8.371459043999948],[117.12322596400008,-8.369012978999933],[117.131082977,-8.371573024999975],[117.13315072400007,-8.374515494999969],[117.14220076600009,-8.378474798999946],[117.1480060350001,-8.376220028999967],[117.15144502300006,-8.373389008999936],[117.15225697000005,-8.366054042999963],[117.15506302900008,-8.364287024999953],[117.16547696300006,-8.368934968999952],[117.17559499700008,-8.376413018999926],[117.17548100800002,-8.379931986999964],[117.17385797100007,-8.381592006999938],[117.17380799400007,-8.380536019999965],[117.17108602100006,-8.380767998999943],[117.17054502500002,-8.384867019999945],[117.17208499300011,-8.385170031999962],[117.17258802900005,-8.382325992999938],[117.17624397700001,-8.381738990999963],[117.18329703500001,-8.384814004999953],[117.19018700100003,-8.395440009999959],[117.20089700200003,-8.40420397899993],[117.20150611100007,-8.406806702999972],[117.19768332500007,-8.410656999999958],[117.20004642600009,-8.416696438999963],[117.19869647900009,-8.419493201999956],[117.2006729100001,-8.422383268999965],[117.2003647680001,-8.42679138699998],[117.201556159,-8.427948395999977],[117.20747250600004,-8.450358779999931],[117.20798315600007,-8.46112236199997],[117.20613213600006,-8.46724654999997],[117.20184457300002,-8.474406758999976],[117.19559771700006,-8.476848176999965],[117.19059006000009,-8.481262999999956],[117.1820423040001,-8.484758835999969],[117.17046829500009,-8.494167102999938],[117.16649259400003,-8.49578760399993],[117.15395039400005,-8.497353890999932],[117.15301644200008,-8.512503030999937],[117.14728272900004,-8.520358593999958],[117.14070959200001,-8.525963692999937],[117.13920984100002,-8.526101727999958],[117.13397796900006,-8.518296976999977],[117.1278449780001,-8.512444036999966],[117.12617697400003,-8.502396026999975],[117.1180960260001,-8.48956696199997],[117.11149849500009,-8.486500623999973],[117.11085000700007,-8.48631099599993]]],[[[117.07281998100007,-8.390180028999964],[117.07493099600003,-8.389626982999971],[117.0731899970001,-8.390240008999967],[117.07281998100007,-8.390180028999964]]],[[[117.08244701300009,-8.373285987999964],[117.07781797000007,-8.378196030999959],[117.07130296500009,-8.37455597099995],[117.07083301800003,-8.373060976999966],[117.07297698700006,-8.371384999999975],[117.08087297500003,-8.371394043999942],[117.0824720170001,-8.372519995999937],[117.08244701300009,-8.373285987999964]]]]}},{"type":"Feature","properties":{"kode_kec":"52.04.07","kecamatan":"Batu Lanteh","kab_kota":"Sumbawa"},"geometry":{"type":"Polygon","coordinates":[[[117.20780423100007,-8.711721883999928],[117.19099513200001,-8.712342460999935],[117.16229017700005,-8.70929767299998],[117.13864277100004,-8.70299912799993],[117.12619404600002,-8.702153475999978],[117.11331550700004,-8.699172103999956],[117.0856911410001,-8.699835096999948],[117.08421392600007,-8.696836816999962],[117.0748250040001,-8.690726739999945],[117.07188244700001,-8.687314674999925],[117.07057553400011,-8.684723748999943],[117.0711691570001,-8.680526992999944],[117.06936885100004,-8.677976258999934],[117.06253491100006,-8.674812980999945],[117.05969522500004,-8.67733859599997],[117.05707550700004,-8.677853552999977],[117.05332699400003,-8.67565243799993],[117.04925000900005,-8.670703020999952],[117.05423446700001,-8.655370693999942],[117.0563831930001,-8.653994473999944],[117.05463159400006,-8.65211980099997],[117.05990072100008,-8.647841981999932],[117.06026048500007,-8.646051814999964],[117.06321123400005,-8.644952964999959],[117.06457304100002,-8.642112192999946],[117.06629746100009,-8.641781863999938],[117.0690985970001,-8.633797173999938],[117.07760150600006,-8.621388397999965],[117.08701108700006,-8.602115358999981],[117.09229697300009,-8.596275051999953],[117.09450730300011,-8.590141440999957],[117.09899476400005,-8.58456597399993],[117.10047007500009,-8.578494193999973],[117.10478416700005,-8.575607584999943],[117.11600373800002,-8.577960344999951],[117.13655804200005,-8.57669860599998],[117.14707708100002,-8.586229487999958],[117.15464547800002,-8.584369716999959],[117.17112093700007,-8.584149787999934],[117.17947366800001,-8.573629124999968],[117.18207211600009,-8.563624241999946],[117.18553423200001,-8.558199070999933],[117.18369252900004,-8.55392317999997],[117.18540574100007,-8.552209967999943],[117.19180173200004,-8.552723931999935],[117.19705558200008,-8.551467575999936],[117.20642114100008,-8.55363764499998],[117.20977618100005,-8.55668811399994],[117.21319956500008,-8.57153015199998],[117.21635779100006,-8.567187566999962],[117.22378171000003,-8.562419126999941],[117.22402283200006,-8.560613025999942],[117.22169205800003,-8.558942781999974],[117.22459382000011,-8.555650036999964],[117.22689475900006,-8.556987293999953],[117.22700540400001,-8.55150382599993],[117.24175542100011,-8.55159992199998],[117.241835949,-8.553371702999925],[117.24365861700005,-8.553466880999963],[117.24311609900008,-8.554785102999972],[117.24596277,-8.55502656899995],[117.2498646470001,-8.55940284299993],[117.2617679010001,-8.562585371999944],[117.27605335900012,-8.550132073999976],[117.27975716300011,-8.55251037399995],[117.28681998900004,-8.552364705999935],[117.29535995900005,-8.546324281999944],[117.29559041700008,-8.544243666999932],[117.29154006600004,-8.536366351999959],[117.29177624500005,-8.531828983999958],[117.29873957500001,-8.533790797999927],[117.3092700420001,-8.533781494999971],[117.32278593300009,-8.528981332999933],[117.32954105700003,-8.53076965699995],[117.33539140500011,-8.534110042999941],[117.34543287300005,-8.543945331999964],[117.3520966100001,-8.552829766999935],[117.35281854000004,-8.556697606999933],[117.35578676900002,-8.561790391999978],[117.35559485800002,-8.565901671999939],[117.34328920100006,-8.577894803999925],[117.34890782100001,-8.582474054999977],[117.35643794500004,-8.598011883999959],[117.35362335000002,-8.599470981999957],[117.35181485900011,-8.598015638999925],[117.3488429030001,-8.602798672999938],[117.34435593700005,-8.602056868999966],[117.34190537200004,-8.606386688999976],[117.34195453200005,-8.603671366999947],[117.33901908000007,-8.60563000899998],[117.33552322600008,-8.605344253999931],[117.3357898800001,-8.60389476499995],[117.3324238240001,-8.602744604999941],[117.33132612600002,-8.605137944999967],[117.32970466200004,-8.603936017999956],[117.32750487400006,-8.604831710999974],[117.32713959000012,-8.603261205999956],[117.32525529200007,-8.604202311999927],[117.32441686900006,-8.602634275999947],[117.32319967700005,-8.605417902999932],[117.32052322600009,-8.604426803999957],[117.3181095540001,-8.60639532099998],[117.31696711500001,-8.610582917999977],[117.31455353900003,-8.608794082999964],[117.31493468100007,-8.610296653999967],[117.31243431000007,-8.61051247599994],[117.31145260400001,-8.61244516499994],[117.30516828500004,-8.614154281999959],[117.30376061000004,-8.611663031999967],[117.29978653300009,-8.61344060099998],[117.29865138900004,-8.612735258999976],[117.29706894900005,-8.61451163299995],[117.29751007300001,-8.616331783999954],[117.29355605500007,-8.616571291999946],[117.2932069530001,-8.618892881999955],[117.2906899830001,-8.617736081999965],[117.28516389800006,-8.617874616999927],[117.2799483660001,-8.619609561999937],[117.27654314100005,-8.61937400499994],[117.2696406980001,-8.622735956999975],[117.26348211000004,-8.62385390199995],[117.26058684500003,-8.626304208999954],[117.25790190300006,-8.632301773999927],[117.25283761000003,-8.634355642999935],[117.2713185450001,-8.643833445999974],[117.27729963600007,-8.650348614999928],[117.27831482300007,-8.65524484399998],[117.28184416200008,-8.661504668999953],[117.29587728600006,-8.66896361199997],[117.30642892800006,-8.67757175099996],[117.29662111100004,-8.687661243999969],[117.29780805700011,-8.696580905999951],[117.29695706300004,-8.697319968999977],[117.29912718300011,-8.700157026999932],[117.29088916400008,-8.704014479999955],[117.27963772300006,-8.704978568999934],[117.26179837600012,-8.709011438999937],[117.25582018300008,-8.711524113999928],[117.23277072400003,-8.71291593199993],[117.20800144600003,-8.71173354299998],[117.20780423100007,-8.711721883999928]]]}},{"type":"Feature","properties":{"kode_kec":"52.04.05","kecamatan":"Alas","kab_kota":"Sumbawa"},"geometry":{"type":"MultiPolygon","coordinates":[[[[117.10027901000001,-8.579031966999935],[117.09899476400005,-8.58456597399993],[117.09450730300011,-8.590141440999957],[117.09229697300009,-8.596275051999953],[117.08701108700006,-8.602115358999981],[117.07760150600006,-8.621388397999965],[117.0690985970001,-8.633797173999938],[117.06629746100009,-8.641781863999938],[117.06457304100002,-8.642112192999946],[117.06321123400005,-8.644952964999959],[117.06026048500007,-8.646051814999964],[117.05990072100008,-8.647841981999932],[117.05463159400006,-8.65211980099997],[117.0563831930001,-8.653994473999944],[117.05423446700001,-8.655370693999942],[117.04957393500001,-8.669289613999979],[117.04209833800007,-8.672530016999929],[117.03969444400002,-8.671527777999927],[117.0392381910001,-8.670656275999931],[117.04172851700002,-8.667948408999962],[117.03558148700006,-8.666001776999963],[117.03222481800003,-8.662925077999944],[117.0269991880001,-8.652311514999951],[117.02757621800004,-8.650181499999974],[117.02346377600009,-8.649822789999973],[117.02144351400011,-8.647573272999978],[117.01997636100009,-8.644533949999925],[117.02146712600006,-8.639843137999947],[117.01733072000002,-8.638766392999969],[117.01576747900003,-8.636660417999963],[117.0114961050001,-8.637116812999977],[117.0037706600001,-8.621578752999937],[116.99968302900004,-8.621887319999928],[116.99663888700002,-8.62003426299998],[116.99529939700005,-8.615531705999956],[116.99058279400003,-8.616043807999972],[116.98835090700004,-8.614079218999962],[116.98546872000009,-8.614419272999953],[116.98247463000007,-8.606455593999954],[116.9789052540001,-8.60106888699994],[116.98398393500008,-8.598204237999937],[116.99242583300008,-8.59002920499995],[116.99903465500006,-8.581522029999974],[116.99424521600008,-8.574529244999951],[116.98650742400002,-8.558028447999959],[116.98077762800006,-8.549982272999955],[116.98014362800006,-8.540734634999978],[116.97430387700001,-8.532246867999959],[116.97489131200007,-8.515086664999956],[116.98131517200011,-8.511554349999926],[116.98105204500007,-8.51002091099997],[116.97790408700007,-8.507917415999941],[116.98077196300005,-8.498381302999974],[116.98804542100004,-8.497871590999978],[116.98981487700007,-8.499862306999944],[116.99079180100011,-8.498948584999937],[116.99044790200003,-8.492809102999956],[116.98702478000007,-8.482759617999932],[116.98785963400007,-8.47928844699993],[116.98973398400005,-8.485438001999967],[116.99157896600002,-8.486523988999977],[116.99352498100006,-8.485724037999944],[116.9945080230001,-8.488058992999981],[116.99153700400007,-8.490333016999955],[116.99119396700007,-8.492883996999979],[116.99644100700004,-8.494935957999928],[116.99653603200011,-8.500287985999933],[117.0005180070001,-8.50307203899996],[116.9984410190001,-8.507070974999976],[117.00346173100002,-8.505713997999976],[117.00337607100005,-8.503829464999967],[117.00532722900005,-8.502696840999931],[117.00581404400009,-8.503440704999946],[117.00768051600005,-8.501504730999955],[117.00776102100008,-8.49857997099997],[117.00947498800008,-8.498938959999975],[117.01033901500011,-8.497716981999929],[117.0117020240001,-8.492195982999931],[117.00958600400008,-8.48920897499994],[117.00936799300007,-8.486255013999937],[117.01184103500009,-8.481110010999942],[117.01418537200004,-8.481866699999955],[117.0199583220001,-8.494715052999936],[117.02029690100005,-8.497802667999963],[117.01890025500006,-8.501542790999963],[117.02720128900012,-8.511523263999948],[117.02866086600011,-8.51754490999997],[117.03361037500008,-8.526490223999929],[117.04184976300007,-8.52106873699995],[117.04797552800005,-8.519950660999939],[117.05658720300005,-8.521421961999977],[117.06397393200007,-8.526623714999971],[117.07992859700005,-8.542110949999937],[117.08744224600002,-8.560772466999936],[117.09494606600003,-8.572151538999947],[117.09992426200006,-8.574757964999947],[117.10047007500009,-8.578494193999973],[117.10027901000001,-8.579031966999935]]],[[[116.9931660090001,-8.48371601499997],[116.99322002500003,-8.483683006999968],[116.99343301500005,-8.483752011999968],[116.9935470370001,-8.48388902299996],[116.9936800050001,-8.484552998999959],[116.9936710070001,-8.485068025999965],[116.99360499900001,-8.485406974999933],[116.99353502400004,-8.485473985999931],[116.99349397000003,-8.485396029999947],[116.99339103700004,-8.48514697099995],[116.99334601500004,-8.48492603699998],[116.9931660090001,-8.48371601499997]]],[[[116.99177462800003,-8.476622261999978],[116.99430599800007,-8.47581102099997],[116.99670299900004,-8.477742016999969],[116.99468398400006,-8.478768973999934],[116.99316185400005,-8.476891140999953],[116.98984845500001,-8.477313494999976],[116.99073718300008,-8.475851315999932],[116.99188884300008,-8.475737101999925],[116.99157475400011,-8.476641296999958],[116.99177462800003,-8.476622261999978]]]]}},{"type":"Feature","properties":{"kode_kec":"52.04.02","kecamatan":"Lunyuk","kab_kota":"Sumbawa"},"geometry":{"type":"MultiPolygon","coordinates":[[[[117.04985898500001,-9.104866004999963],[117.04988898900001,-9.104769961999978],[117.05001797400007,-9.104677974999959],[117.05013098600011,-9.10465996399995],[117.05028903400012,-9.104720983999925],[117.05037197800004,-9.104877961999932],[117.05039601500005,-9.105045980999932],[117.05025600200008,-9.10516202499997],[117.05008100500004,-9.105176969999945],[117.04999402500005,-9.105139000999941],[117.04987799000003,-9.105004995999934],[117.04985898500001,-9.104866004999963]]],[[[117.38312598200002,-9.05097404199995],[117.38320697800009,-9.050868967999975],[117.38333297600002,-9.050819008999952],[117.38337896500002,-9.050814981999963],[117.3834240110001,-9.050841972999933],[117.38354397500007,-9.050974960999952],[117.38358399000003,-9.051068966999935],[117.3834869850001,-9.051219001999925],[117.38331603200004,-9.051256980999938],[117.38318899500007,-9.051245990999973],[117.38311997100004,-9.05117796899998],[117.38312598200002,-9.05097404199995]]],[[[117.19743397400009,-9.019379955999966],[117.1830819700001,-9.021523023999976],[117.17521397400003,-9.025148026999943],[117.17264702500006,-9.030945026999973],[117.16727898400006,-9.038158688999943],[117.16630702900011,-9.043066014999965],[117.16269197800011,-9.048621965999928],[117.15840797500005,-9.051759026999946],[117.15245597100011,-9.053372958999944],[117.15245599900004,-9.057180955999968],[117.15156400800004,-9.059497015999966],[117.14942900200003,-9.059994003999975],[117.14939596200009,-9.06265895499996],[117.14799501000005,-9.06174200199996],[117.14795103200004,-9.062820962999979],[117.13428403700004,-9.070723020999935],[117.13406498100005,-9.075500979999958],[117.1366849640001,-9.080494018999957],[117.13588500900005,-9.079946029999974],[117.13610997600006,-9.08314298299996],[117.1351110170001,-9.083998024999971],[117.12978602300007,-9.086106024999935],[117.12737300300012,-9.08502802299995],[117.11480498000003,-9.090433958999938],[117.09988403600005,-9.089560978999941],[117.0883149870001,-9.09410997599997],[117.08170599300001,-9.093915007999954],[117.07261799700007,-9.098286963999954],[117.06583299400006,-9.097861955999974],[117.05748200900007,-9.104222995999976],[117.05166801100006,-9.103115984999931],[117.04493296600003,-9.099471022999978],[117.04040569100005,-9.10089735799994],[117.03992636600003,-9.098880915999928],[117.04340093000008,-9.098132164999981],[117.0417328740001,-9.091324559999975],[117.04435778900006,-9.08711683499996],[117.04399742400005,-9.08221184699994],[117.04773363700008,-9.077557088999981],[117.046367497,-9.07614403399998],[117.04930221000006,-9.07386212299997],[117.04752897300011,-9.072597307999956],[117.04805787300006,-9.070896954999967],[117.05034558300008,-9.06808756299995],[117.0512382280001,-9.069515876999958],[117.0532802250001,-9.06896521899995],[117.05272159800006,-9.067354544999944],[117.05567322800005,-9.06537437399993],[117.05501259900007,-9.063060205999932],[117.0520869610001,-9.063887656999952],[117.05182274600008,-9.061597166999945],[117.05656089600006,-9.059182582999938],[117.0568001480001,-9.056005565999953],[117.0585299380001,-9.056959395999968],[117.05931877600005,-9.056200052999941],[117.05686059000004,-9.053883070999973],[117.05368632000011,-9.054540823999957],[117.05356213100004,-9.053317995999976],[117.0550982210001,-9.051608637999948],[117.05654807300004,-9.052910707999956],[117.0571930540001,-9.048158403999935],[117.05965709300006,-9.04689792499994],[117.0582482860001,-9.045110507999937],[117.05918076900002,-9.043008352999948],[117.0632197220001,-9.04432315899993],[117.06361498000001,-9.041822933999981],[117.06661794500008,-9.042222568999932],[117.06593342500003,-9.036461299999928],[117.0675278980001,-9.034617972999968],[117.06418140100004,-9.031878221999932],[117.06752733300004,-9.030384633999972],[117.06748636300006,-9.028731678999975],[117.06491333400004,-9.028122192999945],[117.06728987700001,-9.023378865999973],[117.0640382690001,-9.02221835399996],[117.06553851300009,-9.020958311999948],[117.06317342800003,-9.019942112999956],[117.06298731700008,-9.015057676999959],[117.06151250800008,-9.013094483999964],[117.06390080100005,-9.005714728999976],[117.06649485000003,-9.002973229999952],[117.06522558900008,-9.000153108999939],[117.06819685100004,-8.998953653999934],[117.06779574100005,-8.995448331999967],[117.06984300700003,-8.988335001999928],[117.06867455200006,-8.984820895999974],[117.07020597400003,-8.971092748999979],[117.06780988600008,-8.962967502999959],[117.06861788600008,-8.959061670999972],[117.06694211400008,-8.956017840999948],[117.06208913400008,-8.952055564999966],[117.0630706930001,-8.949470753999947],[117.06653636700003,-8.948378852999952],[117.07069443600005,-8.943381101999933],[117.0742176760001,-8.941714751999939],[117.08097621000002,-8.94274719599997],[117.08242085100005,-8.945216648999974],[117.08392252700003,-8.944412200999977],[117.08807821700009,-8.930683896999938],[117.0882505620001,-8.926778166999952],[117.08438388900004,-8.925181038999938],[117.0819533780001,-8.921208257999979],[117.08455190600012,-8.918278407999935],[117.08316484400007,-8.914602775999981],[117.08427168600008,-8.90319416999995],[117.08329594100007,-8.90150751799996],[117.08175059000007,-8.900911641999926],[117.07622064400005,-8.903703888999928],[117.06713912100008,-8.89897803599996],[117.06320054800005,-8.900360712999941],[117.06150944700005,-8.894950177999931],[117.05762655500007,-8.893393162999928],[117.05748175400004,-8.89098139899994],[117.0540405700001,-8.890423167999927],[117.05488888900004,-8.888194443999964],[117.05878946500002,-8.88531589799993],[117.06023251800002,-8.880361745999949],[117.06484003600008,-8.876125011999932],[117.06186142000001,-8.871787841999947],[117.06107780500008,-8.862394657999971],[117.06303263200004,-8.86074900799997],[117.06934898700001,-8.860119674999964],[117.0725067080001,-8.857516468999961],[117.07451789900006,-8.85839342199995],[117.07846631900009,-8.85755104499998],[117.0838293380001,-8.860245969999937],[117.09182501800001,-8.858405330999972],[117.09587514500004,-8.852612588999932],[117.10043481500009,-8.850446761999933],[117.11284750100003,-8.850707227999976],[117.12316017,-8.840987998999935],[117.13416069800007,-8.838178174999939],[117.14271582700007,-8.830756034999979],[117.14746603600008,-8.81745721699997],[117.15114335100009,-8.812493965999977],[117.15423479100002,-8.812428394999927],[117.15912458300011,-8.814543735999962],[117.17090291500006,-8.82138468599993],[117.18596166500004,-8.824288493999973],[117.21901323700001,-8.841391193999925],[117.22224930400012,-8.842342978999966],[117.22596126400003,-8.841486372999952],[117.22986358000003,-8.84319958499998],[117.23205268400011,-8.836917807999953],[117.23119607800004,-8.834919059999947],[117.23509839400003,-8.834252810999942],[117.23609066300003,-8.828922550999948],[117.2369067840001,-8.82963665699998],[117.24832819700009,-8.827495141999975],[117.25713220300008,-8.821189569999945],[117.26011998000001,-8.821249228999932],[117.26363121600002,-8.824064841999927],[117.26737836900008,-8.822887461999926],[117.26782566700001,-8.816785411999945],[117.27203230800001,-8.814658893999933],[117.27424934900012,-8.810468812999943],[117.27312047500004,-8.808730490999949],[117.27540490600006,-8.80508232699998],[117.27524920500002,-8.80096135499997],[117.27678123300007,-8.79885573699994],[117.29433207700004,-8.820645357999979],[117.33162968400006,-8.849893661999943],[117.35213257100008,-8.870979446999968],[117.35922090700001,-8.883672627999943],[117.37104307700008,-8.89146150099998],[117.37907347300006,-8.91161572599998],[117.38697328300009,-8.920657677999941],[117.390282264,-8.926744179999957],[117.3856838270001,-8.937078183999972],[117.3869578560001,-8.938497831999939],[117.38518895300001,-8.939423874999932],[117.38939663600001,-8.94646094899997],[117.38872345000004,-8.94885179299996],[117.3904413460001,-8.949759868999934],[117.38996147700004,-8.959785365999949],[117.38806549800006,-8.960615999999959],[117.38816541000006,-8.962305682999954],[117.38613758000008,-8.962177820999955],[117.38606360300003,-8.964603672999942],[117.38448926000001,-8.965282901999956],[117.38458929500007,-8.96710256199998],[117.38261253900009,-8.96892438599997],[117.38449580800011,-8.971505856999954],[117.38166891000003,-8.974875792999967],[117.38403234300006,-8.981742542999939],[117.38316710600009,-8.984522488999971],[117.3863116330001,-8.984691255999962],[117.38745764200007,-8.986392037999963],[117.38565085900007,-8.99321159799996],[117.390763375,-8.999367783999958],[117.38692852100007,-9.003372640999942],[117.38375032900001,-9.01537620399995],[117.38382569900011,-9.02634712899993],[117.38711074700007,-9.034256167999956],[117.38752405800005,-9.040925720999951],[117.38930257200002,-9.043109240999968],[117.38878335700008,-9.046454213999937],[117.38509297900009,-9.051763968999978],[117.38311198400004,-9.050153039999941],[117.38222700300003,-9.051000029999955],[117.38124003700011,-9.048983014999976],[117.37733099700006,-9.050128020999978],[117.37498001400002,-9.048097015999929],[117.37352896800007,-9.050662019999947],[117.37141803000009,-9.047249963999946],[117.372334034,-9.05094601199994],[117.37046398200005,-9.050426032999951],[117.3672120010001,-9.052088976999926],[117.36603500900003,-9.054692019999948],[117.3644949720001,-9.053990006999982],[117.36434799000006,-9.055856005999942],[117.35955297700002,-9.055697969999926],[117.35718799100005,-9.052039022999963],[117.35656698500009,-9.048172996999938],[117.35429099800001,-9.045520974999931],[117.34939997000004,-9.042676017999952],[117.3452230260001,-9.04208403499996],[117.34361202700006,-9.04494098899994],[117.33976397700008,-9.047133993999978],[117.33958796600007,-9.04938298899998],[117.33716003000006,-9.048366979999969],[117.32952400500005,-9.05500901499994],[117.32399902700001,-9.055607984999938],[117.31971900400004,-9.050323980999963],[117.30871400400008,-9.044929984999953],[117.30624599800001,-9.042091976999927],[117.30367502700005,-9.041772993999928],[117.29631287100005,-9.04525995299997],[117.29046200300002,-9.04583202899994],[117.27955397900007,-9.041339021999931],[117.27621598000007,-9.042154980999953],[117.27084602900004,-9.041261996999935],[117.24744803200008,-9.029377017999934],[117.22532097500005,-9.021170023999957],[117.21264701700011,-9.018682018999925],[117.19764354400002,-9.019387110999958],[117.19743397400009,-9.019379955999966]]]]}},{"type":"Feature","properties":{"kode_kec":"52.04.19","kecamatan":"Labangka","kab_kota":"Sumbawa"},"geometry":{"type":"Polygon","coordinates":[[[117.70265496800005,-8.92007104399994],[117.69053701300004,-8.91881404399993],[117.6872190040001,-8.920991971999968],[117.6790410210001,-8.922679993999964],[117.67645400000004,-8.924649959999954],[117.67477497100003,-8.930733043999965],[117.66841102100011,-8.937208004999945],[117.66310297200005,-8.939487973999974],[117.65666703000011,-8.940772008999943],[117.65192302500009,-8.940223981999964],[117.64893603000007,-8.942618037999978],[117.64426701600007,-8.94301203599997],[117.63886301200012,-8.951788955999973],[117.6313900350001,-8.954616961999932],[117.62179200900005,-8.96042997799998],[117.61506199900009,-8.961178032999953],[117.6047159740001,-8.967038989999935],[117.60528770000008,-8.962479499999972],[117.6043436000001,-8.960953399999937],[117.60168280000005,-8.96086859999997],[117.60228360000008,-8.954848999999967],[117.60091030000001,-8.951627199999962],[117.6020261000001,-8.945013899999935],[117.59867870000005,-8.936704599999928],[117.60236950000001,-8.931956399999933],[117.6050302000001,-8.931362899999954],[117.60142530000007,-8.927377799999931],[117.60056700000007,-8.928903999999932],[117.59893620000003,-8.927377799999931],[117.59970870000006,-8.925936299999933],[117.60219780000011,-8.925257999999928],[117.60279860000003,-8.922544699999946],[117.6306078,-8.912708599999974],[117.63524260000008,-8.898971699999947],[117.6422986990001,-8.893348239999966],[117.6529962620001,-8.87042484799997],[117.68484890000002,-8.851895799999966],[117.7272597000001,-8.85345019999994],[117.77074901500009,-8.858889742999963],[117.78845817000001,-8.875895863999972],[117.79436592700006,-8.87679368199997],[117.80514225400009,-8.876077753999937],[117.809723297,-8.87745946299998],[117.83124947700003,-8.87346045199996],[117.83339527200008,-8.874999997999964],[117.84124974200006,-8.889875396999969],[117.84025777200009,-8.894756885999925],[117.83697115400003,-8.897161940999979],[117.83923664800011,-8.899668402999964],[117.83987115000002,-8.902989524999953],[117.84167299600006,-8.904171068999972],[117.83853349900005,-8.909329490999937],[117.84019595300003,-8.909902606999935],[117.83895018700002,-8.911079599999937],[117.83981637700003,-8.91229548399997],[117.83427632100006,-8.916207808999957],[117.83363413000006,-8.918669075999958],[117.8314150010001,-8.918825958999946],[117.82942098500007,-8.916531027999952],[117.82583000700004,-8.907276990999947],[117.8172560050001,-8.899020031999953],[117.80948401,-8.898837982999964],[117.80043999500003,-8.90484001599998],[117.79545199400002,-8.906170999999972],[117.79142103600009,-8.913321967999934],[117.77589399300007,-8.931209997999929],[117.76754898800004,-8.933850038999935],[117.76513103200011,-8.934280030999957],[117.7532749930001,-8.931568021999965],[117.74224303100004,-8.924134028999958],[117.7377719640001,-8.917831042999978],[117.73383798300006,-8.916088006999928],[117.72456003600007,-8.918427983999948],[117.70265517100006,-8.92007102599996],[117.70265496800005,-8.92007104399994]]]}},{"type":"Feature","properties":{"kode_kec":"52.04.17","kecamatan":"Alas Barat","kab_kota":"Sumbawa"},"geometry":{"type":"MultiPolygon","coordinates":[[[[116.91558168100005,-8.574229645999935],[116.90951196700007,-8.57200032299994],[116.90282671000011,-8.565845355999954],[116.89949379600012,-8.556282391999957],[116.89770811200003,-8.555548329999965],[116.89547211500008,-8.556687090999958],[116.88867066600005,-8.55399045799993],[116.88255937300005,-8.545924168999932],[116.87606520000008,-8.54145485999993],[116.87639019800008,-8.536892095999974],[116.87802628000009,-8.53533879899993],[116.87258389600004,-8.528828699999963],[116.87956397200003,-8.525760997999953],[116.90487000100006,-8.527515039999969],[116.91688900400004,-8.526328040999942],[116.92556099900003,-8.52130796199998],[116.92969902400012,-8.51271001699996],[116.94579799100006,-8.516584016999957],[116.95561196400001,-8.50836600499997],[116.95576997300009,-8.498540031999937],[116.961844025,-8.494607002999942],[116.96359901300002,-8.489125006999927],[116.96484997300001,-8.489488036999944],[116.96592297400002,-8.493020316999946],[116.9690552620001,-8.494930418999957],[116.97425119200011,-8.49512094399995],[116.97979703300007,-8.493568978999974],[116.98426499800007,-8.490231955999946],[116.98331298400001,-8.485485981999943],[116.98484703200006,-8.484798014999967],[116.98490302000005,-8.482259959999965],[116.98785963400007,-8.47928844699993],[116.98702478000007,-8.482759617999932],[116.99044790200003,-8.492809102999956],[116.99079180100011,-8.498948584999937],[116.98981487700007,-8.499862306999944],[116.98804542100004,-8.497871590999978],[116.98077196300005,-8.498381302999974],[116.97790408700007,-8.507917415999941],[116.98105204500007,-8.51002091099997],[116.98131517200011,-8.511554349999926],[116.97489131200007,-8.515086664999956],[116.97430387700001,-8.532246867999959],[116.98014362800006,-8.540734634999978],[116.98077762800006,-8.549982272999955],[116.98650742400002,-8.558028447999959],[116.99424521600008,-8.574529244999951],[116.99903465500006,-8.581522029999974],[116.99242583300008,-8.59002920499995],[116.98398393500008,-8.598204237999937],[116.9789052540001,-8.60106888699994],[116.98473813400005,-8.611276841999938],[116.98546872000009,-8.614419272999953],[116.98423003900007,-8.617616644999941],[116.97601745700001,-8.615716993999968],[116.9727240740001,-8.617719632999979],[116.96767834600007,-8.61151784699996],[116.96318538300011,-8.60977300299993],[116.96099846800007,-8.605029083999966],[116.95663153800001,-8.605966763999959],[116.95068759100002,-8.603400500999953],[116.94768126000008,-8.607381647999944],[116.93541666700003,-8.606194443999925],[116.9341556600001,-8.604088873999956],[116.9361769190001,-8.591295842999955],[116.92928914400011,-8.588651648999928],[116.92792950700004,-8.589128843999958],[116.92652219400009,-8.592553297999928],[116.92134859400005,-8.59243860099997],[116.91857833100005,-8.586747655999943],[116.91511779600012,-8.58428113499997],[116.9170236860001,-8.57727415599993],[116.91558168100005,-8.574229645999935]]],[[[116.87476001000005,-8.49332699699994],[116.87847897900008,-8.49342096099997],[116.88210297100011,-8.498115002999953],[116.87593698800003,-8.504300989999933],[116.87212903600005,-8.505177967999941],[116.86858399000005,-8.504234005999933],[116.86500803500007,-8.500459034999949],[116.86504597200008,-8.496311986999956],[116.8680210010001,-8.493143993999979],[116.87459903600006,-8.493244016999938],[116.87476001000005,-8.49332699699994]]],[[[116.8590719770001,-8.45895797999998],[116.86013103000005,-8.456015972999978],[116.86077896500001,-8.457004022999968],[116.85911102300008,-8.459119962999978],[116.8590719770001,-8.45895797999998]]],[[[116.95436400900007,-8.420328002999952],[116.95986997900002,-8.424242006999975],[116.95966398100006,-8.430087988999958],[116.95845500300004,-8.431940969999971],[116.95534398200004,-8.432869034999953],[116.95442802500008,-8.435288974999935],[116.95014799600006,-8.434652966999977],[116.94747997900004,-8.43862100299998],[116.94408801000009,-8.43770397399993],[116.94264303500006,-8.43302998699994],[116.93930299700003,-8.433330994999949],[116.93497899300007,-8.435687041999927],[116.93369497600008,-8.434883038999942],[116.93279497800006,-8.436909988999957],[116.92636802800007,-8.441359959999943],[116.91243099600001,-8.446270972999969],[116.90454001500007,-8.446572990999925],[116.89689702700002,-8.449223963999941],[116.89123498600009,-8.447534011999949],[116.89113701600002,-8.446151957999973],[116.88856196600011,-8.444356008999932],[116.87691397200001,-8.444671034999942],[116.86420899300003,-8.44988800599998],[116.86084298900005,-8.452481037999974],[116.8554810070001,-8.449589973999935],[116.8510330150001,-8.450982992999968],[116.8480850200001,-8.449115014999961],[116.84244101900003,-8.449857967999947],[116.83936799700007,-8.446125018999965],[116.84420300800002,-8.441615991999981],[116.84871903400006,-8.439959999999928],[116.86079096500009,-8.441084959999955],[116.86704000200007,-8.43814103099993],[116.86997899900007,-8.432901039999933],[116.8724979970001,-8.431749995999951],[116.88098597800001,-8.43203002599995],[116.8950070190001,-8.43677200999997],[116.90282101200012,-8.436523970999929],[116.90726698100002,-8.434943970999939],[116.91593503000001,-8.437486968999963],[116.9190790240001,-8.437117027999932],[116.92395596900008,-8.43395603099998],[116.9288060020001,-8.42555099499998],[116.93514996800002,-8.424243044999969],[116.94081802900007,-8.42137596799995],[116.9536900280001,-8.420181961999958],[116.95436400900007,-8.420328002999952]]]]}},{"type":"Feature","properties":{"kode_kec":"52.04.18","kecamatan":"Labuhan Badas","kab_kota":"Sumbawa"},"geometry":{"type":"MultiPolygon","coordinates":[[[[117.3976372080001,-8.484249817999967],[117.39522800400005,-8.486951695999949],[117.3921311690001,-8.499471185999937],[117.38848223200011,-8.50252855399998],[117.38380416000007,-8.510310397999945],[117.37476526300009,-8.520804182999939],[117.37049378900008,-8.52014123999993],[117.36524046300008,-8.527441961999955],[117.35196999900006,-8.533955749999961],[117.343595875,-8.542232785999943],[117.33539140500011,-8.534110042999941],[117.32522723700004,-8.529311243999928],[117.32064874800005,-8.529034815999978],[117.31672951400003,-8.531840014999943],[117.3092700420001,-8.533781494999971],[117.29873957500001,-8.533790797999927],[117.29177624500005,-8.531828983999958],[117.29256717400006,-8.516725384999972],[117.2960964670001,-8.511639767999952],[117.29561686500006,-8.509893303999945],[117.29730780900002,-8.508056660999955],[117.29674113700003,-8.505768537999927],[117.2990114590001,-8.504911982999943],[117.29801573400005,-8.502780084999927],[117.2989248780001,-8.49904670099994],[117.30086949200006,-8.495156373999976],[117.30354483600001,-8.493280327999969],[117.30470280300005,-8.487896638999928],[117.30790892800007,-8.484754487999965],[117.30628038600003,-8.483435148999945],[117.31588774200009,-8.439649152999948],[117.33088303500006,-8.441405019999934],[117.33238201600011,-8.443933994999952],[117.33801396700005,-8.44609795699995],[117.34449803100006,-8.451675042999966],[117.35438200800002,-8.455812955999932],[117.35751799800005,-8.454669014999979],[117.36180897300005,-8.457740980999972],[117.36360202900005,-8.45684203999997],[117.36864001800006,-8.458022995999954],[117.37308002300006,-8.461156006999943],[117.37332901100001,-8.462614998999982],[117.36735301600004,-8.46597898799996],[117.36814898800003,-8.467895966999947],[117.3705420330001,-8.46548899499993],[117.37294797600009,-8.466317968999931],[117.375015028,-8.463978022999981],[117.37723800000003,-8.463540990999945],[117.38331797900003,-8.466450007999981],[117.381659979,-8.468471995999948],[117.3838160250001,-8.471240029999933],[117.39169400900005,-8.472492031999934],[117.40347598100004,-8.466434963999973],[117.40637099000003,-8.462661999999966],[117.40626870400001,-8.465388763999954],[117.40770507400009,-8.467548289999968],[117.41066477800007,-8.468836694999936],[117.41351083100005,-8.47494917399996],[117.40097870000011,-8.477581999999927],[117.40038080000011,-8.478780599999936],[117.40195300000005,-8.481615999999974],[117.39884422600005,-8.481656211999962],[117.3976372080001,-8.484249817999967]]],[[[117.68904602000009,-8.181359014999941],[117.6860619680001,-8.185933974999955],[117.67996198100002,-8.190842982999925],[117.65984902800005,-8.198296005999964],[117.64663103400005,-8.213124985999968],[117.63909897200006,-8.21601696199997],[117.63180702200009,-8.221697044999928],[117.62669498600008,-8.223562042999959],[117.61507599400011,-8.232462036999948],[117.61027900500005,-8.238099958999953],[117.60900697200009,-8.240663985999959],[117.61028402400007,-8.243817005999972],[117.60588496300011,-8.252483994999977],[117.60833900700004,-8.256723031999968],[117.60706398000002,-8.264423001999944],[117.60427503400001,-8.268374993999942],[117.58924500400008,-8.277878960999942],[117.58621198600008,-8.281674032999945],[117.57876303100011,-8.31013397299995],[117.57358099900011,-8.315503964999948],[117.57254501600005,-8.32113200599997],[117.57458402100008,-8.324330965999934],[117.57031997900003,-8.335277039999937],[117.56667101400001,-8.338857019999978],[117.55779302400003,-8.352537956999981],[117.5517339700001,-8.358186023999963],[117.54719401400007,-8.370614996999961],[117.53515203300003,-8.37912500799996],[117.52910101400005,-8.385607983999932],[117.52819997800009,-8.389571003999947],[117.51612702800003,-8.384462035999945],[117.50169503500001,-8.374321960999964],[117.49897897700009,-8.371179988999927],[117.48698698300007,-8.366300027999955],[117.48210798000002,-8.361928986999942],[117.47051097100007,-8.35679100599998],[117.47024099500004,-8.35410602099995],[117.47334999800012,-8.347895022999978],[117.47647099300002,-8.332121012999949],[117.48641997200002,-8.324778033999962],[117.49310096800002,-8.316831002999947],[117.5009949680001,-8.298757982999973],[117.50791898000011,-8.27703295699996],[117.50782002300002,-8.269510998999976],[117.50465203100009,-8.266389026999946],[117.49932096500004,-8.265191967999954],[117.49638402200003,-8.261324017999925],[117.48993103600003,-8.259787014999972],[117.48492996800007,-8.26134104199997],[117.48340498000005,-8.25932496799993],[117.47890199300002,-8.257382001999929],[117.48796502400012,-8.228075958999966],[117.48528700400004,-8.21978396299994],[117.48167999400005,-8.216040027999952],[117.4792569970001,-8.208096018999981],[117.48046497100006,-8.190439038999955],[117.48224501000004,-8.186112037999976],[117.48546102600005,-8.182727973999931],[117.50058603600007,-8.173906043999978],[117.51646696300008,-8.160930033999932],[117.5296379890001,-8.154999992999933],[117.5382629930001,-8.154733973999953],[117.54491799400012,-8.14958001499997],[117.55345797300004,-8.145174974999975],[117.55913996400011,-8.143970042999968],[117.56345496300003,-8.144495002999975],[117.57227397700001,-8.14880902799996],[117.58594497400009,-8.152111978999926],[117.59346596400007,-8.153362020999964],[117.60042702400006,-8.152450981999948],[117.60640599100009,-8.154760025999963],[117.62389300600012,-8.15443000199997],[117.63727996300008,-8.15214098599995],[117.64886202500008,-8.152864963999946],[117.6533669690001,-8.151441040999941],[117.65648799500002,-8.148647025999935],[117.66276903300002,-8.150137960999928],[117.66992298100001,-8.153727962999938],[117.68363697500001,-8.16604598899994],[117.68815999900005,-8.173217026999964],[117.68981698900006,-8.180989015999955],[117.68904602000009,-8.181359014999941]]],[[[117.35457399200004,-8.156713038999953],[117.35464499800003,-8.156593964999956],[117.35476699600008,-8.156408014999954],[117.35490702600009,-8.156468031999964],[117.35490803300002,-8.156506012999955],[117.35495700800004,-8.156614039999965],[117.35500498200008,-8.156859979999979],[117.35496401000012,-8.156915000999959],[117.35484597900006,-8.156931020999934],[117.35467101600011,-8.156897983999954],[117.35458396900003,-8.156822998999928],[117.35457399200004,-8.156713038999953]]],[[[117.35679703300002,-8.15648400699996],[117.35691399600012,-8.156446011999947],[117.35697402400001,-8.156439989999967],[117.35699402600005,-8.156457968999973],[117.3570430100001,-8.15649102499998],[117.35714499400001,-8.156612026999937],[117.35713203700004,-8.156688003999932],[117.35702098400009,-8.156807022999942],[117.35688596500006,-8.15682703799996],[117.35675498600006,-8.156760954999982],[117.35668400000009,-8.156648968999946],[117.35670399600008,-8.156575969999949],[117.35679703300002,-8.15648400699996]]],[[[117.40012700800003,-8.14308196099995],[117.37941200300008,-8.15099199599996],[117.37572597100007,-8.150058977999947],[117.37815700800002,-8.152097012999945],[117.37951598400002,-8.155448964999948],[117.37639000400009,-8.15655798499995],[117.3819339900001,-8.15600702599994],[117.38282600500008,-8.157796967999957],[117.37789903600003,-8.160357001999955],[117.36284100900002,-8.16050099499995],[117.36001602700003,-8.159374979999939],[117.35722303700004,-8.156410017999974],[117.36168398200005,-8.15475996899994],[117.36128899200003,-8.15268999899996],[117.35657098400009,-8.154130007999981],[117.35395896600005,-8.15677100299996],[117.35138900200002,-8.156092988999944],[117.35353501500003,-8.153729960999954],[117.34459896500005,-8.154498030999946],[117.34458501600011,-8.152566314999945],[117.34954800500009,-8.149155967999945],[117.35871701300005,-8.146033027999977],[117.36911501100008,-8.147081969999931],[117.37686396800007,-8.14638899099998],[117.38098398400007,-8.139189987999941],[117.3814379800001,-8.134231032999935],[117.38619797900003,-8.131261006999978],[117.40351901300005,-8.128534043999935],[117.41397297500009,-8.130815954999946],[117.41804300600006,-8.135559043999933],[117.42393601800006,-8.134795008999959],[117.42383101600001,-8.137868974999947],[117.41721502000007,-8.139830016999952],[117.41578297100011,-8.138442958999974],[117.41282501500007,-8.138494991999949],[117.40012903700006,-8.143014042999937],[117.40012700800003,-8.14308196099995]]],[[[117.42343165400007,-8.128304621999973],[117.42336502900002,-8.127362354999946],[117.42340310000009,-8.12835696999997],[117.42343165400007,-8.128304621999973]]]]}},{"type":"Feature","properties":{"kode_kec":"52.04.11","kecamatan":"Ropang","kab_kota":"Sumbawa"},"geometry":{"type":"MultiPolygon","coordinates":[[[[117.43979497100008,-9.036188984999967],[117.43964900900005,-9.03616004099996],[117.43962666800007,-9.036143635999963],[117.43958901000008,-9.036115982999945],[117.43958598200004,-9.036094011999978],[117.4396079060001,-9.036076553999976],[117.43963500200005,-9.036054977999981],[117.43971186100009,-9.036018568999964],[117.43973184000004,-9.036009103999959],[117.43973203000007,-9.036009013999944],[117.43979402600007,-9.036028517999966],[117.43981298400001,-9.036034481999934],[117.43982185800007,-9.036037273999966],[117.43985602100008,-9.036048021999932],[117.43991699300011,-9.03615203299995],[117.43987700000002,-9.036209955999936],[117.43985316600003,-9.036203862999969],[117.43982406900011,-9.036196423999968],[117.43979497100008,-9.036188984999967]]],[[[117.46298531000002,-9.024067877999926],[117.46297817200002,-9.023843018999969],[117.46298174100002,-9.023800188999928],[117.46304098500002,-9.023720819999937],[117.4630414720001,-9.023720166999965],[117.4630745400001,-9.023732373999962],[117.46309238600008,-9.023875141999952],[117.46313521600007,-9.024050031999934],[117.46313521600007,-9.024097747999974],[117.46313521600007,-9.024182091999933],[117.46312563200001,-9.02419462499995],[117.46308881700008,-9.024242768999954],[117.4630459870001,-9.024228491999963],[117.46302789000003,-9.02420798199995],[117.46299244900001,-9.024167815999931],[117.46298531000002,-9.024067877999926]]],[[[117.46498700600011,-9.023418039999967],[117.46497802200008,-9.024487017999945],[117.46493502600003,-9.023543982999968],[117.46498700600011,-9.023418039999967]]],[[[117.4654349760001,-9.023421993999932],[117.46524702900001,-9.024289993999957],[117.46539298400012,-9.02343895699994],[117.4654349760001,-9.023421993999932]]],[[[117.46470300900012,-9.023860960999968],[117.46467499700009,-9.023956037999938],[117.46461201600005,-9.023985958999958],[117.46446503000004,-9.02391597199994],[117.46436801400012,-9.02379003599998],[117.46437500800005,-9.02362698199994],[117.46442103200002,-9.023537036999926],[117.46459903400012,-9.02357298399994],[117.46470300900012,-9.023860960999968]]],[[[117.47514298300007,-9.023187022999934],[117.4666209940001,-9.022934973999952],[117.46584901500012,-9.024287964999928],[117.46526501000005,-9.023100008999961],[117.4588929900001,-9.024472964999973],[117.44408002000011,-9.033433041999956],[117.44040803000007,-9.034290037999938],[117.44007102,-9.035716971999932],[117.43674401100009,-9.034616978999964],[117.43335102600008,-9.035424017999958],[117.42769802400005,-9.038281994999977],[117.42636603300002,-9.041309962999946],[117.42080997100004,-9.04081096699997],[117.41608202100008,-9.042946981999933],[117.41064701000005,-9.049374003999958],[117.39768203300002,-9.048496027999931],[117.39116501000001,-9.052327969999965],[117.38746399800004,-9.051692017999926],[117.38621303700006,-9.052617988999941],[117.38933513400002,-9.04356428999995],[117.38752405800005,-9.040925720999951],[117.38711074700007,-9.034256167999956],[117.38382569900011,-9.02634712899993],[117.38375032900001,-9.01537620399995],[117.38692852100007,-9.003372640999942],[117.390763375,-8.999367783999958],[117.38565085900007,-8.99321159799996],[117.38745764200007,-8.986392037999963],[117.3863116330001,-8.984691255999962],[117.38316710600009,-8.984522488999971],[117.38403234300006,-8.981742542999939],[117.38166891000003,-8.974875792999967],[117.38449580800011,-8.971505856999954],[117.38261253900009,-8.96892438599997],[117.38458929500007,-8.96710256199998],[117.38448926000001,-8.965282901999956],[117.38606360300003,-8.964603672999942],[117.38613758000008,-8.962177820999955],[117.38816541000006,-8.962305682999954],[117.38806549800006,-8.960615999999959],[117.38996147700004,-8.959785365999949],[117.3904413460001,-8.949759868999934],[117.38872345000004,-8.94885179299996],[117.38939663600001,-8.94646094899997],[117.38518895300001,-8.939423874999932],[117.3869578560001,-8.938497831999939],[117.3856838270001,-8.937078183999972],[117.39029406500003,-8.926952634999964],[117.38790004700002,-8.922006047999957],[117.390567196,-8.913206363999961],[117.39010969000003,-8.911359913999945],[117.39416687700009,-8.907188284999961],[117.39637034400005,-8.900766639999972],[117.40191372000004,-8.893154076999963],[117.40296360100001,-8.879417409999974],[117.40939087800007,-8.873141618999966],[117.41013564700006,-8.866420398999935],[117.41389327500008,-8.857851041999936],[117.42408954000007,-8.850554170999942],[117.42463993600006,-8.849026438999942],[117.42365752300009,-8.84436488199998],[117.42175003700004,-8.84364794399994],[117.41809455400005,-8.838823852999951],[117.41925372700007,-8.836140716999978],[117.41244374700011,-8.829555415999948],[117.41332404400009,-8.828046681999979],[117.41266745600001,-8.825102422999976],[117.41053237100004,-8.82484609599993],[117.40744727100002,-8.819111244999931],[117.40702814300005,-8.811884820999978],[117.4103189330001,-8.801231352999935],[117.41432846200007,-8.798927424999931],[117.42684147900002,-8.795254214999943],[117.43243673800009,-8.787254263999955],[117.435294741,-8.78513795899994],[117.44271012800004,-8.782899649999933],[117.45103226200001,-8.77343938699994],[117.45609265900009,-8.777527212999928],[117.45981373200004,-8.775025910999943],[117.46121867300008,-8.777976494999962],[117.4639626820001,-8.77985049299997],[117.47163046500009,-8.78062724199998],[117.47542563600007,-8.78389935499996],[117.48144903100001,-8.784983585999953],[117.48371888800011,-8.78704646999995],[117.48641928400002,-8.786139999999932],[117.49124935000009,-8.788270462999947],[117.49332185500009,-8.793179681999959],[117.49094039800002,-8.800408521999941],[117.49165363300006,-8.803837250999948],[117.49028410500011,-8.808788885999945],[117.49196798100002,-8.809911334999981],[117.49878939500002,-8.822926672999927],[117.5069709070001,-8.824978563999935],[117.5106293120001,-8.828361364999978],[117.51293703700003,-8.83655583199993],[117.51110155900005,-8.841905646999976],[117.51750615900005,-8.846024384999964],[117.52540151300002,-8.841919246999964],[117.52729271900012,-8.838516469999945],[117.52865556000006,-8.829326053999978],[117.53822532100003,-8.817749984999978],[117.54867172000002,-8.81626390599996],[117.55601874600006,-8.818205900999942],[117.56523275600011,-8.825514866999981],[117.56947351100007,-8.822907234999946],[117.57475769500002,-8.822468084999969],[117.58174732900011,-8.84376903599997],[117.58469480100007,-8.845885885999962],[117.58621661400002,-8.845392315999959],[117.59188672100004,-8.847732056999973],[117.59884771100008,-8.853446893999944],[117.6056106200001,-8.854210941999952],[117.61040031300001,-8.850857995999945],[117.61940652500004,-8.853946702999963],[117.61914681200005,-8.856078700999944],[117.6206602520001,-8.856990303999964],[117.62253025200005,-8.863803878999931],[117.62459779800008,-8.864398138999945],[117.62165027100002,-8.868596949999926],[117.62386943900003,-8.869331772999942],[117.62205983700005,-8.872380158999931],[117.62208083200005,-8.876757679999969],[117.61939010100002,-8.87996605099994],[117.62272019900001,-8.886255586999937],[117.62232491800012,-8.891913260999956],[117.61845401400001,-8.894619337999927],[117.61973771900011,-8.898864789999948],[117.6180408250001,-8.90192503999998],[117.61864428900003,-8.903202673999942],[117.62270249100004,-8.904329417999975],[117.62045092900007,-8.908313054999951],[117.62246535800011,-8.909626342999957],[117.62229328500007,-8.913286162999952],[117.62485219500002,-8.914744354999925],[117.60279860000003,-8.922544699999946],[117.60219780000011,-8.925257999999928],[117.59893620000003,-8.927377799999931],[117.60056700000007,-8.928903999999932],[117.60142530000007,-8.927377799999931],[117.6050302000001,-8.931362899999954],[117.60236950000001,-8.931956399999933],[117.59867870000005,-8.936704599999928],[117.6020261000001,-8.945013899999935],[117.60091030000001,-8.951627199999962],[117.60228360000008,-8.954848999999967],[117.60168280000005,-8.96086859999997],[117.6043436000001,-8.960953399999937],[117.60528770000008,-8.962479499999972],[117.60497102300008,-8.968089976999977],[117.6018430370001,-8.971562991999974],[117.60200802800011,-8.973226956999952],[117.60063199800004,-8.973214004999932],[117.60027100800005,-8.975931044999982],[117.5990500370001,-8.974376039999981],[117.59651702100007,-8.975465001999964],[117.59468797400007,-8.979405997999947],[117.59537398500004,-8.981302974999949],[117.58636902300009,-8.981676026999935],[117.57573899200008,-8.986600027999941],[117.57484196300004,-8.984883018999938],[117.572898011,-8.984909010999957],[117.56748300000004,-8.992694031999974],[117.56417902900012,-8.991887960999975],[117.56348102200002,-8.994954005999944],[117.56023100400012,-8.995973023999966],[117.5540820110001,-8.99486995999996],[117.55320398000003,-8.998795964999942],[117.55135896400009,-8.997381986999926],[117.5502219760001,-9.001432984999951],[117.54732103100002,-9.003126963999932],[117.5422229720001,-8.998364033999962],[117.5350649930001,-8.998178990999975],[117.52941497500001,-9.00096096599998],[117.5261680210001,-9.006964033999964],[117.51952799700007,-9.008810979999964],[117.5172349830001,-9.01295295999995],[117.51666602700004,-9.010735989999944],[117.51499600600005,-9.010631986999954],[117.51371198900006,-9.013094986999931],[117.50940698300008,-9.014154018999932],[117.5051310230001,-9.017400983999948],[117.50446897200004,-9.016385017999937],[117.50328199700004,-9.018020968999963],[117.50131998200004,-9.01766301799995],[117.50044401000002,-9.01966495499994],[117.49042997900006,-9.018341996999936],[117.48698297100009,-9.02177900299995],[117.48366001700003,-9.018477023999935],[117.48296302000006,-9.02036501899994],[117.47568599400006,-9.023067043999959],[117.47514298300007,-9.023187022999934]]]]}},{"type":"Feature","properties":{"kode_kec":"52.04.12","kecamatan":"Lape","kab_kota":"Sumbawa"},"geometry":{"type":"MultiPolygon","coordinates":[[[[117.655994813,-8.642079085999967],[117.6453409500001,-8.650205743999948],[117.64142270400009,-8.65482996299994],[117.61754868100002,-8.693985573999953],[117.61651344600011,-8.69872062199994],[117.60809624300009,-8.712155589999952],[117.60360976600009,-8.702198762999956],[117.60415256900001,-8.696844529999964],[117.5925311530001,-8.681324751999966],[117.59253410000008,-8.656827690999933],[117.59671230000004,-8.657574599999975],[117.59662350000008,-8.654389199999969],[117.59359790000008,-8.652670899999976],[117.59476725600007,-8.648995285999945],[117.59114639000006,-8.648049682999954],[117.58492473600006,-8.641344218999961],[117.58570904500004,-8.639071949999959],[117.58854338800006,-8.637672428999963],[117.58357125100008,-8.629468911999936],[117.58153930000003,-8.629697050999937],[117.57886700000006,-8.627009999999927],[117.57865990100004,-8.62420366899994],[117.58235039700003,-8.624115445999962],[117.58675474800009,-8.616946592999966],[117.58541189900006,-8.614510591999931],[117.58267461100002,-8.614177840999957],[117.581809496,-8.612586573999977],[117.58526168000003,-8.603963479999948],[117.58371735800006,-8.601193566999939],[117.58436281600007,-8.60027686199993],[117.5827580990001,-8.598902959999975],[117.58160370900009,-8.57981474099995],[117.57917836500008,-8.57023269399997],[117.55955913000003,-8.558411992999936],[117.58058466800003,-8.541573330999938],[117.59882402200003,-8.52502543199995],[117.6082825420001,-8.51332731399998],[117.62534099900006,-8.499672947999954],[117.62629196500006,-8.501595971999961],[117.62967796600003,-8.50255096199993],[117.62648599700003,-8.508511990999978],[117.628541014,-8.512424005999947],[117.62831602000006,-8.51668803299998],[117.63063100300008,-8.518084041999941],[117.63376400800007,-8.515762954999957],[117.63435203300003,-8.516662040999961],[117.63184198400006,-8.520077039999933],[117.63494597600004,-8.521329038999966],[117.633800027,-8.523671043999968],[117.63176498000007,-8.522595987999978],[117.63318803000004,-8.524919968999939],[117.63018399900011,-8.526026015999946],[117.62656596400006,-8.533981985999958],[117.62277203200006,-8.538113040999974],[117.62876801900006,-8.538737001999948],[117.63142799000002,-8.53587601199996],[117.63154596700008,-8.542968017999954],[117.6343540260001,-8.54452595999993],[117.6345969790001,-8.546501984999963],[117.62914696900009,-8.552348003999953],[117.63227099500011,-8.553004041999941],[117.63595400300005,-8.55669801199997],[117.63430398000003,-8.558029036999926],[117.63403197800005,-8.560511042999963],[117.63168103100008,-8.56083003699996],[117.63355600200009,-8.562982983999973],[117.63512600000001,-8.562360966999961],[117.63643502800005,-8.559084009999935],[117.63809198000001,-8.55939696799993],[117.63831198800005,-8.560802959999933],[117.63967403000004,-8.560441976999925],[117.64401000600003,-8.556049962999964],[117.64907303200005,-8.558864966999977],[117.65314796700011,-8.563652015999935],[117.65754397700005,-8.562489967999966],[117.65850497600002,-8.564214979999974],[117.66048997200005,-8.561383974999956],[117.66187803100001,-8.565382984999928],[117.66379797800005,-8.566576967999936],[117.67739197600008,-8.56777696499995],[117.68138700300005,-8.570408007999958],[117.68546703600009,-8.571062994999977],[117.68665401500004,-8.572285014999977],[117.68598600500002,-8.57537098299997],[117.68892802700009,-8.577633954999953],[117.69578397300006,-8.574550987999942],[117.69787599800009,-8.56952700599993],[117.69624499600002,-8.56737396099993],[117.70027996900001,-8.56388699699994],[117.70530402800011,-8.567098002999955],[117.71091001000002,-8.566123044999927],[117.71477611300008,-8.568008087999942],[117.70897136200006,-8.580602265999971],[117.70977879500003,-8.584866062999936],[117.70866562900005,-8.59282327099993],[117.70506593100004,-8.601272215999927],[117.68964340000002,-8.603173099999935],[117.68274230000009,-8.606078199999956],[117.6842951000001,-8.606686499999967],[117.68169880000005,-8.608235199999967],[117.68381230000011,-8.611099399999944],[117.6826536000001,-8.61276479999998],[117.6805614000001,-8.611820699999953],[117.68120520000002,-8.610462899999959],[117.6784828000001,-8.606690499999957],[117.65616891000002,-8.641968955999971],[117.655994813,-8.642079085999967]]],[[[117.66090998300001,-8.522929001999955],[117.66265599500002,-8.522227010999927],[117.66092999300008,-8.523107022999966],[117.66090998300001,-8.522929001999955]]],[[[117.63858598800005,-8.519023994999941],[117.63773903700007,-8.520302971999968],[117.63542297700008,-8.519910957999969],[117.63629196800002,-8.518636017999938],[117.63849202600011,-8.518835965999926],[117.63858598800005,-8.519023994999941]]],[[[117.631669611,-8.508216190999974],[117.62916520600004,-8.507490618999952],[117.63186102600002,-8.502446956999961],[117.63263203000008,-8.506761002999951],[117.63173800700008,-8.508203993999928],[117.631669611,-8.508216190999974]]],[[[117.63622196800009,-8.50337299599994],[117.63592998000001,-8.499714965999942],[117.63775497800009,-8.497877980999931],[117.63978497500011,-8.498329963999936],[117.64073296600009,-8.502076975999955],[117.63813497800004,-8.504461980999963],[117.63635202000012,-8.503598042999954],[117.63622196800009,-8.50337299599994]]],[[[117.65417896700001,-8.448428035999939],[117.66069399700007,-8.448910029999979],[117.66760803500006,-8.454603030999976],[117.67407501600007,-8.466164963999972],[117.66974996600004,-8.470274984999946],[117.66823403000001,-8.47575496099995],[117.67019303600011,-8.480599954999946],[117.67576600500001,-8.485634015999949],[117.67679700300005,-8.491562009999939],[117.67528300800006,-8.49962600699996],[117.6777849770001,-8.503298041999926],[117.6765149690001,-8.505975044999957],[117.67426899800012,-8.506554974999972],[117.67086497100001,-8.512958972999968],[117.67813996600012,-8.513666977999947],[117.67974098500008,-8.52207703299996],[117.67619901500007,-8.522091987999943],[117.67527903100006,-8.524119010999925],[117.67231199800005,-8.523372967999933],[117.66950399300003,-8.518599016999929],[117.66909799100006,-8.51384804099996],[117.66714700600005,-8.513788002999945],[117.66348802900006,-8.522034965999978],[117.66235000100005,-8.520517972999926],[117.66260600300006,-8.517470984999932],[117.66098196600001,-8.51667996499998],[117.65384696600006,-8.520660968999948],[117.6519159930001,-8.523769008999977],[117.6540920010001,-8.53029496299996],[117.65062197100008,-8.533119019999958],[117.64776998000002,-8.522407029999954],[117.64514901400003,-8.52244096399994],[117.64457400000003,-8.52414198899993],[117.64394798300009,-8.521917019999933],[117.64022202300009,-8.521279955999944],[117.6396549970001,-8.515039997999963],[117.63648497500003,-8.50934796499996],[117.63763099700009,-8.506311998999934],[117.6427389800001,-8.50282296699993],[117.64219001300012,-8.499190961999943],[117.64369896500011,-8.495951007999963],[117.64361397900007,-8.491886978999958],[117.63942701300005,-8.492214986999954],[117.63801199300008,-8.490564977999952],[117.63900298700003,-8.486548011999957],[117.64154200300004,-8.484586044999958],[117.64375998500009,-8.484644967999941],[117.64700699700006,-8.489728960999969],[117.65043499700005,-8.486568990999956],[117.64954303700006,-8.484672997999951],[117.65065901600008,-8.48302396799994],[117.64868002800006,-8.479174971999953],[117.64370697600009,-8.480612985999926],[117.64124099100002,-8.479790972999979],[117.64128896800003,-8.476104985999939],[117.64367898300009,-8.476574993999975],[117.64662199500003,-8.475203017999945],[117.6501129720001,-8.471384988999944],[117.65067602800002,-8.466406997999968],[117.64891297200006,-8.463778973999979],[117.65146302500011,-8.45467997399993],[117.65143598500003,-8.44758401799993],[117.65412499400009,-8.448314998999933],[117.65417896700001,-8.448428035999939]]],[[[117.65912702100002,-8.43552197799994],[117.65663997600006,-8.439147034999962],[117.6557849830001,-8.438327004999962],[117.64493796400006,-8.43996296299997],[117.64191901700008,-8.43888104299998],[117.6521799730001,-8.423254973999974],[117.65791601400008,-8.418745997999963],[117.66160697100008,-8.418712039999946],[117.66410003700003,-8.422759975999952],[117.66130102000011,-8.434242992999941],[117.65940500400006,-8.434956959999965],[117.65912702100002,-8.43552197799994]]],[[[117.71148803500012,-8.562872002999939],[117.71225603000005,-8.564517008999928],[117.71143801800008,-8.563051955999981],[117.71148803500012,-8.562872002999939]]],[[[117.69686000600007,-8.561606972999925],[117.6977239680001,-8.562167968999972],[117.69681999800002,-8.561938011999928],[117.69686000600007,-8.561606972999925]]],[[[117.69799399900012,-8.54567646299995],[117.6992776620001,-8.544395982999959],[117.69912443200008,-8.545853172999955],[117.69796602400004,-8.545686986999954],[117.69799399900012,-8.54567646299995]]],[[[117.69411698600004,-8.524229030999948],[117.69381301300007,-8.525712960999954],[117.6939470100001,-8.524446995999938],[117.69411698600004,-8.524229030999948]]],[[[117.72844202400006,-8.480584004999969],[117.73058796600003,-8.483259008999937],[117.72756300200001,-8.485593000999927],[117.72673596900006,-8.488938025999971],[117.72925501500004,-8.492205996999928],[117.73096197000007,-8.49243103899994],[117.7317309870001,-8.501181016999965],[117.73659098100006,-8.503665032999947],[117.73810601000002,-8.506372006999982],[117.74169197300012,-8.505648006999934],[117.74351803700006,-8.503582954999956],[117.74230300800002,-8.49845604199993],[117.7466849870001,-8.50318298999997],[117.74397802300007,-8.50890500099996],[117.74057599100001,-8.507346010999981],[117.73886396400007,-8.50834098599995],[117.73472298000002,-8.51852899499994],[117.73810701600007,-8.524724012999968],[117.73790297000005,-8.52665602299993],[117.73954598500006,-8.528419035999946],[117.74470699400001,-8.52929499399994],[117.74712501400006,-8.537524024999925],[117.75068302700004,-8.540382971999975],[117.7331689670001,-8.558891023999934],[117.73408898100001,-8.555132017999938],[117.73215296500007,-8.549318029999938],[117.7278349930001,-8.545094971999958],[117.72319696900001,-8.543855032999943],[117.7137880030001,-8.535163005999948],[117.71274001300003,-8.527819013999931],[117.70961899200006,-8.519992032999937],[117.71033100900002,-8.517587965999951],[117.71280196800001,-8.516408961999957],[117.7136560030001,-8.512709971999925],[117.71012003200008,-8.503231978999963],[117.7054099930001,-8.500938963999943],[117.70350899300001,-8.49640896099993],[117.70121503200005,-8.494842988999949],[117.70669301300006,-8.490920981999977],[117.70823997800005,-8.487529011999925],[117.70804897900007,-8.484600024999963],[117.71491602000003,-8.478025033999927],[117.7196850150001,-8.477146984999933],[117.72117601500008,-8.474883982999927],[117.72534496600008,-8.472990022999966],[117.72785200800001,-8.474722027999974],[117.72839396900008,-8.480445015999976],[117.72844202400006,-8.480584004999969]]],[[[117.74878797200006,-8.505786966999949],[117.74795000800009,-8.504573956999934],[117.74989403300003,-8.504440994999982],[117.74888902300006,-8.505511963999936],[117.74878797200006,-8.505786966999949]]],[[[117.75135801200008,-8.492039036999927],[117.75252197200007,-8.492633973999943],[117.75158803600004,-8.493138009999939],[117.75131398400003,-8.491973019999932],[117.75135801200008,-8.492039036999927]]],[[[117.76302125400002,-8.48999805699998],[117.76068938200001,-8.489224731999968],[117.76319971400005,-8.48967682999995],[117.76302125400002,-8.48999805699998]]],[[[117.67664101900004,-8.467486037999947],[117.67601903100001,-8.466962987999977],[117.67761197400011,-8.46683100599995],[117.67807902400011,-8.46806699299998],[117.67706998200003,-8.468190007999965],[117.67664101900004,-8.467486037999947]]]]}},{"type":"Feature","properties":{"kode_kec":"52.04.10","kecamatan":"Moyo Hulu","kab_kota":"Sumbawa"},"geometry":{"type":"Polygon","coordinates":[[[117.43916597500004,-8.705047486999945],[117.43005445200004,-8.706698476999975],[117.42114866300005,-8.703946523999946],[117.41529908000007,-8.704337012999929],[117.41273224400004,-8.705733731999942],[117.41016835000005,-8.704667104999942],[117.40844781800001,-8.707960841999977],[117.40261885400002,-8.708439785999929],[117.40114879800001,-8.706043061999935],[117.39676451100001,-8.703812425999956],[117.38696816700008,-8.701546619999931],[117.38102962800008,-8.70117096499996],[117.3764418080001,-8.703125433999958],[117.36676659300008,-8.703902652999943],[117.35214748300007,-8.703510393999977],[117.3449308050001,-8.705423442999972],[117.33777478800005,-8.70371203999997],[117.32841698800007,-8.696899706999943],[117.32346980900002,-8.695705329999953],[117.32411686500006,-8.693982393999931],[117.32277677000002,-8.691090619999954],[117.32045743200001,-8.691046736999965],[117.3219523030001,-8.688199036999947],[117.32120624100003,-8.685134894999976],[117.31811591600001,-8.686756424999942],[117.31326775700006,-8.682332548999966],[117.31283619500005,-8.679489389999958],[117.31104199800006,-8.679990400999941],[117.30642892800006,-8.67757175099996],[117.29587728600006,-8.66896361199997],[117.28184416200008,-8.661504668999953],[117.27831482300007,-8.65524484399998],[117.27729963600007,-8.650348614999928],[117.2713185450001,-8.643833445999974],[117.25283761000003,-8.634355642999935],[117.25790190300006,-8.632301773999927],[117.26271391400007,-8.624160751999966],[117.2696406980001,-8.622735956999975],[117.27654314100005,-8.61937400499994],[117.2799483660001,-8.619609561999937],[117.28516389800006,-8.617874616999927],[117.2906899830001,-8.617736081999965],[117.2932069530001,-8.618892881999955],[117.29355605500007,-8.616571291999946],[117.29751007300001,-8.616331783999954],[117.29706894900005,-8.61451163299995],[117.29865138900004,-8.612735258999976],[117.29978653300009,-8.61344060099998],[117.30376061000004,-8.611663031999967],[117.30516828500004,-8.614154281999959],[117.31145260400001,-8.61244516499994],[117.31243431000007,-8.61051247599994],[117.31493468100007,-8.610296653999967],[117.31455353900003,-8.608794082999964],[117.31683073500005,-8.610648091999963],[117.3181095540001,-8.60639532099998],[117.32052322600009,-8.604426803999957],[117.32319967700005,-8.605417902999932],[117.32426132100011,-8.602671907999934],[117.32525529200007,-8.604202311999927],[117.32697685900007,-8.603210726999976],[117.32750487400006,-8.604831710999974],[117.32970466200004,-8.603936017999956],[117.33121404000008,-8.605137172999946],[117.3324238240001,-8.602744604999941],[117.3357898800001,-8.60389476499995],[117.33552322600008,-8.605344253999931],[117.33901908000007,-8.60563000899998],[117.34195453200005,-8.603671366999947],[117.34190537200004,-8.606386688999976],[117.34412977300008,-8.602192268999943],[117.3488429030001,-8.602798672999938],[117.35189038800002,-8.597994168999946],[117.35362335000002,-8.599470981999957],[117.35827499900006,-8.597535410999967],[117.35998854900004,-8.599404910999965],[117.36913675900007,-8.594790436999972],[117.37475953,-8.59846358599998],[117.38350855400006,-8.591739335999932],[117.39154843100005,-8.590125783999952],[117.40131760800011,-8.58622044599997],[117.4044781450001,-8.582462904999943],[117.40625700100009,-8.577143373999945],[117.41409163700007,-8.57152782999998],[117.41487735400005,-8.56644487899996],[117.42072297000004,-8.562889881999979],[117.42612108000003,-8.564527139999939],[117.42749253600005,-8.563404490999972],[117.42924277300006,-8.56385758099998],[117.43179067100004,-8.566392358999963],[117.43395306000002,-8.567278856999962],[117.43639539000003,-8.56639464899996],[117.44141793800009,-8.56909415299998],[117.44235225700004,-8.567335162999939],[117.44506336500001,-8.567397309999933],[117.44703742700005,-8.569622857999946],[117.45270864500003,-8.566740275999962],[117.4537874560001,-8.563398622999955],[117.45642337700008,-8.560637966999934],[117.45618586300009,-8.558598317999952],[117.46067949200005,-8.556196868999962],[117.46384298400005,-8.556263661999935],[117.46739831700006,-8.553448961999948],[117.46672552900009,-8.556165263999958],[117.46798177700009,-8.558140397999978],[117.47179186200003,-8.557641369999942],[117.47686637700008,-8.563827188999937],[117.475898013,-8.568369594999979],[117.47995611200008,-8.575142519999929],[117.48181264000004,-8.595092405999935],[117.48349369100004,-8.598750854999935],[117.48967303800009,-8.605635777999964],[117.50354203900008,-8.615468259999943],[117.5106814500001,-8.62549364399996],[117.51081156800001,-8.627359148999972],[117.50308538600007,-8.642441283999972],[117.50487344200008,-8.645459511999945],[117.50394651500005,-8.651010181999936],[117.5059079130001,-8.653786826999976],[117.50508690100003,-8.65985165099994],[117.5091801640001,-8.663388046999955],[117.50812077300009,-8.670372957999973],[117.50614561000009,-8.674173881999934],[117.50738468600002,-8.677123300999938],[117.50531132000003,-8.680046669999967],[117.50905766500011,-8.682748602999936],[117.51189534800005,-8.68883535699996],[117.50964209100005,-8.691171298999961],[117.5087524710001,-8.695464371999947],[117.5106005450001,-8.698061952999979],[117.50935282700004,-8.702408925999976],[117.5118805190001,-8.704293246999953],[117.5124214870001,-8.707017236999945],[117.51054116600005,-8.710435239999981],[117.50809258200002,-8.71076285199996],[117.49327563700001,-8.709130183999946],[117.48630753600003,-8.704627371999948],[117.46980621800003,-8.705540776999953],[117.46173104900004,-8.703232387999947],[117.44017723400009,-8.705044137999948],[117.43916597500004,-8.705047486999945]]]}},{"type":"Feature","properties":{"kode_kec":"52.04.13","kecamatan":"Plampang","kab_kota":"Sumbawa"},"geometry":{"type":"MultiPolygon","coordinates":[[[[117.809723297,-8.87745946299998],[117.80514225400009,-8.876077753999937],[117.79756048700006,-8.876984063999942],[117.78845817000001,-8.875895863999972],[117.77074901500009,-8.858889742999963],[117.7272597000001,-8.85345019999994],[117.68484890000002,-8.851895799999966],[117.6529962620001,-8.87042484799997],[117.6422986990001,-8.893348239999966],[117.63524260000008,-8.898971699999947],[117.6306078,-8.912708599999974],[117.62485219500002,-8.914744354999925],[117.62258706000011,-8.913612753999928],[117.62246535800011,-8.909626342999957],[117.6204063240001,-8.908000997999977],[117.62270249100004,-8.904329417999975],[117.61810443000002,-8.902327982999964],[117.61973771900011,-8.898864789999948],[117.61845401400001,-8.894619337999927],[117.62232491800012,-8.891913260999956],[117.62272019900001,-8.886255586999937],[117.61939050800004,-8.880208559999971],[117.62208083200005,-8.876757679999969],[117.62205983700005,-8.872380158999931],[117.62383420300011,-8.869950225999958],[117.62332076400003,-8.86869924399997],[117.6216752900001,-8.868788794999944],[117.63204408500008,-8.864368755999976],[117.64029561000007,-8.85478885599997],[117.65145485500011,-8.85510493399994],[117.65160214800005,-8.851590469999962],[117.65492776200006,-8.84832510299998],[117.6551483820001,-8.843540404999942],[117.658227667,-8.838074766999966],[117.66901450700004,-8.828231097999947],[117.67172983300009,-8.821072564999952],[117.67082340400009,-8.81187810299997],[117.6768282810001,-8.804584466999927],[117.67890380500012,-8.798326763999967],[117.68483560800007,-8.79604863999998],[117.68781301100012,-8.787137120999944],[117.69595627700005,-8.78191323699997],[117.69844161000003,-8.778821827999934],[117.7000223880001,-8.772399076999932],[117.69837304900011,-8.768066531999978],[117.69743365200009,-8.758775703999959],[117.7037452080001,-8.750864199999967],[117.70394780000004,-8.745924056999968],[117.71340166300001,-8.726451080999936],[117.71100733600008,-8.720808162999958],[117.71131795000008,-8.71710365499996],[117.71955451400004,-8.693950582999946],[117.72272620000001,-8.690265120999982],[117.72948459800011,-8.686206586999958],[117.74241739700005,-8.680469848999962],[117.74938729300004,-8.67977290899995],[117.75372819100005,-8.67604130999996],[117.7590590960001,-8.67543117799994],[117.76386790800007,-8.671869493999964],[117.76585901900012,-8.671888017999947],[117.77272797300009,-8.684256955999956],[117.77313296600005,-8.688811981999947],[117.76970597400009,-8.690397035999979],[117.77175098300006,-8.701285986999949],[117.77023797200002,-8.704956010999979],[117.77284799800009,-8.711726970999962],[117.77574202400001,-8.714298033999967],[117.78269400600004,-8.716678978999937],[117.78512599400005,-8.71984699899997],[117.79003803500007,-8.720994984999948],[117.79066297600002,-8.72278700399994],[117.79279196900006,-8.722309006999978],[117.79644203400005,-8.71838196699997],[117.79951900900005,-8.718591981999964],[117.80466001200011,-8.72731801699996],[117.8046619910001,-8.724567004999926],[117.80651578400011,-8.726981726999952],[117.80729803300005,-8.725472984999953],[117.81573587300011,-8.722177295999927],[117.82380602300009,-8.716582029999927],[117.82666200300002,-8.711842990999969],[117.83178298500002,-8.709223970999972],[117.83438303100002,-8.709236992999934],[117.83630101400001,-8.710879954999939],[117.84031201800008,-8.71841197499998],[117.8472189900001,-8.718212981999955],[117.85363296600008,-8.71223595899994],[117.85734697200007,-8.70503101199995],[117.87099297000009,-8.696399978999978],[117.88000598400004,-8.701986973999965],[117.88800602800006,-8.699939016999963],[117.89343001500004,-8.700529991999929],[117.9018420320001,-8.705099038999947],[117.90342798200004,-8.709269026999948],[117.90179597300005,-8.71303097599997],[117.89336999800003,-8.718572029999962],[117.88989902300011,-8.71906701699993],[117.88934918000007,-8.720342364999965],[117.89113004100011,-8.720636974999934],[117.8921303730001,-8.718945511999948],[117.89179901900002,-8.72083181399995],[117.88955123500011,-8.720657505999952],[117.88852499900008,-8.72349898999994],[117.89249203000008,-8.727182029999938],[117.89404997700001,-8.730507022999973],[117.89778696700012,-8.732821981999962],[117.89922197700002,-8.732516026999974],[117.89947196500009,-8.729764039999964],[117.90163998500009,-8.72812295999995],[117.90187397900002,-8.736633019999942],[117.90347899000005,-8.736943960999952],[117.90498097200009,-8.740999010999928],[117.90770999000006,-8.738882013999955],[117.90777203000005,-8.735742021999954],[117.91365302600002,-8.732416976999957],[117.91454196900008,-8.729133031999936],[117.91793197700008,-8.726777020999975],[117.91908101000001,-8.719554985999935],[117.92414996700006,-8.719521979999968],[117.92393800400009,-8.724160990999962],[117.9279769850001,-8.725496986999929],[117.93313197500004,-8.724705993999976],[117.93808486000012,-8.721407965999958],[117.9249452900001,-8.743461398999955],[117.91982525500009,-8.750000168999975],[117.90938866200008,-8.759354105999932],[117.91227591200004,-8.767464994999955],[117.90517808700008,-8.783870853999929],[117.90408141700004,-8.795330953999951],[117.90489079700001,-8.804075681999961],[117.89999351900008,-8.817719670999963],[117.90345597600003,-8.823069148999934],[117.90689607500008,-8.824906103999979],[117.9070446290001,-8.828144712999972],[117.90947109800004,-8.828113851999944],[117.91280327000004,-8.831959667999968],[117.91082808100009,-8.832828330999973],[117.91084438300004,-8.836828096999966],[117.90565406300004,-8.842610107999974],[117.90143245200011,-8.844897291999928],[117.89786226400008,-8.854216448999978],[117.89671361400008,-8.862281327999938],[117.89805975700006,-8.877749438999956],[117.89429822900001,-8.883998558999963],[117.8925465860001,-8.890805558999944],[117.89533146300005,-8.900516945999925],[117.8986355940001,-8.901834195999982],[117.90055957100003,-8.90606334599994],[117.89961653600005,-8.91427936599996],[117.90246139400006,-8.919880908999971],[117.89557600600006,-8.922822013999962],[117.89603100600004,-8.926110026999936],[117.89382401700004,-8.93200102399993],[117.88884498100003,-8.940365027999974],[117.88571303700007,-8.94336803699997],[117.87303699100005,-8.941757030999952],[117.87106699600008,-8.936851979999972],[117.86865301400007,-8.935376966999968],[117.86158399600004,-8.936421019999955],[117.85312397000007,-8.926496009999937],[117.85031898900002,-8.926469981999958],[117.84956398400004,-8.928672975999973],[117.8448720020001,-8.93248101499995],[117.83947696300004,-8.932429963999937],[117.83704200600005,-8.930806030999975],[117.83353751100003,-8.918259382999963],[117.83465697500003,-8.917673690999948],[117.83427632100006,-8.916207808999957],[117.83981637700003,-8.91229548399997],[117.83895018700002,-8.911079599999937],[117.84019595300003,-8.909902606999935],[117.83853349900005,-8.909329490999937],[117.84167299600006,-8.904171068999972],[117.83987115000002,-8.902989524999953],[117.83923664800011,-8.899668402999964],[117.83697115400003,-8.897161940999979],[117.84025777200009,-8.894756885999925],[117.84124974200006,-8.889875396999969],[117.83339527200008,-8.874999997999964],[117.83124947700003,-8.87346045199996],[117.809723297,-8.87745946299998]]],[[[117.82501577100004,-8.710958137999967],[117.82589617200006,-8.712766527999975],[117.82484920900004,-8.711077110999952],[117.82501577100004,-8.710958137999967]]],[[[117.84501700800001,-8.685358983999947],[117.84489702000008,-8.686199022999972],[117.84331496400011,-8.684780959999955],[117.84487200300009,-8.685301975999948],[117.84501700800001,-8.685358983999947]]],[[[117.83215399200003,-8.66219400999995],[117.83287502400003,-8.661404024999968],[117.83299199700002,-8.662554969999974],[117.83216600000003,-8.662304030999962],[117.83215399200003,-8.66219400999995]]],[[[117.88666802300008,-8.660326999999938],[117.887344987,-8.659558997999966],[117.88836300900005,-8.66194996799993],[117.88678096300009,-8.660774967999942],[117.88666802300008,-8.660326999999938]]],[[[117.86013700300009,-8.65832403099995],[117.85741902600012,-8.658294958999932],[117.85750500100005,-8.656844991999947],[117.86104199300007,-8.655871042999934],[117.86227897700007,-8.657108967999932],[117.86019198500003,-8.658212955999943],[117.86013700300009,-8.65832403099995]]]]}},{"type":"Feature","properties":{"kode_kec":"52.04.14","kecamatan":"Empang","kab_kota":"Sumbawa"},"geometry":{"type":"MultiPolygon","coordinates":[[[[117.95761803300002,-8.90557599799996],[117.95756499100003,-8.90648902299995],[117.95686498300006,-8.903619960999947],[117.9577220330001,-8.905686043999935],[117.95761803300002,-8.90557599799996]]],[[[117.98886685000002,-8.874783271999945],[117.98272796900005,-8.892881993999936],[117.98080502900007,-8.89476499999995],[117.97201097700008,-8.89739703999993],[117.965800005,-8.901272983999945],[117.96383298,-8.899257991999946],[117.96139600800007,-8.899221973999943],[117.95775901100001,-8.901279016999979],[117.95444797700009,-8.906032990999961],[117.950284968,-8.90687696599997],[117.94745098500005,-8.905813967999961],[117.9428309650001,-8.899782036999966],[117.93519401900005,-8.899145015999977],[117.93223200200009,-8.900937995999925],[117.92490900200005,-8.910292024999933],[117.9233209780001,-8.916515985999979],[117.918259035,-8.91857097299993],[117.91249996400006,-8.91851896999998],[117.90959596500011,-8.920623968999962],[117.90790099200001,-8.919349998999962],[117.90246139400006,-8.919880908999971],[117.89961653600005,-8.91427936599996],[117.90055957100003,-8.90606334599994],[117.8986355940001,-8.901834195999982],[117.89533146300005,-8.900516945999925],[117.8925465860001,-8.890805558999944],[117.89429822900001,-8.883998558999963],[117.89805975700006,-8.877749438999956],[117.89671361400008,-8.862281327999938],[117.89786226400008,-8.854216448999978],[117.90143245200011,-8.844897291999928],[117.90565406300004,-8.842610107999974],[117.91084438300004,-8.836828096999966],[117.91082808100009,-8.832828330999973],[117.91280327000004,-8.831959667999968],[117.90947109800004,-8.828113851999944],[117.9070446290001,-8.828144712999972],[117.90689607500008,-8.824906103999979],[117.90345597600003,-8.823069148999934],[117.89999351900008,-8.817719670999963],[117.90489079700001,-8.804075681999961],[117.90408141700004,-8.795330953999951],[117.90517808700008,-8.783870853999929],[117.91219006800009,-8.767984351999928],[117.90935219100004,-8.759654403999946],[117.91095748700002,-8.75722163599994],[117.91982525500009,-8.750000168999975],[117.92706240700011,-8.739477308999938],[117.93806522700004,-8.744047967999961],[117.93948931000011,-8.743675007999968],[117.94019170100012,-8.745698488999949],[117.94322972900011,-8.74749049899998],[117.94483041700005,-8.746460100999968],[117.94679399200004,-8.747722309999972],[117.94955940900002,-8.746059732999981],[117.954728208,-8.748123675999977],[117.98247995500003,-8.747602464999943],[117.98955026500005,-8.746830097999975],[117.99093595700003,-8.744850270999962],[117.99349377600004,-8.744540815999926],[117.99818799200011,-8.747550871999977],[118.0135492070001,-8.747812247999946],[118.01708373500003,-8.749781290999977],[118.01505989700001,-8.75439589299998],[118.02836684500005,-8.75998292099996],[118.03333565900004,-8.746185233999938],[118.03583789800007,-8.734609211999953],[118.04563536900002,-8.72805868599994],[118.049727458,-8.72919679599994],[118.04953073200011,-8.727244085999928],[118.05130390300008,-8.725410574999955],[118.05980320700007,-8.722395559999939],[118.06789157100002,-8.715674586999967],[118.07282838200001,-8.716059326999925],[118.0761979130001,-8.713687241999935],[118.09655923700006,-8.707653862999962],[118.09622604200001,-8.706141957999932],[118.12177123900005,-8.712194894999925],[118.12802723200002,-8.712356709999938],[118.13592021500006,-8.709033404999957],[118.13771460400005,-8.710629737999966],[118.14146683700005,-8.714386737999973],[118.14303876400004,-8.718592232999981],[118.13858604400002,-8.733454483999935],[118.1302052210001,-8.75168671199998],[118.13382731700005,-8.758394543999941],[118.13323621800009,-8.763461683999935],[118.12886836300004,-8.765091147999954],[118.12908646100004,-8.76817942799994],[118.12747823200004,-8.770473208999931],[118.12822143300002,-8.772118211999953],[118.12692472200001,-8.773651831999928],[118.12845445100004,-8.776932183999975],[118.12336621600002,-8.78090186399993],[118.1246775950001,-8.784863875999974],[118.12270230900003,-8.788140326999951],[118.12040306800009,-8.789031336999926],[118.12029660000007,-8.791675809999958],[118.11837473900005,-8.792359096999974],[118.12012789800008,-8.794569617999969],[118.11985285600008,-8.796737871999937],[118.11705909400007,-8.800621270999955],[118.11684012800004,-8.805223199999944],[118.11510623700008,-8.806748263999964],[118.11438361500007,-8.81076358599995],[118.11135861800005,-8.810478586999977],[118.11013283700004,-8.814651339999955],[118.10802158000001,-8.814467401999934],[118.10240917200008,-8.817520203999948],[118.09901555300007,-8.824691160999976],[118.08994457800009,-8.836670751999975],[118.08923883600005,-8.840621238999972],[118.08651381300001,-8.841431461999946],[118.08937756600005,-8.84524850899993],[118.08892449000007,-8.84634974499994],[118.0803410200001,-8.84059501799993],[118.07725701600009,-8.840118983999957],[118.07029396700011,-8.841187963999971],[118.0664849960001,-8.843675016999953],[118.05977503100007,-8.845612013999926],[118.0444140300001,-8.855806025999925],[118.03899399400007,-8.857599023999967],[118.03707600000007,-8.857677042999967],[118.03659399200001,-8.855923978999954],[118.03457896400005,-8.854976990999944],[118.02983002400003,-8.855395982999937],[118.02739997200001,-8.852061037999931],[118.02488699800006,-8.852828985999963],[118.02520497300009,-8.855532014999937],[118.0222209640001,-8.857067000999962],[118.01359603200001,-8.85256903499993],[118.01040301700004,-8.854598005999947],[118.00830501900009,-8.853999027999976],[118.0041159750001,-8.856546025999933],[118.00007701100003,-8.864123005999943],[117.98886696800002,-8.874782988999925],[117.98886685000002,-8.874783271999945]]]]}},{"type":"Feature","properties":{"kode_kec":"52.02.06","kecamatan":"Praya Timur","kab_kota":"Lombok Tengah"},"geometry":{"type":"Polygon","coordinates":[[[116.39716579500009,-8.815836557999944],[116.39600987100005,-8.818230743999948],[116.39884896500007,-8.839304592999952],[116.40148670000008,-8.843869264999967],[116.40050302800012,-8.849503962999961],[116.4032891490001,-8.853239004999978],[116.40476199600005,-8.85820598099997],[116.40266800200004,-8.86458598799993],[116.40101303400002,-8.864511991999962],[116.40303299700008,-8.860948995999934],[116.40160298400008,-8.85648497099993],[116.39619498800005,-8.855727986999966],[116.39019001600002,-8.858312997999974],[116.38713724400009,-8.865061743999945],[116.38335700000005,-8.866438974999937],[116.38455699500003,-8.868187029999945],[116.38169599600008,-8.866073975999939],[116.38104398400003,-8.867898005999962],[116.37988901400001,-8.867707006999979],[116.37995396500003,-8.866448988999934],[116.37741999600007,-8.86787598099994],[116.3771370280001,-8.866649033999977],[116.37622520100001,-8.86848639699997],[116.37357585100006,-8.864424306999979],[116.37590802800003,-8.86313900999994],[116.37337102400011,-8.862247034999939],[116.37518300700003,-8.861470034999968],[116.3740400150001,-8.859931028999938],[116.37493800700008,-8.857793997999977],[116.37382898100009,-8.853205000999935],[116.37500003600007,-8.853211027999976],[116.37451496300002,-8.848006986999962],[116.37600996900005,-8.846126044999949],[116.373982995,-8.839939008999977],[116.36621896300005,-8.830840028999944],[116.36256903300011,-8.83016097199993],[116.359310015,-8.831818028999976],[116.35766502900003,-8.831272015999957],[116.3578080320001,-8.82892402899995],[116.356373985,-8.828550004999954],[116.36277599900006,-8.820099039999945],[116.35742500000003,-8.806989989999977],[116.35801901100001,-8.801920977999941],[116.35672499600003,-8.800750980999965],[116.35836401000006,-8.796458989999962],[116.3473565600001,-8.79662888599995],[116.33907197600001,-8.798175391999962],[116.34062698100001,-8.792271029999938],[116.33868502600001,-8.782914955999956],[116.33571996700005,-8.776632975999973],[116.33008596400009,-8.773058993999939],[116.329844105,-8.768373753999981],[116.34008611800004,-8.767119999999977],[116.34033834000002,-8.763079675999961],[116.3391176770001,-8.76194467199997],[116.33936989900008,-8.754789632999973],[116.34047610300001,-8.753584542999931],[116.33955761900006,-8.75294938899998],[116.34244496800011,-8.751053015999958],[116.34139129300002,-8.74484382099996],[116.3440488650001,-8.742252362999977],[116.34484836400009,-8.736605901999951],[116.34948117500005,-8.737819426999977],[116.35088631700012,-8.733548090999932],[116.35189632700008,-8.73523652199998],[116.35580459200003,-8.734861756999976],[116.36026889900006,-8.736198250999962],[116.36146903600002,-8.73823499599996],[116.36073900200006,-8.74309799599996],[116.36244598500002,-8.745363028999975],[116.36983902100008,-8.747542970999973],[116.37654796600009,-8.74641702799994],[116.38168625800006,-8.751025655999968],[116.38258807300008,-8.749695537999969],[116.38402288800012,-8.750709187999973],[116.39060401900008,-8.749677910999935],[116.39089799300007,-8.739705962999949],[116.39240097100003,-8.736032983999962],[116.39828296700011,-8.732432981999978],[116.40249096900004,-8.733769030999952],[116.40255295100008,-8.730225810999968],[116.41312792400004,-8.733249551999961],[116.42194382700006,-8.733299519999946],[116.42004025800009,-8.744530575999931],[116.42143938100003,-8.746072466999976],[116.42251489800003,-8.75159281699996],[116.42083267300006,-8.75379733799997],[116.42211097500001,-8.754785999999967],[116.4258989860001,-8.754357976999927],[116.4287244520001,-8.757039726999949],[116.42873297000006,-8.75935183699994],[116.42596218800009,-8.760098465999931],[116.42523499600009,-8.772896565999929],[116.42150656500007,-8.772461806999956],[116.42162266100001,-8.774917039999934],[116.41750008800011,-8.776400344999956],[116.41627825600006,-8.781987648999973],[116.41720546200008,-8.783872560999953],[116.41475356300009,-8.794456916999934],[116.41438402400001,-8.806690728999968],[116.41175127200006,-8.809025596999959],[116.4043583890001,-8.81096023899994],[116.40062631,-8.815829115999975],[116.39822931900005,-8.81492809699995],[116.39716727300004,-8.815834400999961],[116.39716579500009,-8.815836557999944]]]}},{"type":"Feature","properties":{"kode_kec":"52.02.07","kecamatan":"Janapria","kab_kota":"Lombok Tengah"},"geometry":{"type":"Polygon","coordinates":[[[116.37300801200001,-8.73364999599994],[116.37552000400001,-8.732841006999934],[116.37311499200007,-8.728660955999942],[116.37380902200005,-8.727515014999938],[116.36699837100002,-8.726697507999972],[116.36571346200003,-8.724191935999954],[116.36282836500004,-8.724263319999977],[116.36264395700005,-8.720961817999978],[116.35832151500006,-8.71659310399997],[116.35380400000008,-8.716689040999938],[116.35036800800003,-8.710453033999954],[116.3534270240001,-8.707182027999977],[116.35009599600005,-8.704932010999926],[116.3505210300001,-8.69987001499993],[116.34770798400007,-8.698032041999966],[116.34450198800005,-8.699205991999975],[116.33982602000003,-8.697889054999962],[116.3407004720001,-8.69565236099993],[116.33930253900007,-8.69296357099995],[116.33943802900001,-8.689354039999955],[116.3371170040001,-8.686780540999962],[116.33892777400001,-8.68395850099995],[116.33989080900005,-8.674618624999937],[116.34406146000003,-8.674040906999949],[116.34509652600002,-8.67692481399996],[116.35077386800003,-8.677161673999933],[116.35418661000006,-8.682261453999956],[116.3536316520001,-8.684650923999925],[116.35777191500006,-8.690875593999976],[116.3600309310001,-8.691896656999972],[116.3591261790001,-8.690140154999938],[116.36083225200002,-8.686592378999933],[116.35975435700004,-8.684572214999946],[116.36027783800012,-8.680700832999946],[116.35881209000001,-8.678045353999948],[116.35633745100006,-8.677445729999931],[116.35462542900007,-8.673786118999942],[116.35552367500009,-8.66994447999997],[116.3609797790001,-8.67187660199994],[116.35965917800002,-8.668207472999939],[116.36083344300005,-8.663912545999949],[116.36370307300001,-8.664019621999955],[116.36458823200007,-8.665725694999935],[116.37325297300004,-8.666140005999978],[116.37425101500003,-8.66349903799994],[116.37828225100009,-8.66239914299996],[116.38520231300004,-8.674528658999975],[116.39220367300004,-8.680050026999936],[116.39496466800006,-8.684207008999977],[116.39854746700007,-8.683600833999947],[116.40333367300002,-8.677899218999926],[116.40758623900001,-8.68101919399993],[116.41650058000005,-8.682139382999935],[116.4194862270001,-8.688794874999928],[116.4265415970001,-8.690032419999966],[116.42946196500009,-8.692231055999969],[116.43196282200006,-8.701898817999961],[116.43355108100002,-8.701634842999965],[116.43261076600004,-8.714610096999934],[116.4427472640001,-8.71910227899997],[116.44635044900008,-8.722916293999958],[116.44337951200009,-8.72665984899993],[116.44445724900004,-8.730315559999951],[116.44301021900003,-8.73420118699994],[116.44636152900011,-8.740613149999945],[116.44602090800004,-8.745191558999977],[116.44026188700002,-8.752024115999973],[116.43517493400009,-8.755839058999982],[116.42097001700006,-8.754028989999938],[116.4225244160001,-8.751364387999956],[116.42143938100003,-8.746072466999976],[116.42004977600004,-8.744787557999928],[116.42215322000004,-8.73425130499993],[116.42087782800002,-8.732718931999955],[116.41898303400001,-8.733887978999974],[116.41312792400004,-8.733249551999961],[116.40255295100008,-8.730225810999968],[116.40249096900004,-8.733769030999952],[116.39977403300009,-8.732443029999956],[116.39621500500004,-8.733111981999969],[116.39280997300011,-8.735521991999974],[116.39104996900005,-8.739182985999946],[116.39060401900008,-8.749677910999935],[116.38402288800012,-8.750709187999973],[116.38258807300008,-8.749695537999969],[116.38168625800006,-8.751025655999968],[116.37654341000007,-8.74642319399993],[116.37095692900004,-8.737883187999955],[116.3709800150001,-8.735773969999968],[116.37389403500003,-8.73587301899994],[116.37297607000005,-8.733720305999952],[116.37300801200001,-8.73364999599994]]]}},{"type":"Feature","properties":{"kode_kec":"52.02.04","kecamatan":"Pujut","kab_kota":"Lombok Tengah"},"geometry":{"type":"MultiPolygon","coordinates":[[[[116.23520801100005,-8.916545012999961],[116.2345780180001,-8.917956971999956],[116.23515303400006,-8.916691027999946],[116.23520801100005,-8.916545012999961]]],[[[116.22528796800009,-8.916652964999969],[116.22521098200002,-8.916599996999935],[116.22507599400001,-8.916561012999978],[116.22500300800004,-8.916461031999972],[116.22502600500002,-8.916332042999954],[116.22511599600011,-8.916298954999945],[116.22527403700008,-8.916287980999925],[116.22541601600005,-8.916461982999976],[116.22541302800005,-8.916456007999955],[116.22543598100003,-8.916489966999961],[116.22547000600002,-8.91667902499995],[116.22542803100009,-8.916738978999945],[116.22533902000009,-8.916734001999941],[116.22528796800009,-8.916652964999969]]],[[[116.22458700400011,-8.91549903799995],[116.22459899600005,-8.915430971999967],[116.22464897300006,-8.915452959999925],[116.22472897800003,-8.915531976999944],[116.22479596400001,-8.915632036999966],[116.22488798800009,-8.91570203599997],[116.22494796500007,-8.915853984999956],[116.2249889630001,-8.915936989999977],[116.22518998100009,-8.91610297699998],[116.22523101700006,-8.916167987999927],[116.22514000900003,-8.916220966999958],[116.22512501000006,-8.916221027999939],[116.22493199100006,-8.916316022999979],[116.22487202600007,-8.916335972999946],[116.22476802100005,-8.916257989999963],[116.22472801900005,-8.916092971999944],[116.22471803500002,-8.916027029999952],[116.22467700300001,-8.915852967999967],[116.22462500100005,-8.915759991999948],[116.22458700400011,-8.91549903799995]]],[[[116.22346390300004,-8.914400671999942],[116.22349602600002,-8.914329287999976],[116.22353171800012,-8.914311441999928],[116.2235923940001,-8.914257904999943],[116.22364950100007,-8.914200797999968],[116.22373873100003,-8.914182951999976],[116.2238065460001,-8.914211504999969],[116.22385294500009,-8.914286457999935],[116.22389934500006,-8.914343564999967],[116.22393503700005,-8.914411379999933],[116.22393146700006,-8.914493470999957],[116.22394574400005,-8.914604115999964],[116.22390648300006,-8.91467906899993],[116.2238208230001,-8.914771867999946],[116.22374587000002,-8.914800421999928],[116.22367805500005,-8.914793282999938],[116.2235923940001,-8.91470762299997],[116.2235638410001,-8.91467193099993],[116.22352814900012,-8.914575562999971],[116.22350673400001,-8.91453630199993],[116.22346033400004,-8.914464917999965],[116.22346390300004,-8.914400671999942]]],[[[116.27618102800011,-8.913511970999934],[116.27613800400002,-8.913500040999963],[116.27611801800003,-8.913480018999962],[116.27610000900006,-8.913446977999968],[116.27608103500006,-8.913408961999949],[116.27605498100002,-8.913386033999927],[116.27603302200009,-8.913378032999958],[116.27598699000009,-8.913369986999953],[116.27596196500008,-8.91335800099995],[116.27593996700011,-8.913332005999962],[116.27593999700002,-8.913316995999935],[116.2759470090001,-8.913298019999957],[116.27597098000001,-8.913274012999977],[116.27599897900006,-8.913260955999931],[116.27604197900007,-8.91324801899998],[116.27607700300007,-8.913247996999928],[116.27611201600007,-8.913253037999937],[116.27613899700009,-8.913262041999928],[116.27616500200008,-8.913272039999981],[116.27620001600008,-8.913276990999975],[116.27621799400004,-8.913287966999974],[116.27621999600001,-8.913299002999963],[116.27622503400005,-8.913331024999934],[116.2762439930001,-8.913339018999977],[116.27625397400004,-8.913334968999948],[116.27625402900003,-8.913383979999935],[116.27625499200008,-8.91342801899998],[116.2762510010001,-8.913474037999947],[116.27623903300002,-8.913495988999955],[116.2762189870001,-8.913506980999955],[116.27618102800011,-8.913511970999934]]],[[[116.27813406200005,-8.912311319999958],[116.27811740600009,-8.912370805999956],[116.27807933400004,-8.912408877999951],[116.2780269860001,-8.912435051999978],[116.27796274100001,-8.912444569999934],[116.2779365670001,-8.91242791299993],[116.27792704900003,-8.912347011999941],[116.27795560200002,-8.912299422999979],[116.27798653500008,-8.912263730999939],[116.27804126300009,-8.912220899999966],[116.27809837000007,-8.912237556999969],[116.2781245440001,-8.912258971999961],[116.27813406200005,-8.912311319999958]]],[[[116.27759799500006,-8.912498970999934],[116.277517966,-8.912502975999928],[116.27746303100002,-8.91244499499993],[116.27750302900006,-8.912203997999939],[116.27754100100003,-8.91211500199995],[116.2775459720001,-8.912104974999977],[116.27766800100005,-8.912061987999948],[116.27775999200003,-8.912077990999933],[116.27781400900005,-8.912181994999969],[116.2776870130001,-8.91242499499998],[116.27759799500006,-8.912498970999934]]],[[[116.2779370180001,-8.91229002199998],[116.27785797400009,-8.912249989999964],[116.27783998200005,-8.912093970999933],[116.27788000800001,-8.911876031999952],[116.2779439740001,-8.911840979999965],[116.27803496600006,-8.91186900699995],[116.27811603100008,-8.911911032999967],[116.27807600900007,-8.912126981999961],[116.2779370180001,-8.91229002199998]]],[[[116.27431600700004,-8.911985020999964],[116.27433698300001,-8.911959017999948],[116.2743689880001,-8.911929963999967],[116.27440398800002,-8.911903989999928],[116.27443198800006,-8.911891022999953],[116.27445899800011,-8.911885016999975],[116.27450400300006,-8.911882029999958],[116.2745300360001,-8.911877017999927],[116.27454197100008,-8.91187197599993],[116.2745460220001,-8.911870988999965],[116.27459202000011,-8.91185896299993],[116.27460798600009,-8.911862971999938],[116.2746300020001,-8.911880014999952],[116.27463402100011,-8.91189503399994],[116.27462796300006,-8.91192504299994],[116.27461302600011,-8.911968960999957],[116.27459503000011,-8.912006000999952],[116.27456998200012,-8.912043026999982],[116.27454501800003,-8.912075982999966],[116.27451999900006,-8.912098993999962],[116.27449702800004,-8.912109979999968],[116.27446597200003,-8.912113988999977],[116.27441797900008,-8.912111000999971],[116.27437801300005,-8.912107035999952],[116.27434001800009,-8.912093034999941],[116.27431703500008,-8.912072012999943],[116.27430799700005,-8.912053999999955],[116.27430603000005,-8.912023973999965],[116.27431600700004,-8.911985020999964]]],[[[116.27172596800006,-8.910818978999941],[116.27168103400004,-8.910823953999966],[116.27163900900007,-8.91083797899995],[116.27160802100002,-8.91084497099996],[116.27157099800002,-8.910831968999958],[116.27156203300001,-8.910815040999978],[116.27156601900003,-8.910771010999952],[116.27157900400005,-8.910727992999966],[116.27159798100001,-8.910688967999931],[116.271609968,-8.910656978999953],[116.27162002800003,-8.910613956999953],[116.27163402300005,-8.910591015999955],[116.27166401600005,-8.910555989999978],[116.27169399700006,-8.91052702099995],[116.2717259960001,-8.910502036999958],[116.2717609660001,-8.910490981999942],[116.27179598700002,-8.91049195499994],[116.27184000000011,-8.91049701399993],[116.27187499400009,-8.91051200399994],[116.27189498400003,-8.91052904299994],[116.27190701300003,-8.910552033999977],[116.27192501000002,-8.910591042999954],[116.27193303400009,-8.910629037999968],[116.27193302400008,-8.910671989999969],[116.27193698200006,-8.91071901999993],[116.27194102100009,-8.910761979999961],[116.2719360100001,-8.910792984999944],[116.27192097000011,-8.910814025999969],[116.27189002500006,-8.910837022999942],[116.27186503000007,-8.91084800699997],[116.271838032,-8.910846958999969],[116.27183302600008,-8.91083799699993],[116.2718329700001,-8.91082795899996],[116.2718280250001,-8.910825959999954],[116.27180703500005,-8.910821036999948],[116.27176999000005,-8.910818973999937],[116.27172596800006,-8.910818978999941]]],[[[116.2549000360001,-8.910476035999977],[116.25308901900007,-8.909185014999935],[116.25434296900005,-8.907586996999953],[116.256394967,-8.909312988999943],[116.25520003300005,-8.910581982999929],[116.2549000360001,-8.910476035999977]]],[[[116.25675400600005,-8.90736702299995],[116.25681803300006,-8.907487959999969],[116.25678003500002,-8.907735016999936],[116.25671300200008,-8.907765988999927],[116.25661903500009,-8.907727009999974],[116.2564660160001,-8.907518000999971],[116.2565040180001,-8.907379996999964],[116.25660300900006,-8.907269965999944],[116.25669499800006,-8.907285973999933],[116.2567160100001,-8.907316037999976],[116.25675400600005,-8.90736702299995]]],[[[116.24315600900002,-8.905759970999952],[116.24264896700004,-8.907836009999926],[116.244989024,-8.913259960999937],[116.24023997300003,-8.917374042999938],[116.2338150060001,-8.91514399099998],[116.23375197500002,-8.90727596599993],[116.23278098600008,-8.906316000999936],[116.23365401500007,-8.903970000999948],[116.23017600100002,-8.90069802399995],[116.22767503600005,-8.900549972999954],[116.22598402000006,-8.902607971999942],[116.227610991,-8.905983030999948],[116.22712200900003,-8.908168041999943],[116.22273601200004,-8.909249973999977],[116.22055198300006,-8.906668021999963],[116.22171198700005,-8.898695961999977],[116.22045499500007,-8.892115005999926],[116.22275291400001,-8.879768396999964],[116.21646422600008,-8.878559033999977],[116.208370306,-8.879201408999961],[116.20769792800002,-8.87804342399994],[116.21426826900006,-8.877394630999959],[116.21811109800001,-8.87230020499993],[116.2228890560001,-8.87305211499995],[116.22934601200006,-8.867000975999929],[116.23020589800001,-8.865566329999979],[116.22937784600003,-8.862432579999961],[116.23187628000005,-8.853745167999932],[116.23681604100011,-8.850532895999947],[116.2390259660001,-8.845283010999935],[116.23941619800007,-8.840333732999966],[116.24240242100007,-8.83889415799996],[116.24514950800005,-8.831637991999969],[116.2445498840001,-8.825222964999966],[116.24854737900012,-8.81661883399994],[116.24815652500001,-8.812371760999952],[116.25375126000006,-8.805497233999972],[116.25297317600007,-8.800550333999979],[116.25712890500006,-8.79784845599994],[116.25421644500011,-8.790467367999952],[116.25414903300009,-8.777895956999942],[116.25178225600007,-8.774632054999927],[116.25291012100001,-8.771648210999956],[116.25873504100002,-8.766722726999944],[116.2616046710001,-8.766565681999964],[116.26351775800003,-8.758827674999964],[116.2717697280001,-8.75403068199995],[116.27884256700008,-8.75712535599996],[116.28300400800003,-8.756400505999977],[116.28375211100001,-8.757805339999948],[116.28730117300006,-8.757494701999974],[116.28930367400005,-8.765185219999978],[116.29165643200008,-8.766914054999972],[116.30005652400007,-8.764234186999943],[116.30127290400003,-8.765894336999963],[116.30713113700006,-8.76463322199993],[116.30858260800005,-8.765820573999974],[116.31071853100002,-8.763173541999947],[116.31253967400005,-8.764482637999947],[116.321775591,-8.764211776999957],[116.32412768800009,-8.76583575799998],[116.3296246000001,-8.766610748999938],[116.33019903700006,-8.773424973999965],[116.33571996700005,-8.776632975999973],[116.33868502600001,-8.782914955999956],[116.34062698100001,-8.792271029999938],[116.33907197600001,-8.798175391999962],[116.3473565600001,-8.79662888599995],[116.35836401000006,-8.796458989999962],[116.35672499600003,-8.800750980999965],[116.35801901100001,-8.801920977999941],[116.35742500000003,-8.806989989999977],[116.36277599900006,-8.820099039999945],[116.356373985,-8.828550004999954],[116.3578080320001,-8.82892402899995],[116.35766502900003,-8.831272015999957],[116.359310015,-8.831818028999976],[116.36256903300011,-8.83016097199993],[116.36621896300005,-8.830840028999944],[116.373982995,-8.839939008999977],[116.37600996900005,-8.846126044999949],[116.37451496300002,-8.848006986999962],[116.37500003600007,-8.853211027999976],[116.37382898100009,-8.853205000999935],[116.37493800700008,-8.857793997999977],[116.3740400150001,-8.859931028999938],[116.37518300700003,-8.861470034999968],[116.37337102400011,-8.862247034999939],[116.37597102200004,-8.863359035999963],[116.37368054700005,-8.865314224999963],[116.37622520100001,-8.86848639699997],[116.3771370280001,-8.866649033999977],[116.37741999600007,-8.86787598099994],[116.37995396500003,-8.866448988999934],[116.37988901400001,-8.867707006999979],[116.38104398400003,-8.867898005999962],[116.38169599600008,-8.866073975999939],[116.38438301300005,-8.868280968999954],[116.38335700000005,-8.866438974999937],[116.3856209700001,-8.86582896699997],[116.39005999200003,-8.869721033999951],[116.39011394900001,-8.871978836999972],[116.39546625700007,-8.874135946999957],[116.39442198800009,-8.877701007999974],[116.39523196800008,-8.881688037999936],[116.3986628770001,-8.883407387999966],[116.3950753800001,-8.884002917999965],[116.3953800270001,-8.885150954999972],[116.3967040010001,-8.886317995999946],[116.39868596800011,-8.88583704399997],[116.39800503800006,-8.890699989999973],[116.40019496500008,-8.894102990999954],[116.4026859710001,-8.893801976999953],[116.40256496900008,-8.896506041999942],[116.4049109990001,-8.899191990999952],[116.39905901500003,-8.906280032999973],[116.39779697300003,-8.91469703499996],[116.39507997600003,-8.91847604399993],[116.39389203100006,-8.923124007999945],[116.3934500040001,-8.926058037999951],[116.39621999700012,-8.935340014999952],[116.39767699200002,-8.936542995999957],[116.39644197100006,-8.935999957999968],[116.39581097700011,-8.939269982999974],[116.3978470300001,-8.94055899999995],[116.39740801700009,-8.941615027999944],[116.39591199300003,-8.940826953999931],[116.39619599600007,-8.943764969999961],[116.39425796800003,-8.94419703699998],[116.39511901300011,-8.946660976999965],[116.39652299900001,-8.946918996999955],[116.39528102700001,-8.948658974999944],[116.39500799500001,-8.947439017999955],[116.39346701600005,-8.948377039999968],[116.3940400140001,-8.952079009999977],[116.39295296400007,-8.952469957999938],[116.39018797200004,-8.947474972999942],[116.38737797800002,-8.94799400599993],[116.38673100200003,-8.950262038999938],[116.38299003100008,-8.949918981999929],[116.38257202600005,-8.953740031999928],[116.38118999100004,-8.952957966999975],[116.38032798300003,-8.955720988999929],[116.37569996900004,-8.955572958999937],[116.3740710190001,-8.951193966999938],[116.37214903800009,-8.950502016999963],[116.36941997500003,-8.951608009999973],[116.36912400100005,-8.953914040999962],[116.36776699200004,-8.953773009999964],[116.36802502500007,-8.950987018999967],[116.37296303300002,-8.945624014999964],[116.36948297300012,-8.94010700299998],[116.36953996800003,-8.933393034999938],[116.36694899400004,-8.930220042999963],[116.36650400500002,-8.92509204199996],[116.37006901300003,-8.922786955999982],[116.37209901800009,-8.919124001999933],[116.37551397100003,-8.916797986999939],[116.3809920220001,-8.909933003999981],[116.37999200600007,-8.906766996999977],[116.37644197600002,-8.903816013999972],[116.37168996100002,-8.904331548999949],[116.36620396800004,-8.909278997999934],[116.36046403500006,-8.909305978999953],[116.35980697000002,-8.911078041999929],[116.35914202900005,-8.909230999999977],[116.35813897600008,-8.911484984999959],[116.35821099200007,-8.905111957999964],[116.35489715300002,-8.903548230999945],[116.35402702900001,-8.905430982999974],[116.35074403100009,-8.905137981999928],[116.34999276700012,-8.899326273999975],[116.3472373510001,-8.898955077999972],[116.34649301600007,-8.897516017999976],[116.34054999200009,-8.900298027999952],[116.33832745900008,-8.902599222999982],[116.33866058400008,-8.904003104999958],[116.34500001000004,-8.910161009999968],[116.34699796600012,-8.91517898799998],[116.34895798900004,-8.915896981999936],[116.34681900300006,-8.920969001999936],[116.35090597900012,-8.926740995999978],[116.34656000500001,-8.930465032999962],[116.34106798800008,-8.926496966999935],[116.3424149650001,-8.921955027999957],[116.33765898800004,-8.918249015999947],[116.33708801400007,-8.916297032999978],[116.33293102400012,-8.915155007999942],[116.3304350300001,-8.919953007999936],[116.32937596500005,-8.917073983999956],[116.33119503400007,-8.915978030999952],[116.33135396300008,-8.911643968999954],[116.32986999000002,-8.910238955999944],[116.32809296300002,-8.910873983999977],[116.32750498100006,-8.90882303199993],[116.32291497000006,-8.908514036999975],[116.31992600000001,-8.91165697699995],[116.32098300700011,-8.915643023999962],[116.3239600070001,-8.91731103799998],[116.32204803000002,-8.917734007999968],[116.32112002000008,-8.92088603999997],[116.3203189940001,-8.920090989999949],[116.31953334000002,-8.92113835799995],[116.31985001200007,-8.918354027999953],[116.31449398500001,-8.908602968999958],[116.30368302600004,-8.907137966999926],[116.301436007,-8.907598004999954],[116.30027402300004,-8.910351025999944],[116.29754402100002,-8.909660989999963],[116.2967279720001,-8.906761009999968],[116.2977649820001,-8.905524035999974],[116.29076002800002,-8.899501018999956],[116.29110197000011,-8.897259004999967],[116.2870259660001,-8.895160027999964],[116.2830659650001,-8.895443962999934],[116.28047099700007,-8.89354001099997],[116.2763770030001,-8.893516981999937],[116.27482998500011,-8.895718018999958],[116.27616399800002,-8.899636966999935],[116.27436001800004,-8.90339698799994],[116.27456000600012,-8.905883006999943],[116.27558602900001,-8.909993964999956],[116.27755100600007,-8.911565953999968],[116.27592896400006,-8.912025961999973],[116.27635900400003,-8.913090028999932],[116.27152699100009,-8.909309018999977],[116.26814801100011,-8.910372034999966],[116.26774099200009,-8.90902198799995],[116.26440099800004,-8.908587955999963],[116.26295301100004,-8.906995043999927],[116.26208797700008,-8.908021018999932],[116.26067701400007,-8.906259979999959],[116.25896598500003,-8.907230008999932],[116.25401602300008,-8.90560801099997],[116.25164920700001,-8.902715260999969],[116.24784998400003,-8.902742042999932],[116.24334000800002,-8.905414015999952],[116.24315600900002,-8.905759970999952]]],[[[116.31940401200006,-8.921097030999931],[116.31947100100001,-8.921129978999943],[116.31952903600006,-8.921138042999928],[116.31958096700009,-8.921201978999932],[116.31942699300009,-8.921282990999941],[116.31911199800004,-8.921280966999973],[116.31906600600007,-8.921208992999937],[116.31909899300001,-8.921134993999942],[116.31925498400005,-8.921017995999932],[116.31936300300003,-8.921048034999956],[116.31939801500005,-8.921054971999979],[116.3193910220001,-8.921064995999927],[116.31940401200006,-8.921097030999931]]],[[[116.29339297500007,-8.915771010999947],[116.29335399000001,-8.915842011999928],[116.29327900100009,-8.915915024999947],[116.29325503000007,-8.915939033999962],[116.29315599300003,-8.915921030999925],[116.29310599500002,-8.915868036999939],[116.29317098500007,-8.91565204099993],[116.29321997500006,-8.915604026999972],[116.2933269780001,-8.915613995999934],[116.29337802400005,-8.915667987999939],[116.29339297500007,-8.915771010999947]]],[[[116.30138999100006,-8.911727966999933],[116.30143001400006,-8.911622966999971],[116.30146402300011,-8.911604040999975],[116.30175003500005,-8.911540013999968],[116.30183401500005,-8.911549032999972],[116.3019499720001,-8.911662012999955],[116.30201496300003,-8.91195502599993],[116.3019539710001,-8.912320957999952],[116.30175703000009,-8.91235901999994],[116.30168201200001,-8.912330032999932],[116.30171403600002,-8.912250969999945],[116.30173103100003,-8.912187974999938],[116.30145796500005,-8.912148035999962],[116.30135197800007,-8.912117000999956],[116.30133197900011,-8.912063973999977],[116.3014109720001,-8.911934992999932],[116.30137701900003,-8.911844954999935],[116.30138999100006,-8.911727966999933]]],[[[116.3052529900001,-8.911871023999936],[116.305207988,-8.912031989999946],[116.30506700100011,-8.912225962999969],[116.30496903100004,-8.912277955999969],[116.30477896800005,-8.91216899799997],[116.30470800700004,-8.912017039999967],[116.30466201200011,-8.911870009999973],[116.30469103400003,-8.911711998999976],[116.30484097700003,-8.91158097999994],[116.30503399500003,-8.911514967999949],[116.30515196800002,-8.91151401299993],[116.30524701600007,-8.91165896299998],[116.3052529900001,-8.911871023999936]]],[[[116.2972989750001,-8.911169020999978],[116.29767997300007,-8.91190897599995],[116.2971819930001,-8.911200991999976],[116.2972989750001,-8.911169020999978]]],[[[116.30088498000009,-8.911282029999938],[116.3008439680001,-8.911433959999954],[116.30072603100007,-8.911494956999945],[116.30056303100002,-8.911511016999953],[116.30045102600002,-8.911450039999977],[116.30038600500006,-8.911331006999944],[116.30038497100008,-8.911164981999946],[116.30048502400007,-8.911043003999964],[116.30062698500001,-8.91096903099998],[116.30076903100007,-8.911007999999981],[116.30089097700011,-8.91112596499994],[116.30088400500006,-8.911242963999939],[116.30088498000009,-8.911282029999938]]],[[[116.30014396500007,-8.910436956999945],[116.30032701900006,-8.910443992999944],[116.30050700800007,-8.910486017999972],[116.30055297100012,-8.910570020999955],[116.30053602900011,-8.910723984999947],[116.30045197000004,-8.910795986999972],[116.30036497300011,-8.910796003999963],[116.30016900700002,-8.91075602899997],[116.30006799900002,-8.910748965999971],[116.29965403300002,-8.910738963999961],[116.29951496700005,-8.910631998999975],[116.29951497100001,-8.91063000899993],[116.29946897800005,-8.910522043999947],[116.29951899100001,-8.91044898299998],[116.29978703200004,-8.910408976999975],[116.30014396500007,-8.910436956999945]]],[[[116.29657001200007,-8.90622095699996],[116.29658601300002,-8.90636404099996],[116.29654599300011,-8.906427987999962],[116.29641900000001,-8.906557961999965],[116.29634797100005,-8.906561986999975],[116.2962730050001,-8.90650695599993],[116.29626697600008,-8.906482981999943],[116.29622902800008,-8.906444026999964],[116.29621097200004,-8.906356007999932],[116.29622203000008,-8.906221021999954],[116.29632899600006,-8.906130978999954],[116.2964879650001,-8.906143034999957],[116.29657001200007,-8.90622095699996]]],[[[116.37484103700001,-8.954838955999946],[116.37487999100006,-8.954824010999971],[116.3749399840001,-8.954830984999944],[116.37499998800001,-8.954832984999939],[116.37507499200001,-8.954835009999954],[116.37523701500004,-8.955049957999961],[116.3752750110001,-8.955244983999933],[116.37525401000005,-8.955333026999938],[116.37506503300006,-8.955351967999945],[116.375043,-8.955340989999968],[116.37499998200008,-8.955319032999967],[116.37496903100009,-8.955303969999932],[116.3747959850001,-8.955218041999956],[116.37475903100005,-8.95507202999994],[116.37479297300001,-8.954917997999928],[116.37484103700001,-8.954838955999946]]],[[[116.36410799300006,-8.95412302699998],[116.36420499200005,-8.954071016999933],[116.36436701700006,-8.95406596099997],[116.36444297700007,-8.954121974999964],[116.36446203000003,-8.954121012999963],[116.36446697500003,-8.954166958999963],[116.36447699300004,-8.954315999999949],[116.36447898200004,-8.954336981999973],[116.3644070250001,-8.954350965999936],[116.36424800500004,-8.954310993999968],[116.36409097500007,-8.954205014999957],[116.36410799300006,-8.95412302699998]]],[[[116.366257012,-8.954603988999963],[116.36550102600006,-8.953689013999963],[116.3672719650001,-8.953110958999957],[116.3664239950001,-8.954551012999957],[116.366257012,-8.954603988999963]]],[[[116.36758203400007,-8.952681956999982],[116.36751702400011,-8.952756991999934],[116.36740297400002,-8.952780036999968],[116.36764696800003,-8.952216999999962],[116.36768699800007,-8.952144003999933],[116.36774502100002,-8.952163001999963],[116.36776399300004,-8.952166017999957],[116.36777700900006,-8.952315968999926],[116.36770401400008,-8.952410974999964],[116.36758203400007,-8.952681956999982]]],[[[116.39531197400004,-8.949586002999979],[116.39579996500004,-8.950451018999956],[116.39523998100003,-8.949623955999925],[116.39531197400004,-8.949586002999979]]],[[[116.3970440170001,-8.937738962999958],[116.39687000600009,-8.938606970999956],[116.39695703300004,-8.937681038999926],[116.3970440170001,-8.937738962999958]]],[[[116.39652599400006,-8.93480300799996],[116.39656598600004,-8.934794029999978],[116.39671697300003,-8.934836958999938],[116.39683301700006,-8.93501103999995],[116.39679202900004,-8.935261006999951],[116.3966340070001,-8.935483021999971],[116.39652901300008,-8.935475978999932],[116.39643103300011,-8.935400039999934],[116.39642401100002,-8.935291966999955],[116.39644096800009,-8.935059956999964],[116.39637999500007,-8.934919965999939],[116.39644797300002,-8.934814003999975],[116.39652599400006,-8.93480300799996]]],[[[116.34999702000005,-8.930859994999935],[116.34928198700004,-8.93160096899993],[116.34982199000001,-8.930846033999956],[116.34999702000005,-8.930859994999935]]],[[[116.3293029990001,-8.921918023999979],[116.3293309820001,-8.921996021999973],[116.32929499800002,-8.92206902199996],[116.32916103200012,-8.922078003999957],[116.32906301800006,-8.922113002999936],[116.32892996300006,-8.92211601799994],[116.3289059660001,-8.92207302199995],[116.32892899600006,-8.92194700899995],[116.3290840300001,-8.921818972999972],[116.32918496900004,-8.921825032999948],[116.32920902800004,-8.921834027999978],[116.32926896900005,-8.921865966999974],[116.3293029990001,-8.921918023999979]]],[[[116.32941800900005,-8.921447016999934],[116.32797296700005,-8.921949981999944],[116.32959701400011,-8.919689981999966],[116.32949002300006,-8.921398044999933],[116.32941800900005,-8.921447016999934]]],[[[116.36952699100004,-8.90909501799996],[116.37122102000001,-8.911039005999953],[116.36908501100004,-8.91321496699993],[116.36933298400004,-8.910049966999964],[116.36952699100004,-8.90909501799996]]]]}},{"type":"Feature","properties":{"kode_kec":"52.02.05","kecamatan":"Praya Barat","kab_kota":"Lombok Tengah"},"geometry":{"type":"MultiPolygon","coordinates":[[[[116.17281903700007,-8.91364995999993],[116.17295498500005,-8.913658037999937],[116.17295902500007,-8.913729029999956],[116.17283698300002,-8.913872984999955],[116.17278496900008,-8.913792029999968],[116.17278398100007,-8.913730991999955],[116.17281903700007,-8.91364995999993]]],[[[116.18081399500011,-8.912320974999943],[116.18077698200011,-8.912305971999956],[116.18075396800009,-8.912099031999958],[116.18079001300009,-8.911842035999939],[116.18085196900006,-8.911838012999965],[116.18089101800001,-8.911916043999952],[116.18089196800008,-8.912128993999943],[116.18086802500011,-8.912204988999974],[116.18085898800007,-8.912255967999954],[116.18081399500011,-8.912320974999943]]],[[[116.1791979730001,-8.912194976999956],[116.17910903400002,-8.912191976999964],[116.17903103200001,-8.912127965999957],[116.17890799500003,-8.911913026999969],[116.17901100200004,-8.911861984999973],[116.1790800230001,-8.911884018999956],[116.17911202800008,-8.911925956999937],[116.17915096500008,-8.911986988999956],[116.1792039720001,-8.912127985999973],[116.1791979730001,-8.912194976999956]]],[[[116.16160600100011,-8.905751024999972],[116.16164998400006,-8.905702023999936],[116.16174400800003,-8.905677007999941],[116.16175398600001,-8.905675040999938],[116.16179102000001,-8.905681000999948],[116.16180802100007,-8.905723990999945],[116.16177203400002,-8.90578503599994],[116.16165901900001,-8.905784961999927],[116.16160600100011,-8.905751024999972]]],[[[116.16268397200008,-8.904560039999978],[116.16268301200012,-8.904454964999957],[116.1627189830001,-8.904399977999958],[116.16287402500006,-8.904387034999957],[116.1629089700001,-8.904388017999963],[116.16297398300003,-8.904423971999961],[116.16301302700003,-8.904535008999972],[116.16299898800003,-8.904606954999963],[116.1628360200001,-8.904643028999942],[116.16268397200008,-8.904560039999978]]],[[[116.16240297800005,-8.90426001399993],[116.16248298700009,-8.904230988999927],[116.16256698000007,-8.904230996999956],[116.16263301800007,-8.90424497999993],[116.16263296600005,-8.90433395599996],[116.16253396700006,-8.904369993999978],[116.16243796700007,-8.904341022999972],[116.16240297800005,-8.90426001399993]]],[[[116.16188702500006,-8.903336983999964],[116.16185898800006,-8.903365042999951],[116.1618660260001,-8.903370030999952],[116.16183196800012,-8.90340802299994],[116.16168701700008,-8.903502008999965],[116.16159002300003,-8.90348099299996],[116.16149496300011,-8.903335014999925],[116.1615530140001,-8.903168043999926],[116.16171397200003,-8.902927968999961],[116.1618240030001,-8.902854973999979],[116.16196497500005,-8.902861981999934],[116.162009968,-8.902928997999936],[116.16199302500002,-8.903090998999971],[116.16194101400004,-8.903207979999934],[116.16188702500006,-8.903336983999964]]],[[[116.16124402900004,-8.902185978999967],[116.1612340160001,-8.902235960999974],[116.16107697500001,-8.902270962999978],[116.16099302900011,-8.902217966999956],[116.16099296400012,-8.902048964999949],[116.16105103000007,-8.90194103899995],[116.16119299900004,-8.901905007999972],[116.1612719960001,-8.901924988999951],[116.16130899500001,-8.902011969999933],[116.1613030200001,-8.902067024999951],[116.16129700900001,-8.902104988999952],[116.16126798100004,-8.902140007999947],[116.16124402900004,-8.902185978999967]]],[[[116.16190698900004,-8.89927700499993],[116.16189300100007,-8.899064024999973],[116.16199796400008,-8.898844983999936],[116.16206598600002,-8.898809962999962],[116.16214196800001,-8.898836987999971],[116.16217899300011,-8.898846023999965],[116.16223801900003,-8.898809987999925],[116.1622730360001,-8.899076002999948],[116.1621950230001,-8.899282986999935],[116.16218998500005,-8.899289034999981],[116.16217901700008,-8.89929696799993],[116.16202700600002,-8.899330985999939],[116.16190698900004,-8.89927700499993]]],[[[116.16254396600004,-8.899183040999958],[116.1625180210001,-8.89921499199994],[116.16246900200008,-8.899268954999968],[116.16240497900003,-8.899260040999934],[116.16234403100009,-8.899152027999946],[116.16237001700006,-8.898903963999942],[116.16244901400012,-8.898792015999959],[116.16251903000011,-8.898771013999976],[116.16255500500006,-8.898878969999942],[116.16255103600008,-8.899074999999925],[116.16254396600004,-8.899183040999958]]],[[[116.16265102200009,-8.898571021999942],[116.16259497700003,-8.898549013999968],[116.16254700000002,-8.898508034999963],[116.16248398000005,-8.898487004999936],[116.16252199900009,-8.898355975999948],[116.16264498400005,-8.898356975999945],[116.16269003100001,-8.898400027999969],[116.16269502900002,-8.89851098899993],[116.16265102200009,-8.898571021999942]]],[[[116.16092897400006,-8.896231953999973],[116.16099002200008,-8.896164001999978],[116.16102602700005,-8.896160013999975],[116.16103996700008,-8.89619702899995],[116.1610270110001,-8.896386980999978],[116.16096300800007,-8.896402026999965],[116.16092897400006,-8.896231953999973]]],[[[116.15772796600004,-8.895632003999935],[116.15872298300008,-8.895949016999964],[116.15767396800004,-8.895699969999953],[116.15772796600004,-8.895632003999935]]],[[[116.15611599200008,-8.89282802699995],[116.15628103600011,-8.89302896099997],[116.15622800900007,-8.893066003999934],[116.15607100900002,-8.89305199499995],[116.15585103500007,-8.892899041999954],[116.15588596900011,-8.892805985999928],[116.15593300700004,-8.892765038999926],[116.15599197200004,-8.89272303599995],[116.1560579940001,-8.892774997999936],[116.15608401200006,-8.892809959999965],[116.15611599200008,-8.89282802699995]]],[[[116.14672097800008,-8.881638978999945],[116.14805498100009,-8.881398968999974],[116.1470160020001,-8.882798971999932],[116.14664399700007,-8.882046973999934],[116.14672097800008,-8.881638978999945]]],[[[116.16346398000007,-8.89858596099998],[116.16211797400001,-8.898176027999966],[116.16238198100007,-8.895852007999963],[116.16055302100006,-8.895647964999966],[116.15986297500001,-8.896753013999955],[116.16006398200011,-8.894996986999956],[116.15641497900003,-8.893778964999967],[116.15689501200006,-8.891413033999982],[116.15764798700002,-8.892040013999974],[116.15936502700004,-8.890376026999945],[116.15896901500003,-8.888265004999937],[116.16042400000003,-8.887959035999927],[116.1608879900001,-8.886068957999953],[116.15745400700007,-8.879949026999952],[116.1573170370001,-8.87720797399993],[116.15982501000008,-8.87585699999994],[116.16132201500011,-8.876837032999958],[116.16176599900007,-8.873541990999968],[116.15670000300008,-8.865262961999974],[116.1498460140001,-8.86295402199994],[116.1474640130001,-8.865893964999941],[116.14180899000007,-8.869088974999954],[116.13684898100007,-8.870013971999981],[116.1324149940001,-8.869943027999966],[116.12329102300009,-8.867058031999932],[116.11557101400001,-8.867112993999967],[116.10929605800004,-8.872685971999942],[116.10925690500005,-8.870325987999934],[116.1122550130001,-8.867480728999965],[116.11405555600004,-8.86224999999996],[116.11034336000012,-8.85981729499997],[116.10764803200004,-8.855202043999952],[116.11009302600007,-8.854719040999953],[116.11323297900003,-8.851470006999932],[116.12557200200001,-8.847732004999955],[116.13623802500001,-8.850152976999937],[116.15816202300005,-8.836124003999942],[116.16311296900005,-8.821105971999941],[116.16243902300005,-8.816604965999943],[116.17286198400006,-8.818947978999972],[116.17584301900001,-8.816086991999953],[116.18125501600002,-8.814042024999935],[116.18834402300001,-8.814807019999932],[116.19195898600003,-8.812288972999966],[116.20498499400003,-8.814615980999974],[116.20637742000008,-8.812019739999926],[116.2070983960001,-8.812990560999935],[116.20801924800003,-8.812362382999936],[116.21067764200006,-8.806397373999971],[116.21090369100011,-8.799925239999936],[116.21457995900005,-8.799604011999975],[116.21852106900008,-8.796122869999977],[116.21718245600005,-8.795104237999965],[116.21776185500005,-8.792860405999932],[116.21667682100008,-8.790414318999979],[116.2169419820001,-8.785120997999968],[116.21854202400004,-8.783319967999944],[116.21724299900006,-8.782473702999937],[116.21807498800001,-8.779885307999962],[116.21640374000003,-8.77983792699996],[116.21650758700002,-8.781397392999963],[116.20904797700007,-8.782646609999972],[116.20930020000003,-8.786187247999976],[116.20673038200005,-8.787086683999974],[116.20654954300005,-8.784740535999958],[116.20488392000004,-8.785073660999956],[116.19805336000002,-8.781888961999925],[116.19621467600007,-8.77458381699995],[116.2002048490001,-8.77595329299993],[116.20362196600001,-8.775226992999933],[116.20538797300003,-8.763455988999965],[116.21592497100005,-8.753684001999943],[116.21979345700004,-8.752531315999931],[116.22633027400002,-8.739235418999954],[116.22555932900002,-8.735923208999964],[116.22694471700004,-8.735546220999936],[116.22548313700008,-8.733557692999966],[116.22091102800005,-8.733243983999955],[116.22121438400006,-8.729883804999929],[116.223946006,-8.728760699999953],[116.22679184100002,-8.723145171999931],[116.21652098800007,-8.713646500999971],[116.2204760300001,-8.710835033999956],[116.22811141400007,-8.713515422999933],[116.23414314500008,-8.708619535999958],[116.23955645900003,-8.71423468599994],[116.24146240700009,-8.712671378999971],[116.24034882000001,-8.711293670999964],[116.2419264030001,-8.709523352999952],[116.24187852800003,-8.70468931499994],[116.24468153400005,-8.70333778099996],[116.24698156700003,-8.703922100999932],[116.24970129200005,-8.705820910999932],[116.25054124100006,-8.710513207999952],[116.25369402700005,-8.711607759999936],[116.25418895400003,-8.716309574999968],[116.2570247210001,-8.718503776999967],[116.25682406400006,-8.720634504999964],[116.25955801400005,-8.724685035999926],[116.25917197100011,-8.726740039999981],[116.25805601500008,-8.726984995999942],[116.25944825300007,-8.729705842999977],[116.2580566690001,-8.735407950999956],[116.25426702200002,-8.73759896799993],[116.25477896500001,-8.74154600299994],[116.26050502300006,-8.743303989999959],[116.27471051700002,-8.74016925199993],[116.2808780790001,-8.740340573999958],[116.28128499500008,-8.743920996999975],[116.279963984,-8.74404300599997],[116.28076398300004,-8.74584501499993],[116.27916402000005,-8.744565959999932],[116.27793402900011,-8.746118958999944],[116.27648102300009,-8.74517999699998],[116.2755190040001,-8.747863019999954],[116.28042301300002,-8.751446040999951],[116.2807850910001,-8.756579707999947],[116.27884256700008,-8.75712535599996],[116.27085601500005,-8.754416154999944],[116.26351775800003,-8.758827674999964],[116.2616046710001,-8.766565681999964],[116.25873504100002,-8.766722726999944],[116.25291012100001,-8.771648210999956],[116.25178225600007,-8.774632054999927],[116.25414903300009,-8.777895956999942],[116.25421644500011,-8.790467367999952],[116.25712890500006,-8.79784845599994],[116.25297317600007,-8.800550333999979],[116.25375126000006,-8.805497233999972],[116.24815652500001,-8.812371760999952],[116.24854737900012,-8.81661883399994],[116.2445498840001,-8.825222964999966],[116.24514950800005,-8.831637991999969],[116.24240242100007,-8.83889415799996],[116.23941619800007,-8.840333732999966],[116.2390259660001,-8.845283010999935],[116.23681604100011,-8.850532895999947],[116.23187628000005,-8.853745167999932],[116.22937784600003,-8.862432579999961],[116.23020589800001,-8.865566329999979],[116.22934601200006,-8.867000975999929],[116.2228890560001,-8.87305211499995],[116.21811109800001,-8.87230020499993],[116.21426826900006,-8.877394630999959],[116.20769792800002,-8.87804342399994],[116.208370306,-8.879201408999961],[116.21646422600008,-8.878559033999977],[116.22275291400001,-8.879768396999964],[116.22045499500007,-8.892115005999926],[116.22171198700005,-8.898695961999977],[116.22045902000002,-8.905909975999975],[116.22193800200012,-8.908956954999951],[116.21881896800005,-8.908659973999931],[116.21570000500003,-8.902244009999947],[116.20691798300004,-8.900953038999944],[116.19980400700001,-8.902680027999963],[116.19810297000004,-8.904515962999938],[116.1977119710001,-8.910113025999976],[116.1992379940001,-8.91144898999994],[116.19498703600004,-8.915309976999936],[116.19480500300006,-8.917371981999963],[116.19337800000005,-8.914415989999952],[116.19390400100008,-8.91285297099995],[116.19288596800004,-8.91331400699994],[116.1907409690001,-8.911253004999935],[116.18875999200009,-8.912225994999972],[116.18724699800009,-8.911255966999931],[116.18468297600009,-8.914470991999963],[116.18089098500002,-8.91125703299997],[116.17814803500005,-8.911657980999962],[116.17590500600011,-8.913695966999967],[116.1730050000001,-8.913695042999962],[116.1720509910001,-8.910291987999926],[116.16982401700011,-8.909227979999969],[116.16781899700004,-8.910006026999952],[116.16861301200004,-8.907664017999934],[116.16718497200009,-8.90534299099994],[116.16526898300003,-8.906752021999978],[116.16451202100006,-8.90604501799993],[116.16326198500008,-8.908270971999968],[116.1613629950001,-8.906880953999973],[116.16472500700002,-8.90151598999995],[116.1637698610001,-8.898818915999925],[116.16346398000007,-8.89858596099998]]],[[[116.18787898000005,-8.914110954999956],[116.18796099200006,-8.914159963999964],[116.18804301400007,-8.914204992999942],[116.18804097000009,-8.91428103499993],[116.18804000000011,-8.914313042999936],[116.18800501200008,-8.91439896099996],[116.18792102700002,-8.914563980999958],[116.18779900600009,-8.914598979999937],[116.1876239720001,-8.914561975999959],[116.1876049650001,-8.914475036999931],[116.187570015,-8.914305957999943],[116.18757298000003,-8.914185971999927],[116.1876270350001,-8.914125956999953],[116.18770197100002,-8.914016979999928],[116.18782400700002,-8.913908012999968],[116.18784296500007,-8.913949015999947],[116.18787898000005,-8.914110954999956]]],[[[116.1836200030001,-8.914190966999968],[116.18358499300007,-8.914253010999971],[116.18348898800002,-8.914256960999978],[116.1833150000001,-8.91415503099995],[116.18312498700004,-8.913974036999946],[116.1830899900001,-8.913861020999946],[116.18313301700005,-8.913768972999947],[116.18330802500009,-8.913750006999976],[116.18357496400006,-8.913906031999943],[116.1836249910001,-8.914004975999944],[116.18363301700003,-8.914071996999951],[116.1836200030001,-8.914190966999968]]],[[[116.20023797300007,-8.913179967999952],[116.20084000000008,-8.912647034999964],[116.20013702900008,-8.913248020999958],[116.20023797300007,-8.913179967999952]]],[[[116.18648800800008,-8.91354402899998],[116.18645002700009,-8.913558955999974],[116.18643298800009,-8.913565971999958],[116.18637903700005,-8.913544964999971],[116.18634497800008,-8.91344795599997],[116.18642200500005,-8.913241957999958],[116.1865319960001,-8.913085040999931],[116.18659899600004,-8.913003986999968],[116.18663802200001,-8.912889956999948],[116.18669397600002,-8.912853004999931],[116.18666896400009,-8.913107042999968],[116.18661502500004,-8.913317974999927],[116.18648800800008,-8.91354402899998]]],[[[116.19119697600001,-8.912636042999964],[116.19109501600008,-8.912756988999945],[116.19102503600004,-8.912760996999964],[116.19099797600006,-8.912720969999953],[116.19101598700001,-8.912579042999937],[116.19101699600003,-8.912427041999933],[116.19105297400006,-8.912026993999973],[116.19114697400005,-8.912013000999934],[116.19122398800005,-8.912049971999977],[116.19126698100001,-8.912143021999952],[116.19123696800011,-8.912558997999952],[116.19119697600001,-8.912636042999964]]],[[[116.1896489720001,-8.912438984999937],[116.18961502900004,-8.912322986999925],[116.18964502200004,-8.91229203599994],[116.18965899600005,-8.912280040999974],[116.18972097400001,-8.912231978999955],[116.18979003000004,-8.912239000999932],[116.18979896500002,-8.912301955999965],[116.18975296400004,-8.912382966999928],[116.18973401300002,-8.91244097699996],[116.1896489720001,-8.912438984999937]]],[[[116.18813501900001,-8.912478994999958],[116.18796998800008,-8.91253198499993],[116.18782596900007,-8.912509967999938],[116.1877789670001,-8.912433005999958],[116.18774203200007,-8.912280016999944],[116.1877799780001,-8.912179005999974],[116.18786697900009,-8.912142031999963],[116.18815997700005,-8.912113011999963],[116.18821598500006,-8.912187011999947],[116.18823899800009,-8.912328032999937],[116.18823197800009,-8.91234800199993],[116.18813501900001,-8.912478994999958]]],[[[116.20047600200007,-8.912320995999949],[116.20038601200008,-8.912318993999975],[116.20025499100007,-8.91207899699998],[116.20023197700004,-8.91193698099994],[116.2002830030001,-8.911888983999972],[116.20052100500004,-8.912112030999936],[116.20055996400004,-8.912268006999966],[116.20048702700001,-8.912321019999979],[116.20047600200007,-8.912320995999949]]],[[[116.21582299800002,-8.912060967999935],[116.21578602500006,-8.911673962999942],[116.21584701100005,-8.91163204399993],[116.21592002000011,-8.91168500599997],[116.21595698800002,-8.911827955999968],[116.21595897200007,-8.911847039999941],[116.21597199000007,-8.911896980999927],[116.215931995,-8.912294041999928],[116.21582299800002,-8.912060967999935]]],[[[116.21688900400011,-8.910048006999943],[116.21686501800002,-8.910182960999975],[116.21678000800011,-8.910343014999967],[116.21672498100008,-8.91040402599998],[116.2167220230001,-8.910419029999957],[116.21668302700004,-8.910382959999936],[116.21657201700009,-8.910249981999925],[116.2165559980001,-8.91009495999998],[116.21659600200007,-8.909939964999978],[116.21675998500007,-8.909673013999964],[116.2168669780001,-8.909684994999964],[116.21707199800005,-8.909869983999954],[116.21702401000005,-8.909935983999958],[116.21688900400011,-8.910048006999943]]],[[[116.21655503700003,-8.909842038999955],[116.21651497300002,-8.909814013999949],[116.21656598400011,-8.909456038999963],[116.2166569640001,-8.909310012999981],[116.21669999400001,-8.909282975999929],[116.21671101900006,-8.90928299899997],[116.2167570360001,-8.90933201699994],[116.21667902000002,-8.909518036999941],[116.21663902500006,-8.90963396799998],[116.21661301500001,-8.909804002999977],[116.21655503700003,-8.909842038999955]]],[[[116.21709100500004,-8.909925001999966],[116.21717397700002,-8.909911975999933],[116.2172620230001,-8.910123030999955],[116.21723796700007,-8.910255994999943],[116.21722802600004,-8.910346037999943],[116.21721397400006,-8.910534995999967],[116.2171409880001,-8.910647963999963],[116.21699502100012,-8.910730032999936],[116.21690696300004,-8.91073599699996],[116.21687798800008,-8.910677972999963],[116.21688497100001,-8.910639015999948],[116.21684498500008,-8.910644988999934],[116.21684396800003,-8.910594982999953],[116.2169150100001,-8.91033796399995],[116.21702101800008,-8.910143954999967],[116.21706003600002,-8.909993027999974],[116.21709100500004,-8.909925001999966]]],[[[116.21760103200006,-8.910109999999975],[116.21751696600006,-8.910108014999935],[116.21745703700003,-8.91004097299998],[116.21744000400008,-8.909904034999954],[116.21748001100002,-8.90974695999995],[116.21753697700001,-8.909726011999965],[116.21762699700002,-8.909819970999934],[116.2176499730001,-8.909877982999944],[116.21762903000001,-8.909992958999965],[116.21761996600003,-8.910057953999967],[116.21760103200006,-8.910109999999975]]],[[[116.21917803300005,-8.909619954999926],[116.21926502300005,-8.909622036999963],[116.21934098300005,-8.909662976999925],[116.21939300000008,-8.909677012999964],[116.21941500600008,-8.90973203599998],[116.21937601200011,-8.909907017999956],[116.2193230260001,-8.909855002999961],[116.21917803300005,-8.909619954999926]]],[[[116.2204440270001,-8.90990699699995],[116.22022096600006,-8.90970596699998],[116.22018198,-8.909559034999972],[116.22019996400002,-8.90949496099995],[116.22038801300005,-8.909513982999954],[116.2204280310001,-8.909527992999926],[116.2204879730001,-8.909553979999941],[116.22058399500008,-8.909611961999929],[116.22062396400008,-8.90972001299997],[116.22051599600002,-8.90988399899993],[116.2204440270001,-8.90990699699995]]],[[[116.21748999200008,-8.909355983999944],[116.21758302400008,-8.909373993999964],[116.21763697200004,-8.90946697399994],[116.21763696700009,-8.909505042999967],[116.21738997700004,-8.909694957999932],[116.21742900600009,-8.909538966999946],[116.21744198500005,-8.90939603299995],[116.21748999200008,-8.909355983999944]]],[[[116.21934802500004,-8.909454020999931],[116.21933801000011,-8.909508977999963],[116.21933799900012,-8.909514041999955],[116.21924397100008,-8.90957696099997],[116.21913199500011,-8.909544985999958],[116.21896701700007,-8.909221009999953],[116.218952005,-8.909050978999971],[116.21899699800008,-8.909016983999948],[116.21903699800009,-8.90907502999994],[116.2191060350001,-8.909125993999965],[116.21931000900008,-8.909309984999936],[116.21934903200008,-8.909404016999929],[116.21934802500004,-8.909454020999931]]],[[[116.21795099700012,-8.909106024999971],[116.21796999700007,-8.909235010999964],[116.2179940210001,-8.909329012999933],[116.21795301000009,-8.90935804299994],[116.2178609990001,-8.909318966999933],[116.21768899000006,-8.90909299599997],[116.2176540050001,-8.908933954999952],[116.2176939630001,-8.908835023999927],[116.21791198200003,-8.908831954999926],[116.21787096900005,-8.908897969999941],[116.21788197300009,-8.908943024999928],[116.21793596600003,-8.909015025999963],[116.21796398700008,-8.909063009999954],[116.21795099700012,-8.909106024999971]]],[[[116.21703998300006,-8.90912599099994],[116.21702500600009,-8.909045029999959],[116.21706496600007,-8.908981001999962],[116.21716197900002,-8.908889968999972],[116.21724798600007,-8.908860037999943],[116.21734799500007,-8.908911970999952],[116.21739802500008,-8.909013984999945],[116.21735199500006,-8.909181988999933],[116.21722699800011,-8.909208038999964],[116.21703998300006,-8.90912599099994]]],[[[116.2174079890001,-8.908737034999945],[116.2173120000001,-8.908664040999952],[116.21730699400007,-8.90858499899997],[116.21743096700004,-8.90854700999995],[116.21745597600011,-8.908564965999972],[116.21749900500004,-8.908574008999949],[116.2175400210001,-8.908752955999944],[116.21751396500008,-8.908803990999957],[116.2174079890001,-8.908737034999945]]],[[[116.217232007,-8.908509968999965],[116.21722803300008,-8.908509960999936],[116.21713602000011,-8.908506964999958],[116.21709596700009,-8.908438970999953],[116.2170809910001,-8.908287024999936],[116.2171489750001,-8.908163015999946],[116.21724501300002,-8.908177956999964],[116.21731298200007,-8.908272954999973],[116.21732100000008,-8.908417018999955],[116.21731801800001,-8.908479043999932],[116.217232007,-8.908509968999965]]]]}},{"type":"Feature","properties":{"kode_kec":"52.02.08","kecamatan":"Pringgarata","kab_kota":"Lombok Tengah"},"geometry":{"type":"Polygon","coordinates":[[[116.20829797900001,-8.631699969999943],[116.19390102300008,-8.64024604399998],[116.19190598000012,-8.639804995999953],[116.19086997800002,-8.642484017999948],[116.18866237000009,-8.642335400999968],[116.18130557000006,-8.638938320999955],[116.17815360600002,-8.626285633999942],[116.18040369900007,-8.625350986999933],[116.17996612200011,-8.623273516999973],[116.17629503400008,-8.624236960999951],[116.17478578800001,-8.62218618199995],[116.18096622300004,-8.61941890099996],[116.18863997100004,-8.618743551999955],[116.18990976600003,-8.617114295999954],[116.19428282400008,-8.617809772999976],[116.20313381100004,-8.60921123099996],[116.20801118600002,-8.606020041999955],[116.21028659600006,-8.606364663999955],[116.21231194400002,-8.603938669999934],[116.21879605400011,-8.601965948999975],[116.22096595900007,-8.599380822999933],[116.22752464000007,-8.598756826999931],[116.23150019000002,-8.595385385999975],[116.23504874000002,-8.59650662499996],[116.24227901600011,-8.596085660999961],[116.24454405200004,-8.593698781999933],[116.24945027700005,-8.59271537199993],[116.25462985800004,-8.588770218999969],[116.25548045700009,-8.585444434999943],[116.25776727900006,-8.585277539999936],[116.25925632300005,-8.582577281999932],[116.25868485900003,-8.581037522999964],[116.26548057700006,-8.578433119999943],[116.26628612500008,-8.575349898999946],[116.26523109300001,-8.574617054999976],[116.26679176700009,-8.572733981999932],[116.2653357480001,-8.571919454999943],[116.26549018000003,-8.568846743999927],[116.26686990100006,-8.56413527199993],[116.2709836040001,-8.561580401999947],[116.27596879100008,-8.561719686999936],[116.27833546700003,-8.558032914999956],[116.28011499900003,-8.55903441299995],[116.28780168700007,-8.55670033399997],[116.28846415500004,-8.55507320199996],[116.29052858900002,-8.554820378999977],[116.2929739540001,-8.550497789999952],[116.2969559930001,-8.552054983999938],[116.29665200800002,-8.553941032999944],[116.2988249760001,-8.556499027999962],[116.29381200700004,-8.56301302299994],[116.29259496300006,-8.56710600799994],[116.29351803200007,-8.569446977999974],[116.29059798600008,-8.571988979999958],[116.28927697100005,-8.576189003999957],[116.2816129680001,-8.581612955999958],[116.27729797300003,-8.58209600799995],[116.27662299300005,-8.583442022999975],[116.27361800300002,-8.581716986999936],[116.27157297400004,-8.582116979999967],[116.26878001600005,-8.583124029999965],[116.26697701400008,-8.586799011999972],[116.26299202300004,-8.586354017999952],[116.25889897500008,-8.588620958999968],[116.26018003000001,-8.589579958999934],[116.25928297400003,-8.591532005999966],[116.26637803200003,-8.588112957999954],[116.27007099800005,-8.58944102199996],[116.27496994600006,-8.588910962999933],[116.2752389100001,-8.59501122699993],[116.27724955500003,-8.59885167699997],[116.27351202300008,-8.59988303199998],[116.26989216400011,-8.605450219999966],[116.27088726800002,-8.615234218999944],[116.2670377280001,-8.618828727999926],[116.266984191,-8.620863166999925],[116.27680541600012,-8.624973685999976],[116.2775774700001,-8.63029443399995],[116.27321301400002,-8.632347963999962],[116.2696190260001,-8.632450011999936],[116.26863399900003,-8.630855982999947],[116.26743399800012,-8.632009985999957],[116.26323800300008,-8.631849036999938],[116.25952400500012,-8.628894958999979],[116.25803497600009,-8.629878007999935],[116.25512801900004,-8.62847699799994],[116.25527997100005,-8.627075041999944],[116.25323402300012,-8.625941995999938],[116.2474270030001,-8.626192982999953],[116.24270297900011,-8.63033102099996],[116.2398029950001,-8.635662986999932],[116.23469599900011,-8.636513958999956],[116.22599499700004,-8.633079008999971],[116.22101996700007,-8.628715003999957],[116.20886401400003,-8.631476971999973],[116.20829797900001,-8.631699969999943]]]}},{"type":"Feature","properties":{"kode_kec":"52.02.09","kecamatan":"Kopang","kab_kota":"Lombok Tengah"},"geometry":{"type":"Polygon","coordinates":[[[116.3554701380001,-8.670567897999945],[116.35519649900004,-8.675844351999956],[116.35881209000001,-8.678045353999948],[116.36034446400004,-8.68092926099996],[116.35975435700004,-8.684572214999946],[116.36083225200002,-8.686592378999933],[116.3591261790001,-8.690140154999938],[116.3600309310001,-8.691896656999972],[116.35777191500006,-8.690875593999976],[116.3536316520001,-8.684650923999925],[116.35418661000006,-8.682261453999956],[116.35077386800003,-8.677161673999933],[116.34509652600002,-8.67692481399996],[116.3439329690001,-8.674026629999958],[116.33989080900005,-8.674618624999937],[116.33892619100004,-8.679392709999945],[116.33784496600003,-8.678545012999962],[116.33300702800011,-8.680497082999977],[116.33003798700008,-8.67833696599996],[116.32392300900005,-8.680200028999934],[116.32086400000003,-8.679464028999973],[116.31719298300004,-8.68509800499993],[116.3151670100001,-8.686058964999972],[116.31355402400004,-8.69047599299995],[116.3099860000001,-8.691395979999982],[116.30971296700011,-8.693472970999949],[116.3063739800001,-8.696382020999977],[116.30198396800006,-8.696273986999927],[116.3039490320001,-8.69595303899996],[116.30465696800002,-8.694045044999939],[116.30913796300001,-8.691487041999949],[116.31069201800005,-8.68920302999993],[116.31251301600003,-8.678489000999946],[116.31119800300007,-8.677997957999935],[116.31084298200005,-8.675890982999931],[116.31284098200001,-8.668561973999942],[116.31403900700002,-8.667875970999944],[116.31778797300001,-8.657709990999933],[116.31889796400003,-8.658401029999936],[116.3209550140001,-8.655733985999973],[116.31977807400006,-8.65298168299995],[116.31693704600002,-8.65184652399995],[116.31707505500003,-8.650257042999954],[116.31276347200003,-8.651118408999935],[116.3114880810001,-8.646712241999978],[116.31291774100009,-8.645131138999943],[116.31427998100003,-8.645532672999934],[116.31306212100003,-8.641760481999938],[116.31608446400003,-8.643543096999963],[116.31701362500007,-8.641837370999951],[116.31770842800006,-8.644464294999977],[116.32545768600005,-8.649597028999949],[116.33228699100005,-8.651391040999954],[116.33978708900008,-8.649665485999947],[116.34159400100009,-8.646133722999934],[116.3457769790001,-8.645883999999967],[116.34446898400006,-8.635332008999967],[116.34824566700001,-8.627856964999978],[116.3502999850001,-8.626997987999971],[116.35142122000002,-8.628127425999935],[116.35328598700005,-8.626750657999935],[116.35618559800002,-8.62189108399997],[116.35310596800002,-8.616840975999935],[116.35627502600005,-8.604806958999973],[116.3556209950001,-8.601737973999946],[116.35752502300011,-8.59957402699996],[116.35901499200008,-8.587337035999951],[116.36026300300011,-8.586758011999962],[116.36050397800011,-8.583542029999933],[116.36311603600006,-8.57919200899994],[116.36425097500012,-8.568178972999931],[116.36635697400004,-8.567167997999945],[116.37089799400007,-8.547958000999927],[116.36937300900001,-8.543546996999964],[116.37150201300005,-8.53410699799997],[116.37140600800001,-8.528579971999932],[116.36720700300009,-8.522430998999937],[116.36967996900012,-8.515579015999947],[116.38061598600007,-8.499999995999929],[116.37995798500003,-8.49086201199998],[116.382551981,-8.484441990999926],[116.38499802400008,-8.483147009999925],[116.38539897600003,-8.47559303199995],[116.38964998000006,-8.469194990999938],[116.39771697700007,-8.447344998999938],[116.39955003000011,-8.445351019999976],[116.4029211730001,-8.444430927999974],[116.40357740500008,-8.45077398999996],[116.40660984400006,-8.453909347999968],[116.40638199900002,-8.46147747799995],[116.40173480700003,-8.47097346199996],[116.39360996500011,-8.478158248999932],[116.39165846200001,-8.483101015999978],[116.3842647130001,-8.490507806999972],[116.38292047000004,-8.507249504999947],[116.3839125290001,-8.51674655599993],[116.37967164000008,-8.527987977999942],[116.38117459000011,-8.550410797999973],[116.37919568400002,-8.57557462799997],[116.37985720000006,-8.581452601999956],[116.37747471700004,-8.587292005999927],[116.3781027550001,-8.589163750999944],[116.3770003950001,-8.59227296499995],[116.3780711600001,-8.597560423999937],[116.37693357,-8.601900281999974],[116.37847993800005,-8.60366795899995],[116.37662089700007,-8.611104161999947],[116.37788038300005,-8.61507157099993],[116.3769034390001,-8.617958124999973],[116.37777467300009,-8.627748126999961],[116.37607977800008,-8.635721426999964],[116.376534977,-8.638324594999972],[116.38376334800012,-8.643462102999933],[116.38434150700004,-8.652629505999926],[116.38166310600002,-8.660610276999932],[116.37425101500003,-8.66349903799994],[116.37325297300004,-8.666140005999978],[116.36458823200007,-8.665725694999935],[116.36370307300001,-8.664019621999955],[116.36083344300005,-8.663912545999949],[116.35965917800002,-8.668207472999939],[116.3609797790001,-8.67187660199994],[116.3555058290001,-8.670109851999939],[116.3554701380001,-8.670567897999945]]]}},{"type":"Feature","properties":{"kode_kec":"52.02.02","kecamatan":"Jonggat","kab_kota":"Lombok Tengah"},"geometry":{"type":"Polygon","coordinates":[[[116.23405099500008,-8.708647997999947],[116.22811141400007,-8.713515422999933],[116.22065202600004,-8.710835032999967],[116.21767998300004,-8.712411018999944],[116.21264902500002,-8.707642974999942],[116.2079990100001,-8.710157008999943],[116.20006219700008,-8.706884628999944],[116.19624740600011,-8.706897420999951],[116.19292210900005,-8.704642881999973],[116.19054859700009,-8.704916519999927],[116.18840300800002,-8.702592038999967],[116.18568999900003,-8.70376900399998],[116.1814030050001,-8.709814033999976],[116.17668898700003,-8.711924632999967],[116.17643520000001,-8.702762173999929],[116.17419751300008,-8.692243521999956],[116.16874120700004,-8.681768491999946],[116.16720858700012,-8.675975886999936],[116.16834439500008,-8.674370797999927],[116.16695195900002,-8.672807770999952],[116.16996660000007,-8.672918055999958],[116.17060035800012,-8.673975825999946],[116.17071202800003,-8.67269977899997],[116.17315074800001,-8.67292576799997],[116.17684398100005,-8.67828114799994],[116.1791311500001,-8.677809999999965],[116.18188228300005,-8.679888174999974],[116.18420299800005,-8.678414327999974],[116.18451278000009,-8.676219039999978],[116.19194903700009,-8.67551225799997],[116.19606826900008,-8.673533530999975],[116.18813671100008,-8.64531922499998],[116.18866237000009,-8.642335400999968],[116.19099598600008,-8.642399012999931],[116.19190598000012,-8.639804995999953],[116.19390102300008,-8.64024604399998],[116.21017903600011,-8.630874007999978],[116.22101996700007,-8.628715003999957],[116.22599499700004,-8.633079008999971],[116.23301502200002,-8.636351991999959],[116.23875901200006,-8.636064036999926],[116.24562900400008,-8.627353968999955],[116.25287202800007,-8.62584697699998],[116.25527997100005,-8.627075041999944],[116.25512801900004,-8.62847699799994],[116.25803497600009,-8.629878007999935],[116.25952400500012,-8.628894958999979],[116.26264170500008,-8.631035827999938],[116.26116822400002,-8.638000509999927],[116.25886014700006,-8.638678655999968],[116.25891735800008,-8.641425617999971],[116.25765310200006,-8.641582076999953],[116.25842922600009,-8.642862223999941],[116.2596498900001,-8.642505305999975],[116.26074082100001,-8.64503518999993],[116.2671426490001,-8.648951782999973],[116.26731278000011,-8.650604317999978],[116.26576230500007,-8.650429147999944],[116.26456903300004,-8.652029032999963],[116.26457600200001,-8.653766962999953],[116.26205896400006,-8.656850015999964],[116.26257899100005,-8.661016987999972],[116.2556390100001,-8.671923023999966],[116.25848300000007,-8.677466021999976],[116.25200964700002,-8.689323796999929],[116.2531851010001,-8.692935818999956],[116.25186450000001,-8.69553347699997],[116.24590057900002,-8.703559721999966],[116.24187852800003,-8.70468931499994],[116.2419264030001,-8.709523352999952],[116.24034882000001,-8.711293670999964],[116.24146240700009,-8.712671378999971],[116.23955645900003,-8.71423468599994],[116.23414197300008,-8.708619967999937],[116.23405099500008,-8.708647997999947]]]}},{"type":"Feature","properties":{"kode_kec":"52.02.03","kecamatan":"Batukliang","kab_kota":"Lombok Tengah"},"geometry":{"type":"Polygon","coordinates":[[[116.34646400800011,-8.631644027999926],[116.3443180060001,-8.63718001999996],[116.3457769790001,-8.645883999999967],[116.34177841000007,-8.646038544999954],[116.33978708900008,-8.649665485999947],[116.33297198500009,-8.651353983999968],[116.32199145800007,-8.648157218999927],[116.31756090200008,-8.64428821499996],[116.31687085700003,-8.641789780999943],[116.31608446400003,-8.643543096999963],[116.3138489690001,-8.64149698999995],[116.30857010900002,-8.644549956999981],[116.30527217600002,-8.644921151999938],[116.30034193200004,-8.64419303699998],[116.2929140010001,-8.640828015999944],[116.28529500700006,-8.640470979999975],[116.28363801100011,-8.641827010999975],[116.2793160120001,-8.641611012999931],[116.27366402100006,-8.645656996999946],[116.26754700800007,-8.641721985999936],[116.26084501700007,-8.64484234899993],[116.25765310200006,-8.641582076999953],[116.25891735800008,-8.641425617999971],[116.25886014700006,-8.638678655999968],[116.26106114800007,-8.638208711999937],[116.26299998000002,-8.631816025999967],[116.26743399800012,-8.632009985999957],[116.26863399900003,-8.630855982999947],[116.2696190260001,-8.632450011999936],[116.27321301400002,-8.632347963999962],[116.2775774700001,-8.63029443399995],[116.27680541600012,-8.624973685999976],[116.266984191,-8.620863166999925],[116.2670377280001,-8.618828727999926],[116.27088726800002,-8.615234218999944],[116.26989216400011,-8.605450219999966],[116.27351202300008,-8.59988303199998],[116.27724955500003,-8.59885167699997],[116.2752389100001,-8.59501122699993],[116.27496994600006,-8.588910962999933],[116.28403603000004,-8.590320040999927],[116.28563100200006,-8.59210804299994],[116.28981203400008,-8.590385979999951],[116.29606000500007,-8.591127014999927],[116.29922599600002,-8.590194956999937],[116.29898103000005,-8.589220964999981],[116.30136599600007,-8.589628965999964],[116.3007301880001,-8.588032348999945],[116.30722197700004,-8.586468040999932],[116.3066410030001,-8.584952958999963],[116.31071554100004,-8.582125964999932],[116.31559421700001,-8.584899876999941],[116.31419033500003,-8.586250221999933],[116.31444612700011,-8.59043212499995],[116.31643902300004,-8.591966978999949],[116.32809202500005,-8.590062976999945],[116.33069698600002,-8.591915958999948],[116.33287003100008,-8.591594997999948],[116.333576031,-8.587918037999941],[116.3405880360001,-8.584933016999969],[116.34085501400011,-8.58906199699993],[116.34746799000004,-8.596000595999953],[116.34263396900008,-8.601393994999967],[116.34255997700006,-8.604626964999966],[116.34733995200008,-8.60410699299996],[116.34931014600011,-8.606027217999952],[116.34776111600002,-8.61000805599997],[116.34795385300004,-8.614505237999936],[116.35115898700008,-8.614219701999957],[116.35139455400008,-8.616875180999955],[116.35320494500002,-8.61735110899997],[116.3562093920001,-8.621724521999965],[116.35328598700005,-8.626750657999935],[116.35142122000002,-8.628127425999935],[116.3502999850001,-8.626997987999971],[116.34824566700001,-8.627856964999978],[116.34657296500006,-8.631430982999973],[116.34646400800011,-8.631644027999926]]]}},{"type":"Feature","properties":{"kode_kec":"52.02.01","kecamatan":"Praya","kab_kota":"Lombok Tengah"},"geometry":{"type":"Polygon","coordinates":[[[116.29220701100007,-8.719515332999947],[116.28917557700004,-8.72370318399993],[116.28631189500004,-8.724277823999955],[116.2860097040001,-8.727634052999974],[116.2763795510001,-8.736066065999978],[116.25789384400002,-8.735559537999961],[116.25944825300007,-8.729705842999977],[116.25805601500008,-8.726984995999942],[116.25917197100011,-8.726740039999981],[116.25940398300008,-8.724071009999932],[116.25723466500006,-8.721618151999962],[116.2570247210001,-8.718503776999967],[116.25418895400003,-8.716309574999968],[116.25369402700005,-8.711607759999936],[116.25054124100006,-8.710513207999952],[116.24970129200005,-8.705820910999932],[116.24590053500003,-8.703560150999976],[116.25311847600005,-8.693173764999926],[116.25200964700002,-8.689323796999929],[116.25848300000007,-8.677466021999976],[116.2556390100001,-8.671923023999966],[116.26257899100005,-8.661016987999972],[116.26205896400006,-8.656850015999964],[116.26457600200001,-8.653766962999953],[116.26456903300004,-8.652029032999963],[116.26576230500007,-8.650429147999944],[116.26731278000011,-8.650604317999978],[116.2671426490001,-8.648951782999973],[116.26074082100001,-8.64503518999993],[116.26398503000007,-8.644093029999965],[116.26492303300006,-8.642189984999959],[116.26655798700006,-8.642770042999928],[116.26771099200005,-8.641756028999964],[116.27366402100006,-8.645656996999946],[116.2793160120001,-8.641611012999931],[116.28363801100011,-8.641827010999975],[116.28529500700006,-8.640470979999975],[116.2929140010001,-8.640828015999944],[116.30034193200004,-8.64419303699998],[116.30527217600002,-8.644921151999938],[116.30857010900002,-8.644549956999981],[116.31306212100003,-8.641760481999938],[116.31427998100003,-8.645532672999934],[116.31291774100009,-8.645131138999943],[116.3114880810001,-8.646712241999978],[116.31276347200003,-8.651118408999935],[116.31707505500003,-8.650257042999954],[116.31693704600002,-8.65184652399995],[116.31977807400006,-8.65298168299995],[116.32080000600001,-8.655033978999938],[116.32010899300008,-8.657293994999975],[116.31889796400003,-8.658401029999936],[116.31798996600003,-8.657536999999934],[116.31650402500009,-8.659765024999956],[116.31478600500009,-8.666145978999964],[116.31284098200001,-8.668561973999942],[116.31084298200005,-8.675890982999931],[116.31119800300007,-8.677997957999935],[116.31251301600003,-8.678489000999946],[116.31069201800005,-8.68920302999993],[116.30913796300001,-8.691487041999949],[116.30465696800002,-8.694045044999939],[116.3039490320001,-8.69595303899996],[116.30041897900003,-8.69681196199997],[116.29936403600004,-8.698969972999976],[116.29690499600008,-8.700057982999965],[116.29800000800003,-8.701950027999942],[116.29611702000011,-8.704058028999953],[116.29578902100002,-8.708423977999928],[116.2906090030001,-8.71029903599998],[116.28964203400005,-8.711942010999962],[116.28483697000001,-8.71313803399994],[116.29248064800004,-8.719396359999962],[116.29220701100007,-8.719515332999947]]]}},{"type":"Feature","properties":{"kode_kec":"52.02.10","kecamatan":"Praya Tengah","kab_kota":"Lombok Tengah"},"geometry":{"type":"Polygon","coordinates":[[[116.31234251300009,-8.763551875999951],[116.31071853100002,-8.763173541999947],[116.30858260800005,-8.765820573999974],[116.30713113700006,-8.76463322199993],[116.30127290400003,-8.765894336999963],[116.30005652400007,-8.764234186999943],[116.29165643200008,-8.766914054999972],[116.28930367400005,-8.765185219999978],[116.28730117300006,-8.757494701999974],[116.28375211100001,-8.757805339999948],[116.28300400800003,-8.756400505999977],[116.28078593900011,-8.756580890999942],[116.28042301300002,-8.751446040999951],[116.27559400200005,-8.748271982999938],[116.27648102300009,-8.74517999699998],[116.27793402900011,-8.746118958999944],[116.27916402000005,-8.744565959999932],[116.28076398300004,-8.74584501499993],[116.279963984,-8.74404300599997],[116.28128499500008,-8.743920996999975],[116.2808780790001,-8.740340573999958],[116.27471051700002,-8.74016925199993],[116.26050502300006,-8.743303989999959],[116.25477896500001,-8.74154600299994],[116.25426702200002,-8.73759896799993],[116.25789384400002,-8.735559537999961],[116.2763795510001,-8.736066065999978],[116.2860097040001,-8.727634052999974],[116.28631189500004,-8.724277823999955],[116.28917557700004,-8.72370318399993],[116.29265910800007,-8.719122721999952],[116.28483697000001,-8.71313803399994],[116.28964203400005,-8.711942010999962],[116.2906090030001,-8.71029903599998],[116.29608299900008,-8.708144016999938],[116.29611702000011,-8.704058028999953],[116.29800000800003,-8.701950027999942],[116.29721798900005,-8.69966601599998],[116.29936403600004,-8.698969972999976],[116.30041897900003,-8.69681196199997],[116.3063739800001,-8.696382020999977],[116.30971296700011,-8.693472970999949],[116.3099860000001,-8.691395979999982],[116.31355402400004,-8.69047599299995],[116.3151670100001,-8.686058964999972],[116.31719298300004,-8.68509800499993],[116.32086400000003,-8.679464028999973],[116.32392300900005,-8.680200028999934],[116.33003798700008,-8.67833696599996],[116.33300702800011,-8.680497082999977],[116.33840000200007,-8.67857400899993],[116.33944473300005,-8.679145378999976],[116.33936321500005,-8.681681355999956],[116.33708131200001,-8.686566389999939],[116.33943802900001,-8.689354039999955],[116.33930253900007,-8.69296357099995],[116.3407004720001,-8.69565236099993],[116.33982602000003,-8.697889054999962],[116.34450198800005,-8.699205991999975],[116.3468210310001,-8.697907991999955],[116.34915602000001,-8.698522019999928],[116.35073402900002,-8.700537015999942],[116.35009599600005,-8.704932010999926],[116.35339603200009,-8.706808958999943],[116.35036800800003,-8.710453033999954],[116.35380400000008,-8.716689040999938],[116.35832151500006,-8.71659310399997],[116.36264395700005,-8.720961817999978],[116.36282836500004,-8.724263319999977],[116.36571346200003,-8.724191935999954],[116.36699837100002,-8.726697507999972],[116.37380902200005,-8.727515014999938],[116.37311499200007,-8.728660955999942],[116.37552000400001,-8.732841006999934],[116.37300801200001,-8.73364999599994],[116.37374201400007,-8.736004974999958],[116.3706949750001,-8.736507956999958],[116.37654341000007,-8.74642319399993],[116.36983902100008,-8.747542970999973],[116.36332901600008,-8.745879955999953],[116.36073900200006,-8.74309799599996],[116.36069298500001,-8.736448992999954],[116.35580459200003,-8.734861756999976],[116.35189632700008,-8.73523652199998],[116.35088631700012,-8.733548090999932],[116.34948117500005,-8.737819426999977],[116.34484836400009,-8.736605901999951],[116.3440488650001,-8.742252362999977],[116.34139129300002,-8.74484382099996],[116.34244496800011,-8.751053015999958],[116.33999300100004,-8.752368001999969],[116.33936989900008,-8.754789632999973],[116.34008611800004,-8.767119999999977],[116.33003901300003,-8.768427023999948],[116.3296246000001,-8.766610748999938],[116.32412768800009,-8.76583575799998],[116.321775591,-8.764211776999957],[116.31253967400005,-8.764482637999947],[116.31238400500001,-8.763508201999969],[116.31234251300009,-8.763551875999951]]]}},{"type":"Feature","properties":{"kode_kec":"52.02.11","kecamatan":"Praya Barat Daya","kab_kota":"Lombok Tengah"},"geometry":{"type":"Polygon","coordinates":[[[116.14394403800009,-8.845461031999946],[116.1401950290001,-8.846741002999977],[116.13623802500001,-8.850152976999937],[116.12604400800001,-8.847668996999971],[116.12108502300009,-8.848592998999948],[116.11323297900003,-8.851470006999932],[116.11009302600007,-8.854719040999953],[116.10764803200004,-8.855202043999952],[116.10881615700009,-8.857259169999963],[116.09715155100002,-8.855084328999965],[116.09254132500007,-8.851657252999928],[116.092454986,-8.838553350999973],[116.10963711900001,-8.813168707999978],[116.11509901500006,-8.807932317999928],[116.1205858940001,-8.806996223999931],[116.11970330400004,-8.79796683799998],[116.12148253100008,-8.791690996999932],[116.12657089100003,-8.787436209999953],[116.12853685200002,-8.782580098999972],[116.1317530550001,-8.779485799999975],[116.13279851900006,-8.769378888999938],[116.13426674800007,-8.76790157299996],[116.14156414100012,-8.766227370999957],[116.14047979200006,-8.761865298999965],[116.13508120900008,-8.755548208999926],[116.13325821800004,-8.748365288999935],[116.13083952800002,-8.745399219999967],[116.13163260100009,-8.740784490999943],[116.13814579900009,-8.733541627999955],[116.13977508800008,-8.72899988699993],[116.14155820000008,-8.731247738999969],[116.14586214700012,-8.732779068999946],[116.15260712700001,-8.738088821999952],[116.16594596100003,-8.733149605999927],[116.1671174380001,-8.729770061999943],[116.16602660500007,-8.726338956999939],[116.17268542200009,-8.728046550999977],[116.1744436890001,-8.726745175999952],[116.17315158200006,-8.723505319999958],[116.17131589700011,-8.722806858999945],[116.17034956200007,-8.71569606199995],[116.1814030050001,-8.709814033999976],[116.18700597000009,-8.702860965999946],[116.2079990100001,-8.710157008999943],[116.21264902500002,-8.707642974999942],[116.21609897000008,-8.70994899599998],[116.21767998300004,-8.712411018999944],[116.21652098800007,-8.713646500999971],[116.22679184100002,-8.723145171999931],[116.223946006,-8.728760699999953],[116.22121438400006,-8.729883804999929],[116.22091102800005,-8.733243983999955],[116.22548313700008,-8.733557692999966],[116.22694471700004,-8.735546220999936],[116.22555932900002,-8.735923208999964],[116.22633027400002,-8.739235418999954],[116.21979345700004,-8.752531315999931],[116.21592497100005,-8.753684001999943],[116.20538797300003,-8.763455988999965],[116.20362196600001,-8.775226992999933],[116.2002048490001,-8.77595329299993],[116.19621467600007,-8.77458381699995],[116.19621849100008,-8.77568244899993],[116.19805336000002,-8.781888961999925],[116.20488392000004,-8.785073660999956],[116.20654954300005,-8.784740535999958],[116.20673038200005,-8.787086683999974],[116.20930020000003,-8.786187247999976],[116.20904797700007,-8.782646609999972],[116.21650758700002,-8.781397392999963],[116.21640374000003,-8.77983792699996],[116.21807498800001,-8.779885307999962],[116.21724299900006,-8.782473702999937],[116.21854202400004,-8.783319967999944],[116.2169419820001,-8.785120997999968],[116.21667682100008,-8.790414318999979],[116.21776185500005,-8.792860405999932],[116.21718245600005,-8.795104237999965],[116.21852106900008,-8.796122869999977],[116.21457995900005,-8.799604011999975],[116.21090369100011,-8.799925239999936],[116.20932557200001,-8.810420741999963],[116.20721261000006,-8.813004836999937],[116.20668437000006,-8.811855556999944],[116.20592056300006,-8.812405212999977],[116.20518196900002,-8.814574982999943],[116.20216098900005,-8.814733969999963],[116.20025103700004,-8.813100001999942],[116.19574499200007,-8.813759984999933],[116.19195898600003,-8.812288972999966],[116.18834402300001,-8.814807019999932],[116.18439196300005,-8.813886983999964],[116.17923302600002,-8.814539018999938],[116.17286198400006,-8.818947978999972],[116.16243902300005,-8.816604965999943],[116.16311296900005,-8.821105971999941],[116.15816202300005,-8.836124003999942],[116.15418503500007,-8.83776501799997],[116.14426596500005,-8.845327963999978],[116.14394403800009,-8.845461031999946]]]}},{"type":"Feature","properties":{"kode_kec":"52.02.12","kecamatan":"Batukliang Utara","kab_kota":"Lombok Tengah"},"geometry":{"type":"Polygon","coordinates":[[[116.35768196600009,-8.59857902799996],[116.3556830010001,-8.601451959999963],[116.35627502600005,-8.604806958999973],[116.35320494500002,-8.61735110899997],[116.35139455400008,-8.616875180999955],[116.35115898700008,-8.614219701999957],[116.34795385300004,-8.614505237999936],[116.34776111600002,-8.61000805599997],[116.34948860500003,-8.60645552099993],[116.34828221800001,-8.60474230899996],[116.34319310000001,-8.605056069999932],[116.34220297900004,-8.603715014999977],[116.34263396900008,-8.601393994999967],[116.34746799000004,-8.596000595999953],[116.34085501400011,-8.58906199699993],[116.3405880360001,-8.584933016999969],[116.333576031,-8.587918037999941],[116.33369796300008,-8.591344044999971],[116.33086102000004,-8.591957026999978],[116.32809202500005,-8.590062976999945],[116.32391403600002,-8.590528971999959],[116.3238470230001,-8.591557025999975],[116.31634699900007,-8.591928021999934],[116.31444612700011,-8.59043212499995],[116.31419033500003,-8.586250221999933],[116.31559421700001,-8.584899876999941],[116.31071554100004,-8.582125964999932],[116.3066410030001,-8.584952958999963],[116.30722197700004,-8.586468040999932],[116.3007301880001,-8.588032348999945],[116.30136599600007,-8.589628965999964],[116.29898103000005,-8.589220964999981],[116.29922599600002,-8.590194956999937],[116.29606000500007,-8.591127014999927],[116.28981203400008,-8.590385979999951],[116.28563100200006,-8.59210804299994],[116.28403603000004,-8.590320040999927],[116.28036300600002,-8.589388034999956],[116.26980001900006,-8.589414013999942],[116.26689999400003,-8.588042964999943],[116.25928297400003,-8.591532005999966],[116.26018003000001,-8.589579958999934],[116.25889897500008,-8.588620958999968],[116.26299202300004,-8.586354017999952],[116.26697701400008,-8.586799011999972],[116.26878001600005,-8.583124029999965],[116.27157297400004,-8.582116979999967],[116.27361800300002,-8.581716986999936],[116.27662299300005,-8.583442022999975],[116.27729797300003,-8.58209600799995],[116.2816129680001,-8.581612955999958],[116.28927697100005,-8.576189003999957],[116.29059798600008,-8.571988979999958],[116.29351803200007,-8.569446977999974],[116.29259496300006,-8.56710600799994],[116.29381200700004,-8.56301302299994],[116.29881296500002,-8.556388954999932],[116.29530998200005,-8.55073499599996],[116.28883474700001,-8.530702782999981],[116.29004499400003,-8.529165460999934],[116.29948841600003,-8.527837473999966],[116.30717048300005,-8.518424768999978],[116.31716907000009,-8.511645356999963],[116.32065394100005,-8.504571575999933],[116.32055997100008,-8.498344911999936],[116.31750861900002,-8.491330619999928],[116.30965384700005,-8.479361749999953],[116.30478521700002,-8.468747120999979],[116.30417093200003,-8.46391129899996],[116.30609678100006,-8.459723422999957],[116.30586174900009,-8.45710584699998],[116.31315531100006,-8.449674131999927],[116.31521219500007,-8.442908087999967],[116.31857370600005,-8.44020241499993],[116.32032909800012,-8.433032418999971],[116.32699582900011,-8.430987286999937],[116.33050431600009,-8.423989091999943],[116.33184831500012,-8.42378684199997],[116.33695181900009,-8.41751828599996],[116.33732701800011,-8.41045012799998],[116.34488276000002,-8.408842923999941],[116.36031750900008,-8.412865274999945],[116.36714350700004,-8.41252412199998],[116.37500623100004,-8.41449210199994],[116.38240200700011,-8.410125875999938],[116.3850655220001,-8.421424706999971],[116.39218453300009,-8.422399913999925],[116.39517818000002,-8.425512444999981],[116.40166129700003,-8.428616361999957],[116.4032621670001,-8.432042224999975],[116.40626657500002,-8.434532797999964],[116.40333501500004,-8.440398571999935],[116.4029211730001,-8.444430927999974],[116.39955003000011,-8.445351019999976],[116.39771697700007,-8.447344998999938],[116.38964998000006,-8.469194990999938],[116.38539897600003,-8.47559303199995],[116.38499802400008,-8.483147009999925],[116.382551981,-8.484441990999926],[116.37995798500003,-8.49086201199998],[116.38061598600007,-8.499999995999929],[116.36967996900012,-8.515579015999947],[116.36720700300009,-8.522430998999937],[116.37140600800001,-8.528579971999932],[116.37150201300005,-8.53410699799997],[116.36937300900001,-8.543546996999964],[116.37089799400007,-8.547958000999927],[116.36635697400004,-8.567167997999945],[116.36425097500012,-8.568178972999931],[116.36311603600006,-8.57919200899994],[116.36050397800011,-8.583542029999933],[116.36026300300011,-8.586758011999962],[116.35901499200008,-8.587337035999951],[116.3577880260001,-8.598029034999968],[116.35768196600009,-8.59857902799996]]]}},{"type":"Feature","properties":{"kode_kec":"52.07.03","kecamatan":"Seteluk","kab_kota":"Sumbawa Barat"},"geometry":{"type":"Polygon","coordinates":[[[116.86510513400003,-8.69301784399994],[116.83927077500005,-8.708495619999951],[116.83047868300002,-8.706422477999979],[116.8288405400001,-8.702938228999926],[116.82681391900007,-8.706144844999926],[116.82540123800004,-8.705869264999933],[116.82593430100007,-8.70831342699995],[116.81872017700005,-8.70766499299998],[116.8119327600001,-8.696038981999948],[116.81393172100002,-8.691374737999979],[116.81415382800003,-8.685655485999973],[116.805810887,-8.681172456999946],[116.80806336900002,-8.677372313999967],[116.803370932,-8.676832526999931],[116.80070791800006,-8.669269805999932],[116.79647247700007,-8.666699987999948],[116.79640109400009,-8.66530800399994],[116.80206480600009,-8.661663462999968],[116.79859396500001,-8.658738311999969],[116.7962647700001,-8.654098233999946],[116.79787090700006,-8.653414138999949],[116.80233239600011,-8.655157093999946],[116.80364109900006,-8.652896605999956],[116.80926600400005,-8.660035144999938],[116.8239174040001,-8.659557624999934],[116.83219060500005,-8.664269470999955],[116.83725505500001,-8.66413761399997],[116.83800634900001,-8.658814585999949],[116.8422954780001,-8.65247403799998],[116.83793094600003,-8.649155014999963],[116.83603168500008,-8.645206898999959],[116.84133307200011,-8.641298713999959],[116.84129434900001,-8.625606366999932],[116.84026483500008,-8.621930842999973],[116.84353650900005,-8.62260153799997],[116.84704518000001,-8.621589884999935],[116.84796247400004,-8.623263618999943],[116.85756976000005,-8.622091420999936],[116.85991016800006,-8.619931494999946],[116.87077780100003,-8.618393874999981],[116.87078837400009,-8.613174029999925],[116.8756914820001,-8.605518105999977],[116.87158351100004,-8.602003897999964],[116.87591611300002,-8.598035970999945],[116.87280632300008,-8.58509749999996],[116.87543307900012,-8.581924931999936],[116.87593621400003,-8.576540307999949],[116.87748535100002,-8.57526726499998],[116.88777248500003,-8.580876781999962],[116.89698599300004,-8.578817409999942],[116.9026037430001,-8.576417448999962],[116.90337120600009,-8.574362771999972],[116.90864096900009,-8.572807229999967],[116.91480264500001,-8.573203518999946],[116.9170236860001,-8.57727415599993],[116.91511779600012,-8.58428113499997],[116.91857833100005,-8.586747655999943],[116.92134859400005,-8.59243860099997],[116.92652219400009,-8.592553297999928],[116.92792950700004,-8.589128843999958],[116.92928914400011,-8.588651648999928],[116.9361769190001,-8.591295842999955],[116.9325629760001,-8.612153071999956],[116.92944472900001,-8.616883187999974],[116.92386339200004,-8.621395709999945],[116.92229029900011,-8.625004454999953],[116.90872320100004,-8.641848058999926],[116.8888771290001,-8.68623862499993],[116.8860404830001,-8.686981100999958],[116.88619276800011,-8.688199384999962],[116.88318512900003,-8.687647350999953],[116.88371812900004,-8.689969703999964],[116.87902583100004,-8.688994124999965],[116.87467586000002,-8.690954800999975],[116.86895275600011,-8.690629133999948],[116.8673756930001,-8.691708929999947],[116.86510513400003,-8.69301784399994]]]}},{"type":"Feature","properties":{"kode_kec":"52.07.04","kecamatan":"Sekongkang","kab_kota":"Sumbawa Barat"},"geometry":{"type":"MultiPolygon","coordinates":[[[[116.84301501400012,-9.040117198999951],[116.84012703000008,-9.03970697799997],[116.83918103500002,-9.041470982999954],[116.840066965,-9.043884003999949],[116.83773796600008,-9.045567003999963],[116.83379202800006,-9.045969014999969],[116.83001998200007,-9.044657017999953],[116.82444698200004,-9.040192029999957],[116.81578903700006,-9.037668985999971],[116.8079989690001,-9.032485960999963],[116.80197003500007,-9.032440978999944],[116.79655998800001,-9.035767989999954],[116.78811200100006,-9.035652973999959],[116.78311402100007,-9.03152302199993],[116.7818800340001,-9.028935039999965],[116.76886598700003,-9.018302984999934],[116.73918701800005,-8.996852024999953],[116.73589000300001,-8.997553958999958],[116.73260599800005,-9.001772030999973],[116.73227498100005,-9.004053015999943],[116.72880298700011,-9.006302038999934],[116.73033599400003,-9.002528010999981],[116.72735699100008,-8.999236009999947],[116.73753499700001,-8.986457996999945],[116.73607498600006,-8.980475986999977],[116.73660796700005,-8.977369043999943],[116.73112599300009,-8.971453032999932],[116.72622600400007,-8.970332965999944],[116.72310297000001,-8.971492956999953],[116.72316403700006,-8.974354982999955],[116.71868200600011,-8.975198035999938],[116.71520698000006,-8.971300033999967],[116.71564002100001,-8.965825005999932],[116.71782498000005,-8.96594704499995],[116.71913302400003,-8.968234965999955],[116.72678396700007,-8.96510299199997],[116.72682903400005,-8.963016042999925],[116.72409697400008,-8.961566022999932],[116.72518798200008,-8.960026963999951],[116.7263270200001,-8.960751984999945],[116.72664700100006,-8.958068027999957],[116.7371569930001,-8.95506299699997],[116.73813503400004,-8.952267989999939],[116.73629010000002,-8.948038599999961],[116.73989500000005,-8.948801699999933],[116.74319950000006,-8.946427699999958],[116.74452990000009,-8.952023599999961],[116.74813480000012,-8.953168199999936],[116.7516538000001,-8.952574699999957],[116.76032101700002,-8.944547365999938],[116.77259188900007,-8.94436940099996],[116.78179679100003,-8.940639637999936],[116.78649332700002,-8.940215695999939],[116.80663018900009,-8.94057201299995],[116.81716868300009,-8.944214392999982],[116.82212627600006,-8.947256592999963],[116.82621641300011,-8.946331430999976],[116.83101611400002,-8.94938549699998],[116.83966329400005,-8.952304180999931],[116.8402960310001,-8.956952539999975],[116.8417388260001,-8.958517216999951],[116.84453634300007,-8.957439830999931],[116.84704828600002,-8.958423498999935],[116.84946367900011,-8.956619941999975],[116.85152437700003,-8.957645626999977],[116.85240185500004,-8.954769098999975],[116.85408889200005,-8.954047770999978],[116.8588875480001,-8.956304832999933],[116.86358968000002,-8.961148954999942],[116.86974646100009,-8.963573185999962],[116.87369047800007,-8.96449572399996],[116.88581880600009,-8.962852709999936],[116.89283029300009,-8.96473253299996],[116.89729512500003,-8.967076125999938],[116.90017401700004,-8.973516938999978],[116.90482930000007,-8.977755701999968],[116.90813408100007,-8.979731787999981],[116.91625372100009,-8.98133175099997],[116.92368626400003,-8.99002831699994],[116.93289285100002,-8.996145345999935],[116.94226938600002,-9.006079333999935],[116.94855757300002,-9.010750558999973],[116.95529095100005,-9.012910037999973],[116.96366045600007,-9.023533818999965],[116.97325040600003,-9.029626464999978],[116.99138751800001,-9.03846998299997],[117.00827376200004,-9.041236696999931],[117.01917282300008,-9.049021514999936],[117.02519853900003,-9.057264730999975],[117.03429325700006,-9.06025587199997],[117.05162826300011,-9.062794649999944],[117.05251311300003,-9.064096458999927],[117.05483878700011,-9.063005171999976],[117.05575673800001,-9.065000571999974],[117.05260468100005,-9.067481980999958],[117.05333081700007,-9.068925670999931],[117.05122375400003,-9.069497093999928],[117.05031585400002,-9.068090438999945],[117.04805787300006,-9.070896954999967],[117.04752897300011,-9.072597307999956],[117.04924376700001,-9.073964771999954],[117.046367497,-9.07614403399998],[117.04770659700011,-9.077571860999967],[117.04399742400005,-9.08221184699994],[117.04435778900006,-9.08711683499996],[117.0417328740001,-9.091324559999975],[117.04337083400003,-9.098000653999975],[117.03982649300008,-9.09902429799996],[117.04055498000002,-9.102206017999947],[117.03926596800011,-9.104136971999935],[117.03603402800002,-9.105518021999956],[117.02496102700002,-9.10561598199996],[117.02454299400006,-9.102751034999926],[117.02183797900011,-9.102016989999981],[117.0201551880001,-9.103307678999954],[117.02093975200012,-9.104947779999975],[117.01534296800003,-9.109656019999932],[117.01191202300004,-9.108882954999956],[117.01110898500008,-9.106528040999933],[117.00909200100011,-9.107321999999954],[117.00932003300011,-9.103518966999957],[117.00783598900011,-9.10318603199994],[117.0092121460001,-9.100395706999961],[117.00443893200008,-9.093347925999979],[116.99484564700003,-9.091105306999964],[116.99286079400008,-9.08937504599993],[116.99237908200007,-9.084615285999973],[116.98958797400007,-9.08624283699993],[116.98818497900004,-9.089173029999927],[116.98541486300007,-9.088965644999973],[116.98518072500008,-9.08734293599997],[116.98364478300005,-9.087316982999937],[116.97969801500005,-9.082772959999943],[116.97052997500009,-9.079658034999966],[116.97059898700002,-9.07804300999993],[116.96552597400012,-9.073992025999928],[116.96592202900001,-9.072249977999945],[116.96219303200007,-9.067395033999958],[116.95846699600008,-9.063769023999953],[116.95564403300011,-9.064024976999974],[116.95557800100005,-9.060378020999963],[116.95440399400002,-9.060659029999954],[116.9541149690001,-9.05887189699996],[116.95049100800009,-9.056853540999953],[116.94710796300001,-9.056609037999976],[116.94543299400004,-9.054739016999974],[116.94203503400001,-9.05460103799993],[116.94172035700001,-9.052789994999955],[116.93301300400003,-9.052666962999979],[116.92845896500012,-9.054130017999967],[116.92572902000006,-9.052207971999962],[116.92252197100004,-9.052079978999927],[116.91535203000001,-9.059772991999978],[116.90960899600009,-9.06126003999998],[116.90789797600007,-9.060500978999926],[116.90669501200011,-9.062072021999938],[116.89734097600001,-9.064875985999947],[116.8937409670001,-9.063919995999981],[116.89313697300008,-9.06204398799997],[116.88699899300002,-9.061110965999944],[116.88638403700008,-9.058902967999927],[116.88262301800012,-9.062122969999962],[116.87006098600011,-9.056867972999953],[116.8680619800001,-9.057258013999956],[116.86511198800008,-9.05548203099994],[116.86312802900011,-9.05239602699993],[116.85366703200009,-9.04788297999994],[116.85243300500008,-9.043828961999964],[116.8507110160001,-9.044698038999968],[116.84409901100003,-9.042775959999972],[116.84312723800008,-9.040196754999954],[116.84301501400012,-9.040117198999951]]],[[[116.7344289780001,-8.975945987999978],[116.73444996300009,-8.975868954999953],[116.7345860150001,-8.975903959999926],[116.73470897600009,-8.976095039999962],[116.7348409980001,-8.976205008999955],[116.73503896300008,-8.97641196799998],[116.73502697900005,-8.976490001999935],[116.73487602000012,-8.976631961999942],[116.73475397100003,-8.976631964999967],[116.73444101500002,-8.97641398099995],[116.73435703500002,-8.976260005999961],[116.73435898600007,-8.976156010999944],[116.7344289780001,-8.975945987999978]]],[[[116.73382298600006,-8.975150023999959],[116.73441497200008,-8.97457503399994],[116.73400697700004,-8.975281010999936],[116.73382298600006,-8.975150023999959]]],[[[117.00868879000006,-9.101070081999978],[117.00874553300002,-9.101101719999974],[117.00882775000002,-9.10119874399993],[117.00880266200011,-9.101324334999958],[117.00870014500003,-9.101350947999947],[117.00859853600002,-9.101296960999946],[117.0085516470001,-9.101191550999943],[117.0086621260001,-9.101098067999942],[117.00868152500004,-9.101077707999934],[117.00868879000006,-9.101070081999978]]],[[[117.00727038600007,-9.097954204999951],[117.00738107400002,-9.097892379999962],[117.00749758600011,-9.097839327999964],[117.00754054200002,-9.097906242999954],[117.00751377900008,-9.09797722899998],[117.0074604880001,-9.09802695899998],[117.0073854420001,-9.098311535999926],[117.0073752080001,-9.098507044999963],[117.00729093000007,-9.09860251699996],[117.00723981300007,-9.098613905999969],[117.00720961600007,-9.09853611899996],[117.0071683970001,-9.098425697999971],[117.0071629250001,-9.098284079999928],[117.00722169300002,-9.098123012999963],[117.00727038600007,-9.097954204999951]]],[[[116.99229562300002,-9.08977724999994],[116.99242311000012,-9.089716541999962],[116.9925042750001,-9.089729839999961],[116.9926237310001,-9.089895854999952],[116.99266286800002,-9.090055518999975],[116.99265215600008,-9.09011765799994],[116.99256365300005,-9.090247009999928],[116.99243047800007,-9.09029779499997],[116.99217637200002,-9.090254038999944],[116.99211835800008,-9.090194954999959],[116.99208111400003,-9.090048777999925],[116.99212895800008,-9.08989295999993],[116.99229562300002,-9.08977724999994]]],[[[116.9238764810001,-9.05238875799995],[116.92388540400009,-9.052350091999926],[116.92393339900002,-9.052271143999974],[116.92390622500011,-9.052153786999952],[116.92391812200003,-9.05213594099996],[116.92401924900003,-9.05210322299996],[116.92407278700011,-9.052138914999944],[116.92412929900001,-9.05221327299995],[116.924147145,-9.052281682999933],[116.92416201700007,-9.052361988999962],[116.92411301700008,-9.052431504999959],[116.92413100600004,-9.052520991999927],[116.92411127900004,-9.052546889999974],[116.9240799700001,-9.052587991999928],[116.92404113200007,-9.052668510999979],[116.92397166,-9.052635626999972],[116.92393001900007,-9.052537474999951],[116.92388540400009,-9.052439321999941],[116.9238764810001,-9.05238875799995]]]]}},{"type":"Feature","properties":{"kode_kec":"52.07.01","kecamatan":"Jereweh","kab_kota":"Sumbawa Barat"},"geometry":{"type":"MultiPolygon","coordinates":[[[[117.04011792800009,-9.099859396999932],[117.0400610580001,-9.09975409499998],[117.04011440700003,-9.099840425999957],[117.04011792800009,-9.099859396999932]]],[[[117.04032005300007,-9.098666126999944],[117.0402788350001,-9.098678943999971],[117.04029846500009,-9.098670013999936],[117.04032005300007,-9.098666126999944]]],[[[117.04180158500003,-9.098630154999967],[117.04192353500002,-9.098617567999952],[117.04221727000004,-9.098588829999926],[117.04227447900007,-9.098583232999943],[117.04234704600003,-9.098577789999979],[117.04226556100002,-9.098586461999957],[117.04182914000012,-9.098631044999934],[117.0417396250001,-9.098636794999948],[117.04174806300011,-9.098635678999926],[117.04180158500003,-9.098630154999967]]],[[[117.04260423000005,-9.098548778999941],[117.04270935200009,-9.098530762999928],[117.04279024400012,-9.098516202999974],[117.04266108900003,-9.098544366999931],[117.0425789840001,-9.09855310499995],[117.04260423000005,-9.098548778999941]]],[[[117.04291941400004,-9.098488035999935],[117.04306029600002,-9.098426813999936],[117.04319763700005,-9.098340032999943],[117.04325724300008,-9.098252379999963],[117.04332733700005,-9.098149303999946],[117.0433541760001,-9.098057583999946],[117.04337083400003,-9.098000653999975],[117.04340093000008,-9.098132164999981],[117.0433401680001,-9.09829990399993],[117.04319224500011,-9.098386812999934],[117.04298644500011,-9.098473418999959],[117.04291941400004,-9.098488035999935]]],[[[117.04347993300007,-9.096874498999966],[117.0431423010001,-9.095982774999982],[117.04350087600005,-9.096755697999981],[117.04347993300007,-9.096874498999966]]],[[[117.04271591600002,-9.095374099999958],[117.04265593900004,-9.095249188999958],[117.04263964500001,-9.095214434999946],[117.04272931600008,-9.095372040999962],[117.04287442400005,-9.09559933199995],[117.04279163000001,-9.095495322999966],[117.04274750700006,-9.09543989399998],[117.04271591600002,-9.095374099999958]]],[[[117.0425274910001,-9.094964604999973],[117.04253529000005,-9.094991835999963],[117.04253387900008,-9.094988821999948],[117.0425274910001,-9.094964604999973]]],[[[117.0423210570001,-9.094088029999966],[117.04237812600002,-9.09426467999998],[117.0424467690001,-9.094602617999954],[117.04250173800006,-9.094866976999981],[117.04246520900006,-9.094728478999969],[117.04240953700003,-9.094474766999951],[117.04239656300001,-9.094415641999944],[117.0423210570001,-9.094088029999966]]],[[[117.0420980990001,-9.09345450099994],[117.04216763800002,-9.093610543999944],[117.04211426500001,-9.093495361999942],[117.0420980990001,-9.09345450099994]]],[[[117.0419672810001,-9.093117074999952],[117.04188537900006,-9.092852592999975],[117.041845738,-9.092696744999955],[117.0418711430001,-9.092788822999978],[117.0419712910001,-9.093114809999975],[117.04202940000005,-9.093280858999947],[117.0419990470001,-9.093204131999926],[117.0419769240001,-9.093148213999939],[117.0419672810001,-9.093117074999952]]],[[[117.04169465000007,-9.091984733999936],[117.04169465000007,-9.091687948999947],[117.04171262000011,-9.092022332999932],[117.04177224300008,-9.092411892999962],[117.04173278100006,-9.092262268999946],[117.04172190300005,-9.092183094999939],[117.04171776200008,-9.092152953999971],[117.04169465000007,-9.091984733999936]]],[[[117.04256851800005,-9.090502561999926],[117.04256676400007,-9.090503830999978],[117.04257032700002,-9.09050098399996],[117.04256851800005,-9.090502561999926]]],[[[117.04283019000002,-9.090281800999946],[117.04286959000001,-9.09024809899995],[117.04301245700003,-9.09014379699994],[117.0430561600001,-9.090111889999946],[117.04301606600006,-9.090156029999946],[117.04283019000002,-9.090281800999946]]],[[[117.04316709800003,-9.089865672999963],[117.0431799160001,-9.089792821999936],[117.04318713400005,-9.089751791999959],[117.04319077100001,-9.089819458999955],[117.04314208100004,-9.090017298999953],[117.04306260700002,-9.090104792999966],[117.04312896600004,-9.08998775599997],[117.04314433500008,-9.089938548999953],[117.04316709800003,-9.089865672999963]]],[[[117.04311797100002,-9.08851962999995],[117.04312640500007,-9.088500376999946],[117.0430762310001,-9.088741550999941],[117.04308470700005,-9.088935130999971],[117.0430841750001,-9.08893065899997],[117.04307557700008,-9.088858611999967],[117.04307557700008,-9.088616379999962],[117.04311797100002,-9.08851962999995]]],[[[117.04317474400011,-9.088397717999953],[117.04316258400002,-9.088417811999932],[117.04316709800003,-9.088407514999972],[117.04317474400011,-9.088397717999953]]],[[[117.06434144200011,-8.949068479999937],[117.06208913400008,-8.952055564999966],[117.06694211400008,-8.956017840999948],[117.06861788600008,-8.959061670999972],[117.06780988600008,-8.962967502999959],[117.07020597400003,-8.971092748999979],[117.06867455200006,-8.984820895999974],[117.06984300700003,-8.988335001999928],[117.06779574100005,-8.995448331999967],[117.06819685100004,-8.998953653999934],[117.06522558900008,-9.000153108999939],[117.06649485000003,-9.002973229999952],[117.06390080100005,-9.005714728999976],[117.06151250800008,-9.013094483999964],[117.06298731700008,-9.015057676999959],[117.06317342800003,-9.019942112999956],[117.06553851300009,-9.020958311999948],[117.0640382690001,-9.02221835399996],[117.06728987700001,-9.023378865999973],[117.06491333400004,-9.028122192999945],[117.06748636300006,-9.028731678999975],[117.06752733300004,-9.030384633999972],[117.06418140100004,-9.031878221999932],[117.0675278980001,-9.034617972999968],[117.06593342500003,-9.036461299999928],[117.06661794500008,-9.042222568999932],[117.06361498000001,-9.041822933999981],[117.0632197220001,-9.04432315899993],[117.05898753100007,-9.043187442999965],[117.0582482860001,-9.045110507999937],[117.05965709300006,-9.04689792499994],[117.0571930540001,-9.048158403999935],[117.05654807300004,-9.052910707999956],[117.05485915700001,-9.051688272999968],[117.0535026120001,-9.054257055999926],[117.05695220400003,-9.053914864999967],[117.0592884030001,-9.056292845999963],[117.0568001480001,-9.056005565999953],[117.05669046700007,-9.059030346999975],[117.0520780920001,-9.06126104599997],[117.0516311880001,-9.06281241499994],[117.03429325700006,-9.06025587199997],[117.02456617700011,-9.05693174399994],[117.01917282300008,-9.049021514999936],[117.00827376200004,-9.041236696999931],[116.99138751800001,-9.03846998299997],[116.96422928000004,-9.023927497999978],[116.95529095100005,-9.012910037999973],[116.94855757300002,-9.010750558999973],[116.94226938600002,-9.006079333999935],[116.93289285100002,-8.996145345999935],[116.92368626400003,-8.99002831699994],[116.91625372100009,-8.98133175099997],[116.90813408100007,-8.979731787999981],[116.90435470400007,-8.977371008999967],[116.90017401700004,-8.973516938999978],[116.89729512500003,-8.967076125999938],[116.89488703500001,-8.965432326999974],[116.88581880600009,-8.962852709999936],[116.87369047800007,-8.96449572399996],[116.86974646100009,-8.963573185999962],[116.86358968000002,-8.961148954999942],[116.8588875480001,-8.956304832999933],[116.85408889200005,-8.954047770999978],[116.85240185500004,-8.954769098999975],[116.85152437700003,-8.957645626999977],[116.84946367900011,-8.956619941999975],[116.84704828600002,-8.958423498999935],[116.84453634300007,-8.957439830999931],[116.8417388260001,-8.958517216999951],[116.8402960310001,-8.956952539999975],[116.83966329400005,-8.952304180999931],[116.83101611400002,-8.94938549699998],[116.82621641300011,-8.946331430999976],[116.82212627600006,-8.947256592999963],[116.81716868300009,-8.944214392999982],[116.80663018900009,-8.94057201299995],[116.78179241800001,-8.940639794999981],[116.78298471200003,-8.936751399999935],[116.78197082000008,-8.933292553999934],[116.78736526000012,-8.93232532999997],[116.79046423700004,-8.930281686999933],[116.7919972200001,-8.927480621999962],[116.78660771700004,-8.919274093999945],[116.79551666700002,-8.917916666999929],[116.79561464400001,-8.916425496999977],[116.78275051500009,-8.912729981999973],[116.78429054300011,-8.909535855999934],[116.79015373700008,-8.906520039999975],[116.7891833330001,-8.899599999999964],[116.78603496000005,-8.89104879599995],[116.78660603000003,-8.88992806999994],[116.78855480900006,-8.890991688999975],[116.78942105200008,-8.889098927999953],[116.79157500000008,-8.889844443999948],[116.79410498400011,-8.888630123999974],[116.78759410100008,-8.885760086999937],[116.78726299400012,-8.884035334999965],[116.77521191800008,-8.877455537999936],[116.76740427100003,-8.88255131099993],[116.75848235800004,-8.882972994999932],[116.75000005100003,-8.879094083999973],[116.74676157600004,-8.880437724999979],[116.7421782020001,-8.87939618699994],[116.73413205600002,-8.880692127999964],[116.73864102000005,-8.877509017999955],[116.73985803400001,-8.873260005999953],[116.73882800700005,-8.87185397099995],[116.73361700800001,-8.871503030999975],[116.73286596900004,-8.869290975999945],[116.73445997300007,-8.868742012999974],[116.73486301900004,-8.866397029999973],[116.74452702300005,-8.865450965999969],[116.74662599700002,-8.863255974999959],[116.74979400600012,-8.864198965999947],[116.75337600000012,-8.862317006999945],[116.75468003000003,-8.863912006999954],[116.7571979820001,-8.864243999999928],[116.76788503000012,-8.855494030999978],[116.77107700600004,-8.848348029999954],[116.77115297500006,-8.842875006999975],[116.77002898800004,-8.838986984999963],[116.76545900800011,-8.838666011999976],[116.76660597400007,-8.834915041999977],[116.77119299300011,-8.83258398299995],[116.7803130310001,-8.831325999999933],[116.78178996500003,-8.83016000899994],[116.78155498800004,-8.827306991999933],[116.78326499400009,-8.828257978999943],[116.7847879740001,-8.827044976999957],[116.78504100200007,-8.823628029999952],[116.78379299200003,-8.822930981999946],[116.785944029,-8.819089001999942],[116.78655100800006,-8.813887020999971],[116.7902749860001,-8.819914021999978],[116.7942459840001,-8.821518957999956],[116.79602701700003,-8.82532000599997],[116.79865598100002,-8.825050036999926],[116.79882997900006,-8.822219039999936],[116.80014603000006,-8.82486001899997],[116.80535102700003,-8.825707034999937],[116.81190279700002,-8.820371400999932],[116.83625802300003,-8.832304342999976],[116.85198901100011,-8.831148749999954],[116.87738790600008,-8.841112774999942],[116.8868345410001,-8.842768512999953],[116.88641740800006,-8.852008185999978],[116.8920523170001,-8.85976758499993],[116.89497879500004,-8.860879513999976],[116.89537589600002,-8.86404407799995],[116.88382058900004,-8.87439676799994],[116.88250493400005,-8.88267703799994],[116.88077249700007,-8.883109532999981],[116.87686397700008,-8.888504060999935],[116.87601856200001,-8.891842905999965],[116.87346152000009,-8.893624324999962],[116.87166341500006,-8.913369948999957],[116.87248371300007,-8.916942026999948],[116.8814417750001,-8.922662397999943],[116.88681717800011,-8.923694836999971],[116.88857171000006,-8.922369354999944],[116.8909914840001,-8.92285927699993],[116.89733906600009,-8.920764382999948],[116.89940671300008,-8.916847471999972],[116.90037601800009,-8.91078727699994],[116.90469627900006,-8.91041436599994],[116.9066106030001,-8.907627831999946],[116.91194051900004,-8.906378615999927],[116.91477133600006,-8.898666095999943],[116.92175713000006,-8.893840620999981],[116.92364387500004,-8.890065129999925],[116.92896476600004,-8.889343483999937],[116.93033494800011,-8.885165656999959],[116.93933382000012,-8.88408859599997],[116.94644439800004,-8.875901295999938],[116.94767146100003,-8.872432166999943],[116.95274329600011,-8.866045328999974],[116.97081365800011,-8.851370566999947],[116.98451501200009,-8.845898517999956],[116.99162002500009,-8.841041335999932],[117.00041134100002,-8.838719497999932],[117.01428070000009,-8.831338719999962],[117.02358634900008,-8.832824615999925],[117.02870017900011,-8.829548813999963],[117.04038823000008,-8.828233220999948],[117.04392151400009,-8.824612176999949],[117.0502583120001,-8.821665423999946],[117.05936248100011,-8.822244017999935],[117.06540121100011,-8.813152253999931],[117.06549124600008,-8.809812557999976],[117.07380522400001,-8.814586253999948],[117.07667146300003,-8.823849761999952],[117.0843271440001,-8.825297612999975],[117.0860016370001,-8.830100922999975],[117.09651411800007,-8.836928907999948],[117.08919443100001,-8.835011705999932],[117.0818594210001,-8.83571311299994],[117.0809210000001,-8.839056669999934],[117.07899900200005,-8.83981479299996],[117.07902575000003,-8.844222484999932],[117.07355417800011,-8.848531734999938],[117.07325864500001,-8.857426577999945],[117.06934898700001,-8.860119674999964],[117.06303263200004,-8.86074900799997],[117.06107780500008,-8.862394657999971],[117.06186142000001,-8.871787841999947],[117.06484003600008,-8.876125011999932],[117.06023251800002,-8.880361745999949],[117.05878946500002,-8.88531589799993],[117.05488888900004,-8.888194443999964],[117.0540405700001,-8.890423167999927],[117.05748175400004,-8.89098139899994],[117.05762655500007,-8.893393162999928],[117.06150944700005,-8.894950177999931],[117.06320054800005,-8.900360712999941],[117.06713912100008,-8.89897803599996],[117.07622064400005,-8.903703888999928],[117.08291386600001,-8.901076828999976],[117.08427168600008,-8.90319416999995],[117.08297359700009,-8.909620188999952],[117.08455190600012,-8.918278407999935],[117.0819533780001,-8.921208257999979],[117.08438388900004,-8.925181038999938],[117.0882505620001,-8.926778166999952],[117.08392252700003,-8.944412200999977],[117.08242085100005,-8.945216648999974],[117.08097621000002,-8.94274719599997],[117.0742176760001,-8.941714751999939],[117.06445074800001,-8.94896881699998],[117.06434144200011,-8.949068479999937]]],[[[117.04331706700009,-9.097760060999974],[117.04333835000011,-9.097856927999942],[117.04331972000011,-9.097784044999969],[117.04331706700009,-9.097760060999974]]],[[[117.04409707900004,-9.087648767999951],[117.04406079300009,-9.087682048999966],[117.04413878100002,-9.087580383999978],[117.04409707900004,-9.087648767999951]]],[[[117.04396871200004,-9.084971589999952],[117.04437698600009,-9.08695212799995],[117.04396176900002,-9.084940312999947],[117.04396871200004,-9.084971589999952]]],[[[117.04383120000011,-9.08426018199998],[117.04384450600003,-9.084400843999958],[117.0438079810001,-9.084222804999968],[117.04382256200006,-9.084012678999954],[117.04382551000003,-9.083970163999936],[117.04382759700002,-9.084031935999974],[117.04383120000011,-9.08426018199998]]],[[[117.04384613700006,-9.082781790999945],[117.04384686200001,-9.082777164999982],[117.04386364900006,-9.082670084999961],[117.04385092500002,-9.08292251399996],[117.04384613500008,-9.08306214099997],[117.04384613700006,-9.082781790999945]]],[[[117.0441009540001,-9.082077806999962],[117.04407952700001,-9.082105548999948],[117.04409025500001,-9.082086551999964],[117.0441009540001,-9.082077806999962]]],[[[117.0443658580001,-9.081863148999958],[117.04434584800003,-9.081877666999958],[117.0443878100001,-9.081843375999938],[117.04441164200011,-9.081826226999965],[117.0443658580001,-9.081863148999958]]],[[[117.04539519600007,-9.080947246999926],[117.04521897100005,-9.081106377999959],[117.04532074100007,-9.08099055699995],[117.0454864400001,-9.080801979999933],[117.0457689220001,-9.080486267999959],[117.04560967900011,-9.080684993999967],[117.04539519600007,-9.080947246999926]]],[[[117.04710899600002,-9.07854897599998],[117.04655892300002,-9.079395438999939],[117.04727482500004,-9.078283802999977],[117.04710899600002,-9.07854897599998]]],[[[117.04748886100003,-9.076823351999963],[117.04757024500009,-9.077869293999981],[117.04710495000006,-9.076654427999927],[117.04748886100003,-9.076823351999963]]],[[[117.04645168600007,-9.076401596999972],[117.04651277900007,-9.076454187999957],[117.04660512700002,-9.076531529999954],[117.0465392970001,-9.076512329999957],[117.04645168600007,-9.076401596999972]]],[[[117.04640198000004,-9.076338767999971],[117.04639825100003,-9.076313306999964],[117.04642549900007,-9.076368497999965],[117.04640198000004,-9.076338767999971]]],[[[117.04647623800008,-9.07600890599997],[117.04648590800002,-9.075991643999942],[117.04651354000009,-9.075965253999925],[117.04656436500011,-9.07591671199998],[117.04646179500003,-9.076034686999947],[117.04647623800008,-9.07600890599997]]],[[[117.04721672800008,-9.075345297999945],[117.04915215100004,-9.074083864999977],[117.04744163100008,-9.075201326999945],[117.04721672800008,-9.075345297999945]]],[[[117.04926299700003,-9.073855390999938],[117.04927403500005,-9.07374643399993],[117.04928589500003,-9.073629358999938],[117.04922653800008,-9.073550846999979],[117.04928653200011,-9.073597880999955],[117.04932565100012,-9.073706645999948],[117.04930221000006,-9.07386212299997],[117.04924376700001,-9.073964771999954],[117.04924489300004,-9.073958373999972],[117.04926299700003,-9.073855390999938]]],[[[117.04879478400005,-9.073294044999955],[117.04766741500009,-9.072729076999963],[117.04878216600002,-9.073287155999935],[117.04879478400005,-9.073294044999955]]],[[[117.04782267900009,-9.07162470399993],[117.04780832100005,-9.07165865199994],[117.04784177400006,-9.071561714999973],[117.04782267900009,-9.07162470399993]]],[[[117.04928032400005,-9.069039792999945],[117.04908524200005,-9.069270977999963],[117.04924776300004,-9.069063188999962],[117.04970550900009,-9.068611149999981],[117.04979391400002,-9.068530695999925],[117.04956383900003,-9.068755649999957],[117.04928032400005,-9.069039792999945]]],[[[117.0500497700001,-9.068298160999973],[117.050023194,-9.068322038999952],[117.05008696900006,-9.068264000999932],[117.05012547100011,-9.068234803999928],[117.0500497700001,-9.068298160999973]]],[[[117.05034558300008,-9.06808756299995],[117.05023848400003,-9.068149106999954],[117.05031585400002,-9.068090438999945],[117.05038769900011,-9.068072147999942],[117.05034558300008,-9.06808756299995]]],[[[117.0504257130001,-9.068062470999962],[117.05052186500006,-9.068037993999951],[117.05052281200005,-9.068038448999971],[117.05056555700003,-9.068058979999932],[117.05060063500002,-9.068075828999952],[117.05059159500001,-9.068072943999937],[117.05050556600008,-9.068058214999951],[117.0504257130001,-9.068062470999962]]],[[[117.0512382280001,-9.069515876999958],[117.05112962600003,-9.069467169999939],[117.05111902300007,-9.06945712099997],[117.0512014200001,-9.069488569999976],[117.05122375400003,-9.069497093999928],[117.0513839680001,-9.069497093999928],[117.05160699100009,-9.06945505699997],[117.05178312500004,-9.069421857999941],[117.05171482900005,-9.069439313999965],[117.05144156400002,-9.069512433999932],[117.0512382280001,-9.069515876999958]]],[[[117.05221867700004,-9.069295013999977],[117.05333081700007,-9.068925670999931],[117.05193162800003,-9.069383899999934],[117.05221867700004,-9.069295013999977]]],[[[117.05096435400003,-9.06887149299996],[117.05098737500009,-9.069107302999953],[117.05099489300005,-9.069184304999965],[117.05100562200005,-9.06929449699993],[117.05100335400004,-9.06928968099993],[117.05094363500007,-9.068875246999937],[117.05092422700011,-9.068688830999974],[117.05096435400003,-9.06887149299996]]],[[[117.05343349100008,-9.068845409999938],[117.05338015100006,-9.068887105999977],[117.05346611800007,-9.068815469999947],[117.05343349100008,-9.068845409999938]]],[[[117.05375182500006,-9.068324013999927],[117.05372324600012,-9.068477008999935],[117.0536095430001,-9.068683858999975],[117.05357289900007,-9.06871748499998],[117.05368805300009,-9.068471898999974],[117.05370331100005,-9.068228722999947],[117.05365658400001,-9.068146956999954],[117.0536041250001,-9.068055160999961],[117.05345964600008,-9.068000539999957],[117.05328369600011,-9.067934020999928],[117.05317220600011,-9.067894391999971],[117.0533969390001,-9.067962688999955],[117.05361369400009,-9.068045359999928],[117.05373638300011,-9.068160783999929],[117.05375182500006,-9.068324013999927]]],[[[117.05265807,-9.067638399999964],[117.05265533600004,-9.067630397999949],[117.05266420700002,-9.06764385699995],[117.05265807,-9.067638399999964]]],[[[117.05288089200008,-9.06720385799997],[117.05272159800006,-9.067354544999944],[117.05264922000003,-9.067478686999948],[117.05265138700008,-9.067618825999944],[117.05260468100005,-9.067481980999958],[117.0527648960001,-9.067274083999962],[117.05299752000008,-9.067118777999951],[117.05288089200008,-9.06720385799997]]],[[[117.05469653500006,-9.066728169999976],[117.05466353400004,-9.066733158999966],[117.05471062200002,-9.066719730999978],[117.05469653500006,-9.066728169999976]]],[[[117.05541992500002,-9.06586742899998],[117.05563723800003,-9.065470840999978],[117.0555646790001,-9.065665321999973],[117.0553783690001,-9.065941541999962],[117.05535543300005,-9.065974409999967],[117.05541992500002,-9.06586742899998]]],[[[117.05567322800005,-9.06537437399993],[117.05566013200007,-9.065409474999967],[117.05568564500004,-9.06531879299996],[117.05567322800005,-9.06537437399993]]],[[[117.05574799500005,-9.064564722999933],[117.05568953000011,-9.064121388999979],[117.05569694700011,-9.064144231999933],[117.0557598050001,-9.06460273099998],[117.05575850200012,-9.064771744999973],[117.05574799500005,-9.064564722999933]]],[[[117.05279541100003,-9.064096458999927],[117.05278255000007,-9.064096458999927],[117.05281459200012,-9.064091726999948],[117.05279541100003,-9.064096458999927]]],[[[117.05307770900004,-9.06402682099997],[117.05307084100002,-9.064028514999961],[117.05311514100003,-9.063997576999952],[117.05307770900004,-9.06402682099997]]],[[[117.05215136600009,-9.063924740999937],[117.05214959200009,-9.063923013999954],[117.05230349500005,-9.06400989499997],[117.05248427000004,-9.064074262999952],[117.05261321100011,-9.064096458999927],[117.05251311300003,-9.064096458999927],[117.05229718800001,-9.06402821699993],[117.05223845500007,-9.06400965399996],[117.05215136600009,-9.063924740999937]]],[[[117.05332185100008,-9.063836091999974],[117.05324845300004,-9.06389343099994],[117.05352567500006,-9.063646945999949],[117.0535321960001,-9.063641384999926],[117.05332185100008,-9.063836091999974]]],[[[117.05380239200008,-9.063417452999943],[117.05369262500005,-9.063504567999928],[117.05376897400004,-9.06343945599997],[117.05380239200008,-9.063417452999943]]],[[[117.05531226700009,-9.063271803999953],[117.05534077900006,-9.063314883999965],[117.0552954740001,-9.063256544999945],[117.05531226700009,-9.063271803999953]]],[[[117.05516611600001,-9.063139005999972],[117.05520145700007,-9.063171117999957],[117.05516107000005,-9.063143818999947],[117.05511553500003,-9.06311304299993],[117.05516611600001,-9.063139005999972]]],[[[117.05470803600008,-9.062993841999969],[117.05472433000011,-9.06299525399993],[117.05454254000006,-9.063036927999974],[117.05436997900006,-9.063106077999976],[117.05428314000005,-9.063140876999967],[117.05411658600008,-9.06322324599995],[117.05424687400011,-9.063149073999966],[117.05450917900009,-9.063038247999941],[117.05470803600008,-9.062993841999969]]],[[[117.05484925400003,-9.063006078999933],[117.05494607500009,-9.063038161999941],[117.05483878700011,-9.063005171999976],[117.05484925400003,-9.063006078999933]]]]}},{"type":"Feature","properties":{"kode_kec":"52.07.02","kecamatan":"Taliwang","kab_kota":"Sumbawa Barat"},"geometry":{"type":"MultiPolygon","coordinates":[[[[116.82778095300012,-8.828473071999952],[116.81190279700002,-8.820371400999932],[116.81268202400008,-8.818081030999963],[116.81094397700008,-8.815587014999949],[116.8134100310001,-8.815554967999958],[116.81475698400004,-8.81223818999996],[116.8135287,-8.812177926999937],[116.81371236400003,-8.809328232999974],[116.81052901700002,-8.806613959999936],[116.80936197400001,-8.803318987999944],[116.81108100800009,-8.79970597199997],[116.81145999600005,-8.79027423399998],[116.80495296400011,-8.778273818999935],[116.79674100600005,-8.76926300699995],[116.79039699700002,-8.765340985999956],[116.78718498600006,-8.765789004999931],[116.7814200040001,-8.774680973999978],[116.77748999700009,-8.766227989999948],[116.78051400900006,-8.76267999199996],[116.78050698000004,-8.75817398199996],[116.78372698200008,-8.754017593999947],[116.78298459000007,-8.751033749999976],[116.77847789100008,-8.745013713999981],[116.77246900900002,-8.74028302599993],[116.77062100300009,-8.740127994999966],[116.76826201600011,-8.743012006999948],[116.76601000400001,-8.742362036999964],[116.76571202500008,-8.74041103199994],[116.76836400000002,-8.738719031999949],[116.76635097700012,-8.738361037999937],[116.76614998500008,-8.736564009999938],[116.76319499600004,-8.736597986999925],[116.7680059920001,-8.734052014999975],[116.76855698800011,-8.731387017999964],[116.76584798100009,-8.730013033999967],[116.76585103200011,-8.72860598699998],[116.76902502100006,-8.728915042999972],[116.77175798200005,-8.725665987999946],[116.77406498700009,-8.727092955999979],[116.778163027,-8.72607103699994],[116.78087697700005,-8.728384988999949],[116.7829700210001,-8.72317099999998],[116.78587399000003,-8.720794977999958],[116.78549299200006,-8.71927403799998],[116.7827989860001,-8.718051024999966],[116.78285521700002,-8.716692339999952],[116.77924407700004,-8.716248408999945],[116.77990794700008,-8.714713656999947],[116.78357102000007,-8.715336026999978],[116.78638400700004,-8.712807023999972],[116.77758897900003,-8.703189015999953],[116.77760201900003,-8.696589020999966],[116.77545902400004,-8.692298963999974],[116.77632996500006,-8.690523004999932],[116.77454103000002,-8.687752971999942],[116.77291401700006,-8.688489037999943],[116.77195497500009,-8.68743600299996],[116.77407400900006,-8.682429970999976],[116.77425500400011,-8.676198042999943],[116.7718060200001,-8.672818990999929],[116.7694390050001,-8.672756977999938],[116.76774390800006,-8.674286847999952],[116.77184247100001,-8.670330112999977],[116.77889436400005,-8.671274066999956],[116.7828291830001,-8.67409009499994],[116.78987588000007,-8.666021021999939],[116.79296061600007,-8.657497449999937],[116.7952511200001,-8.654732657999944],[116.80206480600009,-8.661663462999968],[116.79640109400009,-8.66530800399994],[116.79647247700007,-8.666699987999948],[116.80070791800006,-8.669269805999932],[116.803370932,-8.676832526999931],[116.80806336900002,-8.677372313999967],[116.805810887,-8.681172456999946],[116.81415382800003,-8.685655485999973],[116.81393172100002,-8.691374737999979],[116.8119327600001,-8.696038981999948],[116.81706093500009,-8.70640691999995],[116.81872017700005,-8.70766499299998],[116.82593430100007,-8.70831342699995],[116.82540123800004,-8.705869264999933],[116.82681391900007,-8.706144844999926],[116.8288405400001,-8.702938228999926],[116.83047868300002,-8.706422477999979],[116.83927077500005,-8.708495619999951],[116.86895275600011,-8.690629133999948],[116.87457473200004,-8.690972646999967],[116.87994906200004,-8.688903705999962],[116.88371812900004,-8.689969703999964],[116.88318512900003,-8.687647350999953],[116.88619276800011,-8.688199384999962],[116.8860404830001,-8.686981100999958],[116.8888771290001,-8.68623862499993],[116.90872320100004,-8.641848058999926],[116.91137907200005,-8.64382831699993],[116.91763189800008,-8.653120667999929],[116.92098637900006,-8.663051941999981],[116.9197166460001,-8.672225010999966],[116.91556689300012,-8.679233512999929],[116.91620997500002,-8.683420670999965],[116.91390454300006,-8.693266539999968],[116.90276010900004,-8.70200915199996],[116.90109808200009,-8.711299401999952],[116.885650252,-8.724938528999928],[116.8863192450001,-8.725914861999968],[116.88517499300008,-8.72629518499997],[116.8845425610001,-8.729244578999953],[116.88766750200011,-8.732682839999939],[116.88414340400004,-8.737359070999958],[116.88321932100007,-8.740899875999958],[116.88393853200012,-8.745080290999965],[116.88632091900001,-8.74813693799996],[116.88664394500006,-8.756580920999966],[116.87567185800003,-8.760265490999927],[116.87264637400006,-8.759560179999937],[116.87167119100002,-8.76178299299994],[116.86776828000006,-8.763655429999972],[116.86788887000012,-8.766274148999969],[116.86519542200006,-8.766034157999968],[116.86522110900012,-8.76357657699998],[116.86034161200007,-8.764204512999981],[116.86048657000003,-8.773147635999976],[116.85377609500006,-8.788397933999931],[116.85189326900002,-8.797287064999978],[116.85268758300003,-8.801805785999932],[116.85949537500005,-8.81407552199994],[116.85143515900006,-8.824083792999943],[116.84966245200008,-8.831388026999946],[116.83912664400009,-8.832751707999932],[116.82863600400003,-8.828899036999928],[116.82778095300012,-8.828473071999952]]],[[[116.80084798700011,-8.806612033999954],[116.80167003700001,-8.806269998999937],[116.80087997800001,-8.806660975999932],[116.80084798700011,-8.806612033999954]]],[[[116.71999002200005,-8.750970037999934],[116.71432097500008,-8.751374014999953],[116.71164901200007,-8.748712004999959],[116.71892401600007,-8.748191970999926],[116.72009702100002,-8.75064501199995],[116.71999002200005,-8.750970037999934]]],[[[116.76803000400002,-8.711543044999928],[116.769756013,-8.70735495699995],[116.77280703400004,-8.706432020999955],[116.77358997400006,-8.707722969999963],[116.77079603100003,-8.711527991999958],[116.76948102600011,-8.712423027999932],[116.76802001800002,-8.71169098699994],[116.76803000400002,-8.711543044999928]]],[[[116.77103797400002,-8.689126012999964],[116.76938103300006,-8.68926102599994],[116.76996896300011,-8.687845014999937],[116.77114298200001,-8.68777898199994],[116.77112798700011,-8.689020983999967],[116.77103797400002,-8.689126012999964]]]]}},{"type":"Feature","properties":{"kode_kec":"52.07.07","kecamatan":"Brang Ene","kab_kota":"Sumbawa Barat"},"geometry":{"type":"Polygon","coordinates":[[[116.94676811400006,-8.87394743699997],[116.94644439800004,-8.875901295999938],[116.93933382000012,-8.88408859599997],[116.93130557800009,-8.884610519999967],[116.92896476600004,-8.889343483999937],[116.92335133300003,-8.890289841999959],[116.92175713000006,-8.893840620999981],[116.9145053530001,-8.89899657999996],[116.91194051900004,-8.906378615999927],[116.9066106030001,-8.907627831999946],[116.90469627900006,-8.91041436599994],[116.90037601800009,-8.91078727699994],[116.89940671300008,-8.916847471999972],[116.89733906600009,-8.920764382999948],[116.88381609900011,-8.923550255999942],[116.8720647990001,-8.916471871999931],[116.87346152000009,-8.893624324999962],[116.87601856200001,-8.891842905999965],[116.87686397700008,-8.888504060999935],[116.88077249700007,-8.883109532999981],[116.88250493400005,-8.88267703799994],[116.88382058900004,-8.87439676799994],[116.89542906600002,-8.863327436999953],[116.89497879500004,-8.860879513999976],[116.8920523170001,-8.85976758499993],[116.88641740800006,-8.852008185999978],[116.88730938100002,-8.843006651999929],[116.87738790600008,-8.841112774999942],[116.85565285100006,-8.832258894999939],[116.84966245200008,-8.831388026999946],[116.85143515900006,-8.824083792999943],[116.85949537500005,-8.81407552199994],[116.85268758300003,-8.801805785999932],[116.85189326900002,-8.797287064999978],[116.85377609500006,-8.788397933999931],[116.86048657000003,-8.773147635999976],[116.86034161200007,-8.764204512999981],[116.86522110900012,-8.76357657699998],[116.86519542200006,-8.766034157999968],[116.86788887000012,-8.766274148999969],[116.86776828000006,-8.763655429999972],[116.87167119100002,-8.76178299299994],[116.87264637400006,-8.759560179999937],[116.87567185800003,-8.760265490999927],[116.88664394500006,-8.756580920999966],[116.89546103200007,-8.757307624999953],[116.89472689900003,-8.75258710099996],[116.90390426300007,-8.745295821999946],[116.90983081200011,-8.746659156999954],[116.91167908000011,-8.75837559599995],[116.91955146500004,-8.768625821999933],[116.92351315300004,-8.77122385499996],[116.92370468000001,-8.77365107199995],[116.93121966800004,-8.779476497999951],[116.93661032000011,-8.785801503999949],[116.95338772200012,-8.786968419999937],[116.9659406720001,-8.785886890999961],[116.98191401600002,-8.78227852799995],[116.9932081280001,-8.775128348999942],[117.00000000000011,-8.780705567999973],[117.00828965300002,-8.790889442999969],[117.01079906900009,-8.799845292999976],[117.02093493200005,-8.803854686999955],[117.02411464700003,-8.810933691999935],[117.04038823000008,-8.828233220999948],[117.02870017900011,-8.829548813999963],[117.02358634900008,-8.832824615999925],[117.01428070000009,-8.831338719999962],[117.00041134100002,-8.838719497999932],[116.9903714290001,-8.841610318999926],[116.98451501200009,-8.845898517999956],[116.96990721100008,-8.852002263999964],[116.95274329600011,-8.866045328999974],[116.94709756400005,-8.87333621199997],[116.94676811400006,-8.87394743699997]]]}},{"type":"Feature","properties":{"kode_kec":"52.07.08","kecamatan":"Maluk","kab_kota":"Sumbawa Barat"},"geometry":{"type":"Polygon","coordinates":[[[116.76001280000003,-8.945261899999934],[116.7516538000001,-8.952574699999957],[116.74813480000012,-8.953168199999936],[116.74452990000009,-8.952023599999961],[116.74319950000006,-8.946427699999958],[116.73989500000005,-8.948801699999933],[116.7360730260001,-8.948173038999926],[116.73714502000007,-8.947081022999953],[116.73534596900004,-8.942759993999971],[116.73646298100005,-8.941422036999938],[116.7346930220001,-8.93809496199998],[116.73705200600011,-8.935060028999942],[116.73591603400007,-8.933802037999953],[116.74091000700002,-8.933535980999977],[116.74310300100001,-8.93220996499997],[116.74592198500011,-8.92816597899997],[116.75059802900012,-8.926210029999936],[116.75170601000002,-8.922427998999979],[116.7432359710001,-8.915174024999942],[116.73441397500005,-8.916035973999954],[116.72844399900009,-8.91183399099998],[116.72525297300001,-8.911219965999976],[116.72635500500007,-8.906038032999959],[116.7307900290001,-8.90593500999995],[116.73250397300001,-8.903215959999955],[116.73266502900003,-8.901109008999981],[116.72972201900006,-8.898167029999968],[116.72964002700007,-8.894818000999976],[116.7319790040001,-8.893791025999974],[116.73192102100006,-8.891741974999945],[116.73400403500011,-8.891192011999976],[116.74112102400011,-8.89632796099994],[116.74435142300001,-8.896069392999948],[116.74386499500008,-8.898289973999965],[116.74758749000011,-8.900604645999977],[116.74950503600007,-8.899481002999948],[116.75116497200008,-8.895863019999979],[116.74932211700002,-8.89480114099996],[116.75048567400006,-8.894330006999951],[116.74950771500005,-8.89373752199998],[116.75176043400006,-8.894992413999944],[116.75223503000007,-8.893893034999962],[116.7517849620001,-8.88966303999996],[116.75011801100004,-8.887751002999948],[116.75190401400005,-8.887835031999941],[116.75350001300001,-8.891451027999949],[116.75502197000003,-8.890401027999928],[116.75363298800005,-8.891220965999935],[116.75150603100008,-8.886791992999974],[116.74517903700007,-8.886929972999951],[116.74160302300004,-8.883084958999973],[116.73832303300003,-8.883338956999978],[116.73413205600002,-8.880692127999964],[116.73504754900011,-8.880311535999965],[116.7426970140001,-8.879396137999947],[116.74676157600004,-8.880437724999979],[116.75000005100003,-8.879094083999973],[116.75848235800004,-8.882972994999932],[116.76740427100003,-8.88255131099993],[116.77521191800008,-8.877455537999936],[116.78726299400012,-8.884035334999965],[116.78759410100008,-8.885760086999937],[116.79410498400011,-8.888630123999974],[116.79157500000008,-8.889844443999948],[116.78942105200008,-8.889098927999953],[116.78855480900006,-8.890991688999975],[116.78660603000003,-8.88992806999994],[116.78603496000005,-8.89104879599995],[116.7891833330001,-8.899599999999964],[116.79015373700008,-8.906520039999975],[116.78429054300011,-8.909535855999934],[116.78275051500009,-8.912729981999973],[116.79561464400001,-8.916425496999977],[116.79551666700002,-8.917916666999929],[116.78660771700004,-8.919274093999945],[116.79096763000007,-8.924613688999955],[116.79023721200008,-8.925620797999954],[116.79196510100007,-8.92653547599997],[116.79167735500005,-8.928281048999963],[116.78736526000012,-8.93232532999997],[116.78197082000008,-8.933292553999934],[116.78298471200003,-8.936751399999935],[116.78168111900004,-8.938277983999967],[116.78185292700005,-8.940611211999965],[116.77259188900007,-8.94436940099996],[116.76024880000011,-8.945198299999959],[116.76001280000003,-8.945261899999934]]]}},{"type":"Feature","properties":{"kode_kec":"52.07.05","kecamatan":"Brang Rea","kab_kota":"Sumbawa Barat"},"geometry":{"type":"Polygon","coordinates":[[[117.05433375000007,-8.786199188999944],[117.05442338800003,-8.788949897999942],[117.0518316990001,-8.79225734399995],[117.05270668600008,-8.795296469999926],[117.04936129900011,-8.795326493999937],[117.04869623000002,-8.79254164899993],[117.04686228900005,-8.792005537999955],[117.04536569200002,-8.793287577999934],[117.0406128840001,-8.791085001999932],[117.03456631900008,-8.80031996699995],[117.03651522000007,-8.801683912999977],[117.03767035400006,-8.804699243999949],[117.04023250000012,-8.803298950999931],[117.04597083700003,-8.805380385999968],[117.04799161400001,-8.803872411999976],[117.05523681000011,-8.803308492999975],[117.05995178100011,-8.80445956799997],[117.06448364000005,-8.80811786199996],[117.06540121100011,-8.813152253999931],[117.05956864200004,-8.822128532999955],[117.0502583120001,-8.821665423999946],[117.04392151400009,-8.824612176999949],[117.04038823000008,-8.828233220999948],[117.02411464700003,-8.810933691999935],[117.02093493200005,-8.803854686999955],[117.01079906900009,-8.799845292999976],[117.00828965300002,-8.790889442999969],[117.00000000000011,-8.780705567999973],[116.9932081280001,-8.775128348999942],[116.98191401600002,-8.78227852799995],[116.9659406720001,-8.785886890999961],[116.95338772200012,-8.786968419999937],[116.93661032000011,-8.785801503999949],[116.93121966800004,-8.779476497999951],[116.92370468000001,-8.77365107199995],[116.92351315300004,-8.77122385499996],[116.91955146500004,-8.768625821999933],[116.91167908000011,-8.75837559599995],[116.90983081200011,-8.746659156999954],[116.90390426300007,-8.745295821999946],[116.89472689900003,-8.75258710099996],[116.89546103200007,-8.757307624999953],[116.88623216600001,-8.756211659999963],[116.88632091900001,-8.74813693799996],[116.88393853200012,-8.745080290999965],[116.88321932100007,-8.740899875999958],[116.88414340400004,-8.737359070999958],[116.88766750200011,-8.732682839999939],[116.8845425610001,-8.729244578999953],[116.88517499300008,-8.72629518499997],[116.8863192450001,-8.725914861999968],[116.885650252,-8.724938528999928],[116.90109808200009,-8.711299401999952],[116.90276010900004,-8.70200915199996],[116.91320645300004,-8.694470852999928],[116.91620997500002,-8.683420670999965],[116.91556689300012,-8.679233512999929],[116.9197166460001,-8.672225010999966],[116.92098637900006,-8.663051941999981],[116.91844039800003,-8.65520844799994],[116.91137907200005,-8.64382831699993],[116.90872320100004,-8.641848058999926],[116.92229029900011,-8.625004454999953],[116.92386339200004,-8.621395709999945],[116.93152650800005,-8.614233300999956],[116.9346585510001,-8.600698013999931],[116.93463641200003,-8.605106080999974],[116.93872395900007,-8.607200832999979],[116.94768126000008,-8.607381647999944],[116.95068759100002,-8.603400500999953],[116.95663153800001,-8.605966763999959],[116.96099846800007,-8.605029083999966],[116.96318538300011,-8.60977300299993],[116.96767834600007,-8.61151784699996],[116.97309238000003,-8.617903141999932],[116.97601745700001,-8.615716993999968],[116.9834812250001,-8.618087706999972],[116.98486405800008,-8.615096221999977],[116.98714856700008,-8.613839857999949],[116.99058279400003,-8.616043807999972],[116.99529939700005,-8.615531705999956],[116.99663888700002,-8.62003426299998],[116.99968302900004,-8.621887319999928],[117.0037706600001,-8.621578752999937],[117.0114961050001,-8.637116812999977],[117.01576747900003,-8.636660417999963],[117.01733072000002,-8.638766392999969],[117.02146712600006,-8.639843137999947],[117.01997636100009,-8.644533949999925],[117.02144351400011,-8.647573272999978],[117.02346377600009,-8.649822789999973],[117.02757621800004,-8.650181499999974],[117.0269991880001,-8.652311514999951],[117.03222481800003,-8.662925077999944],[117.03558148700006,-8.666001776999963],[117.04172851700002,-8.667948408999962],[117.0392381910001,-8.670656275999931],[117.03969444400002,-8.671527777999927],[117.04209833800007,-8.672530016999929],[117.04895985200005,-8.670100779999927],[117.05586181000001,-8.677406218999977],[117.05932773100005,-8.67751962999995],[117.06253491100006,-8.674812980999945],[117.06936885100004,-8.677976258999934],[117.0711691570001,-8.680526992999944],[117.07057553400011,-8.684723748999943],[117.07188244700001,-8.687314674999925],[117.09010815500005,-8.702878349999935],[117.09036145900006,-8.706013407999933],[117.08805290900011,-8.70821571099998],[117.08555314700004,-8.715874582999959],[117.0809349970001,-8.716354237999951],[117.08014337100008,-8.726381990999926],[117.07870066800001,-8.728966967999952],[117.0818046500001,-8.733489490999943],[117.08397100400009,-8.73995070199993],[117.08430251700008,-8.742806455999926],[117.0824315540001,-8.745889545999944],[117.0831362560001,-8.75035792999995],[117.08960727100009,-8.754604856999947],[117.090250061,-8.760436513999935],[117.0893196290001,-8.761771009999961],[117.08444105700005,-8.762087870999949],[117.081696093,-8.76613739399994],[117.07953642100006,-8.765439998999966],[117.0777130130001,-8.767115597999975],[117.074064023,-8.767065854999942],[117.07346972100004,-8.771208588999968],[117.07021331300007,-8.77175043799997],[117.07020569600002,-8.774809824999977],[117.06705006600009,-8.776518830999976],[117.06589758200005,-8.780250596999963],[117.06371264500001,-8.780801770999972],[117.06033869400005,-8.78496490799995],[117.0545546730001,-8.786010702999931],[117.05433375000007,-8.786199188999944]]]}},{"type":"Feature","properties":{"kode_kec":"52.07.06","kecamatan":"Poto Tano","kab_kota":"Sumbawa Barat"},"geometry":{"type":"MultiPolygon","coordinates":[[[[116.728001973,-8.68676202699993],[116.72545697800001,-8.688295031999928],[116.72424403000002,-8.687772990999974],[116.7242420010001,-8.686548978999951],[116.72946399900002,-8.683735007999928],[116.72806802800005,-8.68663302699997],[116.728001973,-8.68676202699993]]],[[[116.73118403300009,-8.682764972999962],[116.73041199800002,-8.683589990999963],[116.72987201000001,-8.68244300799995],[116.7310619860001,-8.68142304099996],[116.73142601300003,-8.68252296299994],[116.73118403300009,-8.682764972999962]]],[[[116.80518774900008,-8.655751958999929],[116.80364109900006,-8.652896605999956],[116.80233239600011,-8.655157093999946],[116.79787090700006,-8.653414138999949],[116.79473715600011,-8.654889701999934],[116.7912345520001,-8.663847146999956],[116.7828291830001,-8.67409009499994],[116.77889436400005,-8.671274066999956],[116.77184247100001,-8.670330112999977],[116.76755000200001,-8.67435695599994],[116.75900097500005,-8.674510002999966],[116.7519790120001,-8.667207993999966],[116.74949596400006,-8.666651022999929],[116.74617802500006,-8.663301988999933],[116.74706803000004,-8.662370030999966],[116.74913603200002,-8.663949996999975],[116.75291999500007,-8.663267971999971],[116.75974402200006,-8.658655969999927],[116.7607819750001,-8.655407981999929],[116.76411002700002,-8.653575967999927],[116.76638603000004,-8.644718954999973],[116.77046203300006,-8.640385041999934],[116.77042501500011,-8.628842984999949],[116.7740489790001,-8.621445042999937],[116.78318697200007,-8.612650024999937],[116.78522903700002,-8.608466981999982],[116.78680203600004,-8.602213998999957],[116.78600998000002,-8.59422002399998],[116.7885289730001,-8.589616974999956],[116.8019800300001,-8.581794980999973],[116.8085169850001,-8.581437991999962],[116.81749302800006,-8.578733028999977],[116.82535499900007,-8.57134702299993],[116.82848700400007,-8.566393989999938],[116.83039903200006,-8.559905998999966],[116.83334199300009,-8.557497024999975],[116.83373398000003,-8.548465975999932],[116.83262103100003,-8.543345015999932],[116.8234050100001,-8.523576957999978],[116.81912998000007,-8.517900957999927],[116.81953503200009,-8.516112987999975],[116.83138097300002,-8.515452981999942],[116.83281800600002,-8.51890702199995],[116.83085999100001,-8.52372795599996],[116.83170203200007,-8.526344533999975],[116.83456396400004,-8.53180299099995],[116.84301299200001,-8.538616030999947],[116.84666597800003,-8.536322991999953],[116.85482499400007,-8.539316979999967],[116.85953196700007,-8.536093007999966],[116.86042897700008,-8.533890980999956],[116.8685679680001,-8.530325007999977],[116.86987699800011,-8.527924954999946],[116.87258389600004,-8.528828699999963],[116.87802628000009,-8.53533879899993],[116.87639019800008,-8.536892095999974],[116.87606520000008,-8.54145485999993],[116.88255937300005,-8.545924168999932],[116.88867066600005,-8.55399045799993],[116.89547211500008,-8.556687090999958],[116.89770811200003,-8.555548329999965],[116.89949379600012,-8.556282391999957],[116.90282671000011,-8.565845355999954],[116.91075602800004,-8.572594675999937],[116.90337120600009,-8.574362771999972],[116.9026037430001,-8.576417448999962],[116.89698599300004,-8.578817409999942],[116.88777248500003,-8.580876781999962],[116.87748535100002,-8.57526726499998],[116.87593621400003,-8.576540307999949],[116.87543307900012,-8.581924931999936],[116.87280632300008,-8.58509749999996],[116.87591611300002,-8.598035970999945],[116.87158351100004,-8.602003897999964],[116.8756914820001,-8.605518105999977],[116.87078837400009,-8.613174029999925],[116.87077780100003,-8.618393874999981],[116.85991016800006,-8.619931494999946],[116.85756976000005,-8.622091420999936],[116.84796247400004,-8.623263618999943],[116.84704518000001,-8.621589884999935],[116.84353650900005,-8.62260153799997],[116.84026483500008,-8.621930842999973],[116.84129434900001,-8.625606366999932],[116.84133307200011,-8.641298713999959],[116.83603168500008,-8.645206898999959],[116.83793094600003,-8.649155014999963],[116.8422954780001,-8.65247403799998],[116.83800634900001,-8.658814585999949],[116.83725505500001,-8.66413761399997],[116.83219060500005,-8.664269470999955],[116.8239174040001,-8.659557624999934],[116.80926600400005,-8.660035144999938],[116.8055684630001,-8.656061288999979],[116.80518774900008,-8.655751958999929]]],[[[116.78898403300002,-8.528999032999934],[116.78755596300005,-8.543327990999956],[116.77988300900006,-8.553819027999964],[116.7736860340001,-8.558470992999958],[116.76898797700005,-8.559203984999954],[116.76638097500006,-8.553138012999966],[116.76908601200012,-8.548337955999955],[116.7693180220001,-8.54305702199997],[116.77263602900007,-8.537711981999962],[116.77833999400002,-8.531694997999978],[116.781679026,-8.531547041999943],[116.78344503700009,-8.53049402299996],[116.78284897600008,-8.529472959999964],[116.78720703200008,-8.527474969999957],[116.788838037,-8.528798008999956],[116.78898403300002,-8.528999032999934]]],[[[116.78958901600004,-8.525655014999927],[116.79046203000007,-8.52403400199995],[116.79217801900006,-8.52490200799997],[116.79077298900006,-8.526200972999959],[116.78956102100005,-8.525742991999948],[116.78958901600004,-8.525655014999927]]],[[[116.79281903100002,-8.51259895499993],[116.79393101100004,-8.516845975999956],[116.79045300100006,-8.518597997999962],[116.78760900100008,-8.517713001999937],[116.78687400500007,-8.515941987999952],[116.7877779690001,-8.51333399799995],[116.79076102300007,-8.511547006999933],[116.79256402200008,-8.512267015999953],[116.79281903100002,-8.51259895499993]]],[[[116.80855303400006,-8.491048999999975],[116.8087029940001,-8.491103966999958],[116.80879098000003,-8.49119200299998],[116.80880896500003,-8.491333993999945],[116.80876996800009,-8.491415003999975],[116.80866399600006,-8.491488022999931],[116.8085579850001,-8.49149095499996],[116.8083820280001,-8.49143498099994],[116.80824303000009,-8.491331997999964],[116.8082289890001,-8.491244992999953],[116.80829100300002,-8.491131979999977],[116.80838303400003,-8.491068992999942],[116.80855303400006,-8.491048999999975]]],[[[116.85737497900004,-8.502844962999973],[116.85966698200002,-8.504867009999941],[116.85667900100009,-8.50798102999994],[116.85599797700002,-8.512144023999952],[116.85101796900005,-8.518220974999963],[116.84935097400012,-8.518432039999936],[116.84153302800007,-8.509835030999966],[116.84292001000006,-8.507586034999974],[116.85037898100006,-8.503063991999966],[116.85746499000004,-8.502763966999964],[116.85737497900004,-8.502844962999973]]],[[[116.81868597700009,-8.498951034999948],[116.8196390060001,-8.499981977999937],[116.81850599800009,-8.500269033999928],[116.81850998700008,-8.499115995999944],[116.81868597700009,-8.498951034999948]]],[[[116.83193103500003,-8.499357963999955],[116.83061298000007,-8.498288998999953],[116.83086103000005,-8.496092000999965],[116.83509396600004,-8.498795004999977],[116.8353890190001,-8.501038990999973],[116.8320200070001,-8.499434961999953],[116.83193103500003,-8.499357963999955]]]]}}]}